company_id,year_normalized,cfo,cfi,cff,CFO_sign,CFI_sign,CFF_sign,capital_allocation_pattern,free_cash_flow_cr,negative_fcf_flag
ABB,2012.0,101.0,-59.0,-42.0,Positive,Negative,Negative,Self-Funded Growth,42.0,
ABB,2014.0,0.0,0.0,0.0,Neutral,Neutral,Neutral,Mixed / Neutral,0.0,
ABB,2015.0,-35.0,-1864.0,1902.0,Negative,Negative,Positive,External Funding / Potential Distress,-1899.0,0.0
ABB,2016.0,1544.0,-816.0,-722.0,Positive,Negative,Negative,Self-Funded Growth,728.0,0.0
ABB,2017.0,2189.0,-1730.0,-455.0,Positive,Negative,Negative,Self-Funded Growth,459.0,0.0
ABB,2018.0,2198.0,-3192.0,1589.0,Positive,Negative,Positive,Debt/Capital Funded Growth,-994.0,0.0
ABB,2019.0,2591.0,-3050.0,38.0,Positive,Negative,Positive,Debt/Capital Funded Growth,-459.0,0.0
ABB,2020.0,5437.0,-5643.0,1250.0,Positive,Negative,Positive,Debt/Capital Funded Growth,-206.0,1.0
ABB,2021.0,3784.0,-4009.0,-745.0,Positive,Negative,Negative,Self-Funded Growth,-225.0,1.0
ABB,2022.0,4097.0,-3936.0,-235.0,Positive,Negative,Negative,Self-Funded Growth,161.0,0.0
ABB,2023.0,3777.0,-4699.0,923.0,Positive,Negative,Positive,Debt/Capital Funded Growth,-922.0,0.0
ABB,2024.0,6038.0,-4943.0,-543.0,Positive,Negative,Negative,Self-Funded Growth,1095.0,0.0
ADANIENSOL,2014.0,0.0,0.0,0.0,Neutral,Neutral,Neutral,Mixed / Neutral,0.0,
ADANIENSOL,2015.0,-35.0,-1864.0,1902.0,Negative,Negative,Positive,External Funding / Potential Distress,-1899.0,
ADANIENSOL,2016.0,1544.0,-816.0,-722.0,Positive,Negative,Negative,Self-Funded Growth,728.0,0.0
ADANIENSOL,2017.0,2189.0,-1730.0,-455.0,Positive,Negative,Negative,Self-Funded Growth,459.0,0.0
ADANIENSOL,2018.0,2198.0,-3192.0,1589.0,Positive,Negative,Positive,Debt/Capital Funded Growth,-994.0,0.0
ADANIENSOL,2019.0,2591.0,-3050.0,38.0,Positive,Negative,Positive,Debt/Capital Funded Growth,-459.0,0.0
ADANIENSOL,2020.0,5437.0,-5643.0,1250.0,Positive,Negative,Positive,Debt/Capital Funded Growth,-206.0,1.0
ADANIENSOL,2021.0,3784.0,-4009.0,-745.0,Positive,Negative,Negative,Self-Funded Growth,-225.0,1.0
ADANIENSOL,2022.0,4097.0,-3936.0,-235.0,Positive,Negative,Negative,Self-Funded Growth,161.0,0.0
ADANIENSOL,2023.0,3777.0,-4699.0,923.0,Positive,Negative,Positive,Debt/Capital Funded Growth,-922.0,0.0
ADANIENSOL,2024.0,6038.0,-4943.0,-543.0,Positive,Negative,Negative,Self-Funded Growth,1095.0,0.0
ADANIENT,2013.0,7666.0,-14790.0,7199.0,Positive,Negative,Positive,Debt/Capital Funded Growth,-7124.0,
ADANIENT,2014.0,8228.0,-8007.0,-1109.0,Positive,Negative,Negative,Self-Funded Growth,221.0,
ADANIENT,2015.0,8532.0,-11465.0,3445.0,Positive,Negative,Positive,Debt/Capital Funded Growth,-2933.0,0.0
ADANIENT,2016.0,5112.0,-1825.0,-3448.0,Positive,Negative,Negative,Self-Funded Growth,3287.0,0.0
ADANIENT,2017.0,774.0,-1460.0,716.0,Positive,Negative,Positive,Debt/Capital Funded Growth,-686.0,0.0
ADANIENT,2018.0,2942.0,-7649.0,5120.0,Positive,Negative,Positive,Debt/Capital Funded Growth,-4707.0,0.0
ADANIENT,2019.0,3236.0,2487.0,-6158.0,Positive,Positive,Negative,Asset Monetization / Debt Reduction,5723.0,0.0
ADANIENT,2020.0,2454.0,-1082.0,-221.0,Positive,Negative,Negative,Self-Funded Growth,1372.0,0.0
ADANIENT,2021.0,4043.0,-8611.0,3109.0,Positive,Negative,Positive,Debt/Capital Funded Growth,-4568.0,0.0
ADANIENT,2022.0,1385.0,-17041.0,15901.0,Positive,Negative,Positive,Debt/Capital Funded Growth,-15656.0,0.0
ADANIENT,2023.0,17626.0,-15459.0,-1198.0,Positive,Negative,Negative,Self-Funded Growth,2167.0,0.0
ADANIENT,2024.0,10312.0,-18767.0,8879.0,Positive,Negative,Positive,Debt/Capital Funded Growth,-8455.0,0.0
ADANIGREEN,2017.0,28.0,-1511.0,1559.0,Positive,Negative,Positive,Debt/Capital Funded Growth,-1483.0,
ADANIGREEN,2018.0,649.0,-4428.0,3942.0,Positive,Negative,Positive,Debt/Capital Funded Growth,-3779.0,
ADANIGREEN,2019.0,1625.0,-2666.0,1045.0,Positive,Negative,Positive,Debt/Capital Funded Growth,-1041.0,1.0
ADANIGREEN,2020.0,1965.0,-3743.0,2161.0,Positive,Negative,Positive,Debt/Capital Funded Growth,-1778.0,1.0
ADANIGREEN,2021.0,1601.0,-9137.0,7083.0,Positive,Negative,Positive,Debt/Capital Funded Growth,-7536.0,1.0
ADANIGREEN,2022.0,3127.0,-18730.0,15986.0,Positive,Negative,Positive,Debt/Capital Funded Growth,-15603.0,1.0
ADANIGREEN,2023.0,7265.0,-3857.0,-2973.0,Positive,Negative,Negative,Self-Funded Growth,3408.0,0.0
ADANIGREEN,2024.0,7713.0,-21060.0,13953.0,Positive,Negative,Positive,Debt/Capital Funded Growth,-13347.0,0.0
ADANIPORTS,2013.0,1379.0,-5136.0,4138.0,Positive,Negative,Positive,Debt/Capital Funded Growth,-3757.0,
ADANIPORTS,2014.0,1132.0,-2510.0,772.0,Positive,Negative,Positive,Debt/Capital Funded Growth,-1378.0,
ADANIPORTS,2015.0,3057.0,-2485.0,-237.0,Positive,Negative,Negative,Self-Funded Growth,572.0,0.0
ADANIPORTS,2016.0,2381.0,-4153.0,2170.0,Positive,Negative,Positive,Debt/Capital Funded Growth,-1772.0,0.0
ADANIPORTS,2017.0,4063.0,-2629.0,-1325.0,Positive,Negative,Negative,Self-Funded Growth,1434.0,0.0
ADANIPORTS,2018.0,5608.0,-3846.0,-1889.0,Positive,Negative,Negative,Self-Funded Growth,1762.0,0.0
ADANIPORTS,2019.0,6029.0,-4368.0,2313.0,Positive,Negative,Positive,Debt/Capital Funded Growth,1661.0,0.0
ADANIPORTS,2020.0,7402.0,-749.0,-4256.0,Positive,Negative,Negative,Self-Funded Growth,6653.0,0.0
ADANIPORTS,2021.0,7556.0,-14064.0,3514.0,Positive,Negative,Positive,Debt/Capital Funded Growth,-6508.0,0.0
ADANIPORTS,2022.0,10420.0,-5493.0,-586.0,Positive,Negative,Negative,Self-Funded Growth,4927.0,0.0
ADANIPORTS,2023.0,11900.0,-16716.0,-2734.0,Positive,Negative,Negative,Self-Funded Growth,-4816.0,0.0
ADANIPORTS,2024.0,15018.0,-6768.0,-7800.0,Positive,Negative,Negative,Self-Funded Growth,8250.0,0.0
ADANIPOWER,2013.0,3001.0,-4064.0,861.0,Positive,Negative,Positive,Debt/Capital Funded Growth,-1063.0,
ADANIPOWER,2014.0,3238.0,-4700.0,1631.0,Positive,Negative,Positive,Debt/Capital Funded Growth,-1462.0,
ADANIPOWER,2015.0,5824.0,-4737.0,-1144.0,Positive,Negative,Negative,Self-Funded Growth,1087.0,0.0
ADANIPOWER,2016.0,5257.0,-2692.0,-2713.0,Positive,Negative,Negative,Self-Funded Growth,2565.0,0.0
ADANIPOWER,2017.0,4725.0,-1212.0,-3539.0,Positive,Negative,Negative,Self-Funded Growth,3513.0,0.0
ADANIPOWER,2018.0,5101.0,-520.0,-4600.0,Positive,Negative,Negative,Self-Funded Growth,4581.0,0.0
ADANIPOWER,2019.0,5610.0,-984.0,-4663.0,Positive,Negative,Negative,Self-Funded Growth,4626.0,0.0
ADANIPOWER,2020.0,5598.0,-2304.0,-2377.0,Positive,Negative,Negative,Self-Funded Growth,3294.0,0.0
ADANIPOWER,2021.0,7014.0,-2188.0,-5655.0,Positive,Negative,Negative,Self-Funded Growth,4826.0,0.0
ADANIPOWER,2022.0,10233.0,774.0,-10338.0,Positive,Positive,Negative,Asset Monetization / Debt Reduction,11007.0,0.0
ADANIPOWER,2023.0,8431.0,1545.0,-10408.0,Positive,Positive,Negative,Asset Monetization / Debt Reduction,9976.0,0.0
ADANIPOWER,2024.0,14170.0,3481.0,-16864.0,Positive,Positive,Negative,Asset Monetization / Debt Reduction,17651.0,0.0
AMBUJACEM,2012.0,1860.0,-388.0,-509.0,Positive,Negative,Negative,Self-Funded Growth,1472.0,
AMBUJACEM,2013.0,1267.0,-496.0,-672.0,Positive,Negative,Negative,Self-Funded Growth,771.0,
AMBUJACEM,2014.0,1675.0,-456.0,-721.0,Positive,Negative,Negative,Self-Funded Growth,1219.0,0.0
AMBUJACEM,2015.0,1557.0,-83.0,-900.0,Positive,Negative,Negative,Self-Funded Growth,1474.0,0.0
AMBUJACEM,2016.0,2810.0,-4165.0,-958.0,Positive,Negative,Negative,Self-Funded Growth,-1355.0,0.0
AMBUJACEM,2017.0,3416.0,-738.0,-1015.0,Positive,Negative,Negative,Self-Funded Growth,2678.0,0.0
AMBUJACEM,2018.0,1703.0,-765.0,-719.0,Positive,Negative,Negative,Self-Funded Growth,938.0,0.0
AMBUJACEM,2019.0,4739.0,-1191.0,-629.0,Positive,Negative,Negative,Self-Funded Growth,3548.0,0.0
AMBUJACEM,2020.0,4832.0,-1317.0,-3956.0,Positive,Negative,Negative,Self-Funded Growth,3515.0,0.0
AMBUJACEM,2021.0,5309.0,-2007.0,-516.0,Positive,Negative,Negative,Self-Funded Growth,3302.0,0.0
AMBUJACEM,2023.0,735.0,-14481.0,2931.0,Positive,Negative,Positive,Debt/Capital Funded Growth,-13746.0,0.0
AMBUJACEM,2024.0,5646.0,-8941.0,5689.0,Positive,Negative,Positive,Debt/Capital Funded Growth,-3295.0,0.0
APOLLOHOSP,2013.0,443.0,-733.0,373.0,Positive,Negative,Positive,Debt/Capital Funded Growth,-290.0,
APOLLOHOSP,2014.0,373.0,-356.0,-63.0,Positive,Negative,Negative,Self-Funded Growth,17.0,
APOLLOHOSP,2015.0,470.0,-759.0,392.0,Positive,Negative,Positive,Debt/Capital Funded Growth,-289.0,0.0
APOLLOHOSP,2016.0,597.0,-888.0,330.0,Positive,Negative,Positive,Debt/Capital Funded Growth,-291.0,0.0
APOLLOHOSP,2017.0,623.0,-1152.0,477.0,Positive,Negative,Positive,Debt/Capital Funded Growth,-529.0,1.0
APOLLOHOSP,2018.0,537.0,-405.0,-108.0,Positive,Negative,Negative,Self-Funded Growth,132.0,0.0
APOLLOHOSP,2019.0,905.0,-711.0,-215.0,Positive,Negative,Negative,Self-Funded Growth,194.0,0.0
APOLLOHOSP,2020.0,1293.0,-289.0,-910.0,Positive,Negative,Negative,Self-Funded Growth,1004.0,0.0
APOLLOHOSP,2021.0,1265.0,-880.0,-340.0,Positive,Negative,Negative,Self-Funded Growth,385.0,0.0
APOLLOHOSP,2022.0,1696.0,-747.0,-792.0,Positive,Negative,Negative,Self-Funded Growth,949.0,0.0
APOLLOHOSP,2023.0,1377.0,-857.0,-633.0,Positive,Negative,Negative,Self-Funded Growth,520.0,0.0
APOLLOHOSP,2024.0,1920.0,-1537.0,-311.0,Positive,Negative,Negative,Self-Funded Growth,383.0,0.0
ASIANPAINT,2013.0,1187.0,-463.0,-601.0,Positive,Negative,Negative,Self-Funded Growth,724.0,
ASIANPAINT,2014.0,1402.0,-586.0,-626.0,Positive,Negative,Negative,Self-Funded Growth,816.0,
ASIANPAINT,2015.0,1188.0,-465.0,-576.0,Positive,Negative,Negative,Self-Funded Growth,723.0,0.0
ASIANPAINT,2016.0,2243.0,-866.0,-849.0,Positive,Negative,Negative,Self-Funded Growth,1377.0,0.0
ASIANPAINT,2017.0,1527.0,-681.0,-756.0,Positive,Negative,Negative,Self-Funded Growth,846.0,0.0
ASIANPAINT,2018.0,2113.0,-1556.0,-1379.0,Positive,Negative,Negative,Self-Funded Growth,557.0,0.0
ASIANPAINT,2019.0,2470.0,-918.0,-1117.0,Positive,Negative,Negative,Self-Funded Growth,1552.0,0.0
ASIANPAINT,2020.0,3038.0,-518.0,-2871.0,Positive,Negative,Negative,Self-Funded Growth,2520.0,0.0
ASIANPAINT,2021.0,3683.0,-541.0,-650.0,Positive,Negative,Negative,Self-Funded Growth,3142.0,0.0
ASIANPAINT,2022.0,986.0,-317.0,-1808.0,Positive,Negative,Negative,Self-Funded Growth,669.0,0.0
ASIANPAINT,2023.0,4193.0,-1282.0,-2140.0,Positive,Negative,Negative,Self-Funded Growth,2911.0,0.0
ASIANPAINT,2024.0,6104.0,-2548.0,-2982.0,Positive,Negative,Negative,Self-Funded Growth,3556.0,0.0
ATGL,2018.0,,,,Neutral,Neutral,Neutral,Mixed / Neutral,0.0,
ATGL,2019.0,,,,Neutral,Neutral,Neutral,Mixed / Neutral,0.0,
ATGL,2020.0,,,,Neutral,Neutral,Neutral,Mixed / Neutral,0.0,0.0
ATGL,2021.0,,,,Neutral,Neutral,Neutral,Mixed / Neutral,0.0,0.0
ATGL,2022.0,,,,Neutral,Neutral,Neutral,Mixed / Neutral,0.0,0.0
ATGL,2023.0,,,,Neutral,Neutral,Neutral,Mixed / Neutral,0.0,0.0
ATGL,2024.0,,,,Neutral,Neutral,Neutral,Mixed / Neutral,0.0,0.0
AXISBANK,2013.0,2573.0,-10939.0,14931.0,Positive,Negative,Positive,Debt/Capital Funded Growth,-8366.0,
AXISBANK,2014.0,14464.0,-14166.0,7785.0,Positive,Negative,Positive,Debt/Capital Funded Growth,298.0,
AXISBANK,2015.0,-15162.0,-7972.0,31045.0,Negative,Negative,Positive,External Funding / Potential Distress,-23134.0,0.0
AXISBANK,2016.0,-34495.0,9211.0,22495.0,Negative,Positive,Positive,External Funding / Potential Distress,-25284.0,0.0
AXISBANK,2017.0,32209.0,-12458.0,-2487.0,Positive,Negative,Negative,Self-Funded Growth,19751.0,0.0
AXISBANK,2018.0,-38390.0,-10007.0,41342.0,Negative,Negative,Positive,External Funding / Potential Distress,-48397.0,0.0
AXISBANK,2019.0,37125.0,-18674.0,5643.0,Positive,Negative,Positive,Debt/Capital Funded Growth,18451.0,0.0
AXISBANK,2020.0,30416.0,-9485.0,8865.0,Positive,Negative,Positive,Debt/Capital Funded Growth,20931.0,0.0
AXISBANK,2021.0,12633.0,-54288.0,7279.0,Positive,Negative,Positive,Debt/Capital Funded Growth,-41655.0,0.0
AXISBANK,2022.0,28137.0,-27112.0,47894.0,Positive,Negative,Positive,Debt/Capital Funded Growth,1025.0,0.0
AXISBANK,2023.0,22075.0,-32351.0,6641.0,Positive,Negative,Positive,Debt/Capital Funded Growth,-10276.0,0.0
AXISBANK,2024.0,-5555.0,-9001.0,22341.0,Negative,Negative,Positive,External Funding / Potential Distress,-14556.0,0.0
BAJAJ-AUTO,2013.0,2218.0,-1394.0,-1445.0,Positive,Negative,Negative,Self-Funded Growth,824.0,
BAJAJ-AUTO,2014.0,3502.0,-2072.0,-1496.0,Positive,Negative,Negative,Self-Funded Growth,1430.0,
BAJAJ-AUTO,2015.0,2114.0,-380.0,-1644.0,Positive,Negative,Negative,Self-Funded Growth,1734.0,0.0
BAJAJ-AUTO,2016.0,3690.0,-68.0,-3384.0,Positive,Negative,Negative,Self-Funded Growth,3622.0,0.0
BAJAJ-AUTO,2017.0,3267.0,-3610.0,-190.0,Positive,Negative,Negative,Self-Funded Growth,-343.0,0.0
BAJAJ-AUTO,2018.0,4328.0,-1954.0,-1885.0,Positive,Negative,Negative,Self-Funded Growth,2374.0,0.0
BAJAJ-AUTO,2019.0,2487.0,-273.0,-2074.0,Positive,Negative,Negative,Self-Funded Growth,2214.0,0.0
BAJAJ-AUTO,2020.0,3850.0,1766.0,-6247.0,Positive,Positive,Negative,Asset Monetization / Debt Reduction,5616.0,0.0
BAJAJ-AUTO,2021.0,3120.0,-2869.0,-20.0,Positive,Negative,Negative,Self-Funded Growth,251.0,0.0
BAJAJ-AUTO,2022.0,4197.0,276.0,-4056.0,Positive,Positive,Negative,Asset Monetization / Debt Reduction,4473.0,0.0
BAJAJ-AUTO,2023.0,5277.0,1211.0,-7181.0,Positive,Positive,Negative,Asset Monetization / Debt Reduction,6488.0,0.0
BAJAJ-AUTO,2024.0,6558.0,-72.0,-6167.0,Positive,Negative,Negative,Self-Funded Growth,6486.0,0.0
BAJAJFINSV,2013.0,-6922.0,2953.0,4592.0,Negative,Positive,Positive,External Funding / Potential Distress,-3969.0,
BAJAJFINSV,2014.0,-9807.0,3764.0,6521.0,Negative,Positive,Positive,External Funding / Potential Distress,-6043.0,
BAJAJFINSV,2015.0,-10731.0,3709.0,6839.0,Negative,Positive,Positive,External Funding / Potential Distress,-7022.0,1.0
BAJAJFINSV,2016.0,-9795.0,-886.0,11602.0,Negative,Negative,Positive,External Funding / Potential Distress,-10681.0,1.0
BAJAJFINSV,2017.0,-10922.0,151.0,12513.0,Negative,Positive,Positive,External Funding / Potential Distress,-10771.0,1.0
BAJAJFINSV,2018.0,-19580.0,-922.0,19590.0,Negative,Negative,Positive,External Funding / Potential Distress,-20502.0,1.0
BAJAJFINSV,2019.0,-27076.0,-6903.0,34535.0,Negative,Negative,Positive,External Funding / Potential Distress,-33979.0,1.0
BAJAJFINSV,2020.0,-23369.0,-9948.0,34479.0,Negative,Negative,Positive,External Funding / Potential Distress,-33317.0,1.0
BAJAJFINSV,2021.0,4547.0,-3684.0,1687.0,Positive,Negative,Positive,Debt/Capital Funded Growth,863.0,0.0
BAJAJFINSV,2022.0,-33670.0,1445.0,32326.0,Negative,Positive,Positive,External Funding / Potential Distress,-32225.0,0.0
BAJAJFINSV,2023.0,-39480.0,-13945.0,51016.0,Negative,Negative,Positive,External Funding / Potential Distress,-53425.0,0.0
BAJAJFINSV,2024.0,-68674.0,-10960.0,82709.0,Negative,Negative,Positive,External Funding / Potential Distress,-79634.0,1.0
BAJAJHLDNG,2013.0,473.0,-369.0,-332.0,Positive,Negative,Negative,Self-Funded Growth,104.0,
BAJAJHLDNG,2014.0,872.0,-519.0,-326.0,Positive,Negative,Negative,Self-Funded Growth,353.0,
BAJAJHLDNG,2015.0,796.0,-464.0,-391.0,Positive,Negative,Negative,Self-Funded Growth,332.0,0.0
BAJAJHLDNG,2016.0,1147.0,1019.0,-761.0,Positive,Positive,Negative,Asset Monetization / Debt Reduction,2166.0,0.0
BAJAJHLDNG,2017.0,-923.0,-372.0,-110.0,Negative,Negative,Negative,Cash Burn,-1295.0,0.0
BAJAJHLDNG,2018.0,1631.0,-1123.0,-434.0,Positive,Negative,Negative,Self-Funded Growth,508.0,0.0
BAJAJHLDNG,2019.0,628.0,-163.0,-536.0,Positive,Negative,Negative,Self-Funded Growth,465.0,0.0
BAJAJHLDNG,2020.0,1920.0,-800.0,-1028.0,Positive,Negative,Negative,Self-Funded Growth,1120.0,0.0
BAJAJHLDNG,2021.0,272.0,-308.0,-37.0,Positive,Negative,Negative,Self-Funded Growth,-36.0,0.0
BAJAJHLDNG,2022.0,1610.0,-151.0,-1460.0,Positive,Negative,Negative,Self-Funded Growth,1459.0,0.0
BAJAJHLDNG,2023.0,1728.0,-137.0,-1587.0,Positive,Negative,Negative,Self-Funded Growth,1591.0,0.0
BAJAJHLDNG,2024.0,1941.0,-472.0,-1455.0,Positive,Negative,Negative,Self-Funded Growth,1469.0,0.0
BAJFINANCE,2015.0,-7064.0,-360.0,6867.0,Negative,Negative,Positive,External Funding / Potential Distress,-7424.0,
BAJFINANCE,2016.0,-9870.0,-687.0,11656.0,Negative,Negative,Positive,External Funding / Potential Distress,-10557.0,
BAJFINANCE,2017.0,-10439.0,-3047.0,12513.0,Negative,Negative,Positive,External Funding / Potential Distress,-13486.0,1.0
BAJFINANCE,2018.0,-20566.0,1075.0,19503.0,Negative,Positive,Positive,External Funding / Potential Distress,-19491.0,1.0
BAJFINANCE,2019.0,-29062.0,-5379.0,34449.0,Negative,Negative,Positive,External Funding / Potential Distress,-34441.0,1.0
BAJFINANCE,2020.0,-24412.0,-8758.0,34167.0,Negative,Negative,Positive,External Funding / Potential Distress,-33170.0,1.0
BAJFINANCE,2021.0,-807.0,-429.0,1741.0,Negative,Negative,Positive,External Funding / Potential Distress,-1236.0,1.0
BAJFINANCE,2022.0,-37090.0,6347.0,32275.0,Negative,Positive,Positive,External Funding / Potential Distress,-30743.0,1.0
BAJFINANCE,2023.0,-42112.0,-10394.0,50675.0,Negative,Negative,Positive,External Funding / Potential Distress,-52506.0,1.0
BAJFINANCE,2024.0,-72760.0,-7171.0,82415.0,Negative,Negative,Positive,External Funding / Potential Distress,-79931.0,1.0
BANKBARODA,2013.0,23196.0,-514.0,-790.0,Positive,Negative,Negative,Self-Funded Growth,22682.0,
BANKBARODA,2014.0,42233.0,-730.0,5151.0,Positive,Negative,Positive,Debt/Capital Funded Growth,41503.0,
BANKBARODA,2015.0,17838.0,-556.0,-6.0,Positive,Negative,Negative,Self-Funded Growth,17282.0,0.0
BANKBARODA,2016.0,-10011.0,-4005.0,-616.0,Negative,Negative,Negative,Cash Burn,-14016.0,0.0
BANKBARODA,2017.0,17865.0,-551.0,-198.0,Positive,Negative,Negative,Self-Funded Growth,17314.0,0.0
BANKBARODA,2018.0,-59692.0,-414.0,3413.0,Negative,Negative,Positive,External Funding / Potential Distress,-60106.0,0.0
BANKBARODA,2019.0,-1449.0,-2537.0,4449.0,Negative,Negative,Positive,External Funding / Potential Distress,-3986.0,0.0
BANKBARODA,2020.0,18531.0,-139.0,14729.0,Positive,Negative,Positive,Debt/Capital Funded Growth,18392.0,0.0
BANKBARODA,2021.0,-887.0,-471.0,-986.0,Negative,Negative,Negative,Cash Burn,-1358.0,0.0
BANKBARODA,2022.0,6210.0,-3645.0,-998.0,Positive,Negative,Negative,Self-Funded Growth,2565.0,0.0
BANKBARODA,2023.0,-21354.0,-1096.0,-5405.0,Negative,Negative,Negative,Cash Burn,-22450.0,0.0
BANKBARODA,2024.0,-6274.0,-1285.0,5476.0,Negative,Negative,Positive,External Funding / Potential Distress,-7559.0,0.0
BEL,2013.0,-1539.0,1753.0,-158.0,Negative,Positive,Negative,Asset Sale / Funding Dependence,214.0,
BEL,2014.0,-569.0,759.0,-213.0,Negative,Positive,Negative,Asset Sale / Funding Dependence,190.0,
BEL,2015.0,1434.0,-839.0,-209.0,Positive,Negative,Negative,Self-Funded Growth,595.0,0.0
BEL,2016.0,2260.0,-1470.0,-318.0,Positive,Negative,Negative,Self-Funded Growth,790.0,0.0
BEL,2017.0,-61.0,3115.0,-2857.0,Negative,Positive,Negative,Asset Sale / Funding Dependence,3054.0,0.0
BEL,2018.0,-687.0,-6.0,-1202.0,Negative,Negative,Negative,Cash Burn,-693.0,0.0
BEL,2019.0,1514.0,-896.0,-663.0,Positive,Negative,Negative,Self-Funded Growth,618.0,0.0
BEL,2020.0,2570.0,-649.0,-1061.0,Positive,Negative,Negative,Self-Funded Growth,1921.0,0.0
BEL,2021.0,5093.0,-2595.0,-1076.0,Positive,Negative,Negative,Self-Funded Growth,2498.0,0.0
BEL,2022.0,4207.0,-4872.0,-1078.0,Positive,Negative,Negative,Self-Funded Growth,-665.0,0.0
BEL,2023.0,1199.0,2708.0,-1262.0,Positive,Positive,Negative,Asset Monetization / Debt Reduction,3907.0,0.0
BEL,2024.0,4659.0,-5924.0,-1475.0,Positive,Negative,Negative,Self-Funded Growth,-1265.0,0.0
BHARTIARTL,2013.0,22608.0,-18676.0,-4566.0,Positive,Negative,Negative,Self-Funded Growth,3932.0,
BHARTIARTL,2014.0,26233.0,-25181.0,2774.0,Positive,Negative,Positive,Debt/Capital Funded Growth,1052.0,
BHARTIARTL,2015.0,28059.0,-22301.0,-9672.0,Positive,Negative,Negative,Self-Funded Growth,5758.0,0.0
BHARTIARTL,2016.0,27942.0,-14091.0,-11946.0,Positive,Negative,Negative,Self-Funded Growth,13851.0,0.0
BHARTIARTL,2017.0,28280.0,-30680.0,-351.0,Positive,Negative,Negative,Self-Funded Growth,-2400.0,0.0
BHARTIARTL,2018.0,29854.0,-27940.0,1920.0,Positive,Negative,Positive,Debt/Capital Funded Growth,1914.0,0.0
BHARTIARTL,2019.0,20070.0,-28286.0,9464.0,Positive,Negative,Positive,Debt/Capital Funded Growth,-8216.0,0.0
BHARTIARTL,2020.0,18129.0,-29598.0,19144.0,Positive,Negative,Positive,Debt/Capital Funded Growth,-11469.0,0.0
BHARTIARTL,2021.0,48205.0,-27286.0,-24910.0,Positive,Negative,Negative,Self-Funded Growth,20919.0,0.0
BHARTIARTL,2022.0,55017.0,-41478.0,-15203.0,Positive,Negative,Negative,Self-Funded Growth,13539.0,0.0
BHARTIARTL,2023.0,65325.0,-39232.0,-24470.0,Positive,Negative,Negative,Self-Funded Growth,26093.0,0.0
BHARTIARTL,2024.0,78898.0,-51089.0,-27778.0,Positive,Negative,Negative,Self-Funded Growth,27809.0,0.0
BHEL,2013.0,1759.0,-1113.0,472.0,Positive,Negative,Positive,Debt/Capital Funded Growth,646.0,
BHEL,2014.0,4512.0,-868.0,523.0,Positive,Negative,Positive,Debt/Capital Funded Growth,3644.0,
BHEL,2015.0,821.0,650.0,-3543.0,Positive,Positive,Negative,Asset Monetization / Debt Reduction,1471.0,0.0
BHEL,2016.0,374.0,23.0,-122.0,Positive,Positive,Negative,Asset Monetization / Debt Reduction,397.0,0.0
BHEL,2017.0,560.0,-565.0,-468.0,Positive,Negative,Negative,Self-Funded Growth,-5.0,0.0
BHEL,2018.0,989.0,961.0,-667.0,Positive,Positive,Negative,Asset Monetization / Debt Reduction,1950.0,0.0
BHEL,2019.0,-3860.0,1919.0,-32.0,Negative,Positive,Negative,Asset Sale / Funding Dependence,-1941.0,0.0
BHEL,2020.0,-2892.0,1877.0,1622.0,Negative,Positive,Positive,External Funding / Potential Distress,-1015.0,0.0
BHEL,2021.0,560.0,-42.0,-394.0,Positive,Negative,Negative,Self-Funded Growth,518.0,0.0
BHEL,2022.0,660.0,-1118.0,-329.0,Positive,Negative,Negative,Self-Funded Growth,-458.0,0.0
BHEL,2023.0,-741.0,1480.0,89.0,Negative,Positive,Positive,External Funding / Potential Distress,739.0,0.0
BHEL,2024.0,-3713.0,1331.0,2656.0,Negative,Positive,Positive,External Funding / Potential Distress,-2382.0,0.0
BOSCHLTD,2012.0,871.0,-824.0,-156.0,Positive,Negative,Negative,Self-Funded Growth,47.0,
BOSCHLTD,2013.0,1057.0,-846.0,-238.0,Positive,Negative,Negative,Self-Funded Growth,211.0,
BOSCHLTD,2015.0,1396.0,-1183.0,-237.0,Positive,Negative,Negative,Self-Funded Growth,213.0,0.0
BOSCHLTD,2016.0,1318.0,-995.0,-356.0,Positive,Negative,Negative,Self-Funded Growth,323.0,0.0
BOSCHLTD,2017.0,1457.0,1246.0,-2670.0,Positive,Positive,Negative,Asset Monetization / Debt Reduction,2703.0,0.0
BOSCHLTD,2018.0,1729.0,-1170.0,-325.0,Positive,Negative,Negative,Self-Funded Growth,559.0,0.0
BOSCHLTD,2019.0,593.0,1766.0,-2531.0,Positive,Positive,Negative,Asset Monetization / Debt Reduction,2359.0,0.0
BOSCHLTD,2020.0,1336.0,-873.0,-399.0,Positive,Negative,Negative,Self-Funded Growth,463.0,0.0
BOSCHLTD,2021.0,835.0,-463.0,-338.0,Positive,Negative,Negative,Self-Funded Growth,372.0,0.0
BOSCHLTD,2022.0,271.0,-33.0,-383.0,Positive,Negative,Negative,Self-Funded Growth,238.0,0.0
BOSCHLTD,2023.0,1214.0,262.0,-1239.0,Positive,Positive,Negative,Asset Monetization / Debt Reduction,1476.0,0.0
BOSCHLTD,2024.0,1253.0,283.0,-1452.0,Positive,Positive,Negative,Asset Monetization / Debt Reduction,1536.0,0.0
BPCL,2013.0,5926.0,-3604.0,-846.0,Positive,Negative,Negative,Self-Funded Growth,2322.0,
BPCL,2014.0,9588.0,-6881.0,-3736.0,Positive,Negative,Negative,Self-Funded Growth,2707.0,
BPCL,2015.0,20742.0,-10536.0,-9792.0,Positive,Negative,Negative,Self-Funded Growth,10206.0,0.0
BPCL,2016.0,11119.0,-9233.0,-1332.0,Positive,Negative,Negative,Self-Funded Growth,1886.0,0.0
BPCL,2017.0,9041.0,-15274.0,4804.0,Positive,Negative,Positive,Debt/Capital Funded Growth,-6233.0,0.0
BPCL,2018.0,11068.0,-7066.0,-4218.0,Positive,Negative,Negative,Self-Funded Growth,4002.0,0.0
BPCL,2019.0,10157.0,-10451.0,207.0,Positive,Negative,Positive,Debt/Capital Funded Growth,-294.0,0.0
BPCL,2020.0,7881.0,-11135.0,3583.0,Positive,Negative,Positive,Debt/Capital Funded Growth,-3254.0,0.0
BPCL,2021.0,23455.0,-2474.0,-13981.0,Positive,Negative,Negative,Self-Funded Growth,20981.0,0.0
BPCL,2022.0,20336.0,-8138.0,-17672.0,Positive,Negative,Negative,Self-Funded Growth,12198.0,0.0
BPCL,2023.0,12466.0,-7806.0,-4402.0,Positive,Negative,Negative,Self-Funded Growth,4660.0,0.0
BPCL,2024.0,35936.0,-10521.0,-25427.0,Positive,Negative,Negative,Self-Funded Growth,25415.0,0.0
BRITANNIA,2013.0,320.0,28.0,-378.0,Positive,Positive,Negative,Asset Monetization / Debt Reduction,348.0,
BRITANNIA,2014.0,671.0,-246.0,-357.0,Positive,Negative,Negative,Self-Funded Growth,425.0,
BRITANNIA,2015.0,584.0,-450.0,-181.0,Positive,Negative,Negative,Self-Funded Growth,134.0,0.0
BRITANNIA,2016.0,959.0,-705.0,-246.0,Positive,Negative,Negative,Self-Funded Growth,254.0,0.0
BRITANNIA,2017.0,441.0,-150.0,-295.0,Positive,Negative,Negative,Self-Funded Growth,291.0,0.0
BRITANNIA,2018.0,1249.0,-957.0,-232.0,Positive,Negative,Negative,Self-Funded Growth,292.0,0.0
BRITANNIA,2019.0,1156.0,-852.0,-353.0,Positive,Negative,Negative,Self-Funded Growth,304.0,0.0
BRITANNIA,2020.0,1485.0,-1526.0,58.0,Positive,Negative,Positive,Debt/Capital Funded Growth,-41.0,0.0
BRITANNIA,2021.0,1876.0,433.0,-2242.0,Positive,Positive,Negative,Asset Monetization / Debt Reduction,2309.0,0.0
BRITANNIA,2022.0,1300.0,914.0,-2246.0,Positive,Positive,Negative,Asset Monetization / Debt Reduction,2214.0,0.0
BRITANNIA,2023.0,2526.0,-1507.0,-1028.0,Positive,Negative,Negative,Self-Funded Growth,1019.0,0.0
BRITANNIA,2024.0,2573.0,477.0,-2830.0,Positive,Positive,Negative,Asset Monetization / Debt Reduction,3050.0,0.0
CANBK,2013.0,8010.0,-435.0,-1043.0,Positive,Negative,Negative,Self-Funded Growth,7575.0,
CANBK,2014.0,14244.0,-380.0,-3771.0,Positive,Negative,Negative,Self-Funded Growth,13864.0,
CANBK,2015.0,6344.0,-1104.0,-1464.0,Positive,Negative,Negative,Self-Funded Growth,5240.0,0.0
CANBK,2016.0,9346.0,-443.0,-806.0,Positive,Negative,Negative,Self-Funded Growth,8903.0,0.0
CANBK,2017.0,2575.0,-476.0,124.0,Positive,Negative,Positive,Debt/Capital Funded Growth,2099.0,0.0
CANBK,2018.0,-11120.0,-487.0,2865.0,Negative,Negative,Positive,External Funding / Potential Distress,-11607.0,0.0
CANBK,2019.0,18237.0,-745.0,-1185.0,Positive,Negative,Negative,Self-Funded Growth,17492.0,0.0
CANBK,2020.0,-5289.0,-445.0,7792.0,Negative,Negative,Positive,External Funding / Potential Distress,-5734.0,0.0
CANBK,2021.0,59118.0,-1116.0,290.0,Positive,Negative,Positive,Debt/Capital Funded Growth,58002.0,0.0
CANBK,2022.0,919.0,-1429.0,4035.0,Positive,Negative,Positive,Debt/Capital Funded Growth,-510.0,0.0
CANBK,2023.0,-39978.0,-1156.0,445.0,Negative,Negative,Positive,External Funding / Potential Distress,-41134.0,0.0
CANBK,2024.0,15046.0,-1750.0,-3834.0,Positive,Negative,Negative,Self-Funded Growth,13296.0,0.0
CHOLAFIN,2013.0,-3754.0,5.0,4067.0,Negative,Positive,Positive,External Funding / Potential Distress,-3749.0,
CHOLAFIN,2014.0,-2447.0,-83.0,2749.0,Negative,Negative,Positive,External Funding / Potential Distress,-2530.0,
CHOLAFIN,2015.0,-2264.0,-40.0,1819.0,Negative,Negative,Positive,External Funding / Potential Distress,-2304.0,1.0
CHOLAFIN,2016.0,-2809.0,-137.0,3031.0,Negative,Negative,Positive,External Funding / Potential Distress,-2946.0,1.0
CHOLAFIN,2017.0,-1468.0,-222.0,1692.0,Negative,Negative,Positive,External Funding / Potential Distress,-1690.0,1.0
CHOLAFIN,2018.0,-7926.0,-60.0,8009.0,Negative,Negative,Positive,External Funding / Potential Distress,-7986.0,1.0
CHOLAFIN,2019.0,-9317.0,-11.0,12191.0,Negative,Negative,Positive,External Funding / Potential Distress,-9328.0,1.0
CHOLAFIN,2020.0,-2075.0,-54.0,2452.0,Negative,Negative,Positive,External Funding / Potential Distress,-2129.0,1.0
CHOLAFIN,2021.0,-8848.0,-1746.0,8707.0,Negative,Negative,Positive,External Funding / Potential Distress,-10594.0,1.0
CHOLAFIN,2022.0,-5571.0,1640.0,5150.0,Negative,Positive,Positive,External Funding / Potential Distress,-3931.0,1.0
CHOLAFIN,2023.0,-27105.0,-2148.0,27466.0,Negative,Negative,Positive,External Funding / Potential Distress,-29253.0,1.0
CHOLAFIN,2024.0,-35683.0,-2855.0,38471.0,Negative,Negative,Positive,External Funding / Potential Distress,-38538.0,1.0
CIPLA,2013.0,1398.0,-2063.0,718.0,Positive,Negative,Positive,Debt/Capital Funded Growth,-665.0,
CIPLA,2014.0,1563.0,-1265.0,-266.0,Positive,Negative,Negative,Self-Funded Growth,298.0,
CIPLA,2015.0,1173.0,-950.0,165.0,Positive,Negative,Positive,Debt/Capital Funded Growth,223.0,0.0
CIPLA,2016.0,1741.0,-4533.0,3104.0,Positive,Negative,Positive,Debt/Capital Funded Growth,-2792.0,0.0
CIPLA,2017.0,2382.0,-1304.0,-1326.0,Positive,Negative,Negative,Self-Funded Growth,1078.0,0.0
CIPLA,2018.0,1463.0,-834.0,-385.0,Positive,Negative,Negative,Self-Funded Growth,629.0,0.0
CIPLA,2019.0,1691.0,-1688.0,-349.0,Positive,Negative,Negative,Self-Funded Growth,3.0,0.0
CIPLA,2020.0,3068.0,114.0,-2949.0,Positive,Positive,Negative,Asset Monetization / Debt Reduction,3182.0,0.0
CIPLA,2021.0,3755.0,-2374.0,-1240.0,Positive,Negative,Negative,Self-Funded Growth,1381.0,0.0
CIPLA,2022.0,3326.0,-1858.0,-1600.0,Positive,Negative,Negative,Self-Funded Growth,1468.0,0.0
CIPLA,2023.0,3238.0,-2376.0,-958.0,Positive,Negative,Negative,Self-Funded Growth,862.0,0.0
CIPLA,2024.0,4134.0,-2982.0,-1200.0,Positive,Negative,Negative,Self-Funded Growth,1152.0,0.0
COALINDIA,2013.0,9109.0,-1833.0,-7852.0,Positive,Negative,Negative,Self-Funded Growth,7276.0,
COALINDIA,2014.0,14525.0,8580.0,-25350.0,Positive,Positive,Negative,Asset Monetization / Debt Reduction,23105.0,
COALINDIA,2015.0,14382.0,894.0,-15026.0,Positive,Positive,Negative,Asset Monetization / Debt Reduction,15276.0,0.0
COALINDIA,2016.0,13154.0,8154.0,-19587.0,Positive,Positive,Negative,Asset Monetization / Debt Reduction,21308.0,0.0
COALINDIA,2017.0,16461.0,455.0,-17598.0,Positive,Positive,Negative,Asset Monetization / Debt Reduction,16916.0,0.0
COALINDIA,2018.0,21115.0,-7747.0,-13564.0,Positive,Negative,Negative,Self-Funded Growth,13368.0,0.0
COALINDIA,2019.0,16356.0,-7896.0,-10885.0,Positive,Negative,Negative,Self-Funded Growth,8460.0,0.0
COALINDIA,2020.0,4977.0,1033.0,-4791.0,Positive,Positive,Negative,Asset Monetization / Debt Reduction,6010.0,0.0
COALINDIA,2021.0,10592.0,182.0,-8453.0,Positive,Positive,Negative,Asset Monetization / Debt Reduction,10774.0,0.0
COALINDIA,2022.0,41107.0,-25715.0,-13441.0,Positive,Negative,Negative,Self-Funded Growth,15392.0,0.0
COALINDIA,2023.0,35734.0,-23465.0,-13704.0,Positive,Negative,Negative,Self-Funded Growth,12269.0,0.0
COALINDIA,2024.0,18103.0,-4486.0,-13899.0,Positive,Negative,Negative,Self-Funded Growth,13617.0,0.0
DABUR,2013.0,870.0,-622.0,-234.0,Positive,Negative,Negative,Self-Funded Growth,248.0,
DABUR,2014.0,1098.0,-104.0,-804.0,Positive,Negative,Negative,Self-Funded Growth,994.0,
DABUR,2015.0,1047.0,-876.0,-417.0,Positive,Negative,Negative,Self-Funded Growth,171.0,0.0
DABUR,2016.0,1187.0,-730.0,-374.0,Positive,Negative,Negative,Self-Funded Growth,457.0,0.0
DABUR,2017.0,1227.0,-807.0,-339.0,Positive,Negative,Negative,Self-Funded Growth,420.0,0.0
DABUR,2018.0,1092.0,-541.0,-577.0,Positive,Negative,Negative,Self-Funded Growth,551.0,0.0
DABUR,2019.0,1499.0,338.0,-1888.0,Positive,Positive,Negative,Asset Monetization / Debt Reduction,1837.0,0.0
DABUR,2020.0,1614.0,-517.0,-1043.0,Positive,Negative,Negative,Self-Funded Growth,1097.0,0.0
DABUR,2021.0,2115.0,-1404.0,-613.0,Positive,Negative,Negative,Self-Funded Growth,711.0,0.0
DABUR,2022.0,1802.0,-1273.0,-490.0,Positive,Negative,Negative,Self-Funded Growth,529.0,0.0
DABUR,2023.0,1488.0,-583.0,-1035.0,Positive,Negative,Negative,Self-Funded Growth,905.0,0.0
DABUR,2024.0,2013.0,-971.0,-1161.0,Positive,Negative,Negative,Self-Funded Growth,1042.0,0.0
DIVISLAB,2013.0,480.0,-255.0,-231.0,Positive,Negative,Negative,Self-Funded Growth,225.0,
DIVISLAB,2014.0,557.0,-305.0,-248.0,Positive,Negative,Negative,Self-Funded Growth,252.0,
DIVISLAB,2015.0,826.0,-521.0,-303.0,Positive,Negative,Negative,Self-Funded Growth,305.0,0.0
DIVISLAB,2016.0,1038.0,-406.0,-631.0,Positive,Negative,Negative,Self-Funded Growth,632.0,0.0
DIVISLAB,2017.0,1150.0,-1140.0,2.0,Positive,Negative,Positive,Debt/Capital Funded Growth,10.0,0.0
DIVISLAB,2018.0,776.0,-478.0,-314.0,Positive,Negative,Negative,Self-Funded Growth,298.0,0.0
DIVISLAB,2019.0,954.0,-685.0,-246.0,Positive,Negative,Negative,Self-Funded Growth,269.0,0.0
DIVISLAB,2020.0,1216.0,-83.0,-1091.0,Positive,Negative,Negative,Self-Funded Growth,1133.0,0.0
DIVISLAB,2021.0,1947.0,75.0,-35.0,Positive,Positive,Negative,Asset Monetization / Debt Reduction,2022.0,0.0
DIVISLAB,2022.0,1912.0,-2195.0,-532.0,Positive,Negative,Negative,Self-Funded Growth,-283.0,0.0
DIVISLAB,2023.0,2459.0,-2707.0,-797.0,Positive,Negative,Negative,Self-Funded Growth,-248.0,0.0
DIVISLAB,2024.0,1261.0,-269.0,-799.0,Positive,Negative,Negative,Self-Funded Growth,992.0,0.0
DLF,2013.0,2009.0,1995.0,-3951.0,Positive,Positive,Negative,Asset Monetization / Debt Reduction,4004.0,
DLF,2014.0,1468.0,3924.0,-4532.0,Positive,Positive,Negative,Asset Monetization / Debt Reduction,5392.0,
DLF,2015.0,2037.0,98.0,-1547.0,Positive,Positive,Negative,Asset Monetization / Debt Reduction,2135.0,0.0
DLF,2016.0,2957.0,-818.0,-1929.0,Positive,Negative,Negative,Self-Funded Growth,2139.0,0.0
DLF,2017.0,-898.0,872.0,787.0,Negative,Positive,Positive,External Funding / Potential Distress,-26.0,0.0
DLF,2018.0,270.0,-2102.0,-232.0,Positive,Negative,Negative,Self-Funded Growth,-1832.0,0.0
DLF,2019.0,2043.0,3.0,875.0,Positive,Positive,Positive,Strong Cash Generation,2046.0,0.0
DLF,2020.0,356.0,6508.0,-9522.0,Positive,Positive,Negative,Asset Monetization / Debt Reduction,6864.0,0.0
DLF,2021.0,1460.0,150.0,-2184.0,Positive,Positive,Negative,Asset Monetization / Debt Reduction,1610.0,0.0
DLF,2022.0,2832.0,267.0,-3828.0,Positive,Positive,Negative,Asset Monetization / Debt Reduction,3099.0,0.0
DLF,2023.0,2375.0,-461.0,-2013.0,Positive,Negative,Negative,Self-Funded Growth,1914.0,0.0
DLF,2024.0,2539.0,-1529.0,177.0,Positive,Negative,Positive,Debt/Capital Funded Growth,1010.0,0.0
DMART,2013.0,127.0,-231.0,118.0,Positive,Negative,Positive,Debt/Capital Funded Growth,-104.0,
DMART,2014.0,198.0,-270.0,65.0,Positive,Negative,Positive,Debt/Capital Funded Growth,-72.0,
DMART,2015.0,222.0,-474.0,234.0,Positive,Negative,Positive,Debt/Capital Funded Growth,-252.0,1.0
DMART,2016.0,433.0,-633.0,196.0,Positive,Negative,Positive,Debt/Capital Funded Growth,-200.0,1.0
DMART,2017.0,455.0,-2482.0,2025.0,Positive,Negative,Positive,Debt/Capital Funded Growth,-2027.0,1.0
DMART,2018.0,730.0,464.0,-1159.0,Positive,Positive,Negative,Asset Monetization / Debt Reduction,1194.0,0.0
DMART,2019.0,807.0,-958.0,209.0,Positive,Negative,Positive,Debt/Capital Funded Growth,-151.0,0.0
DMART,2020.0,1280.0,-4657.0,3357.0,Positive,Negative,Positive,Debt/Capital Funded Growth,-3377.0,0.0
DMART,2021.0,1375.0,-1110.0,-180.0,Positive,Negative,Negative,Self-Funded Growth,265.0,0.0
DMART,2022.0,1372.0,-1289.0,-179.0,Positive,Negative,Negative,Self-Funded Growth,83.0,0.0
DMART,2023.0,2630.0,-2313.0,-205.0,Positive,Negative,Negative,Self-Funded Growth,317.0,0.0
DMART,2024.0,2746.0,-2468.0,-148.0,Positive,Negative,Negative,Self-Funded Growth,278.0,0.0
DRREDDY,2013.0,1378.0,-1437.0,-157.0,Positive,Negative,Negative,Self-Funded Growth,-59.0,
DRREDDY,2014.0,1970.0,-1604.0,-24.0,Positive,Negative,Negative,Self-Funded Growth,366.0,
DRREDDY,2015.0,2524.0,-2370.0,-433.0,Positive,Negative,Negative,Self-Funded Growth,154.0,0.0
DRREDDY,2016.0,3263.0,-1610.0,-1700.0,Positive,Negative,Negative,Self-Funded Growth,1653.0,0.0
DRREDDY,2017.0,2144.0,-1890.0,-369.0,Positive,Negative,Negative,Self-Funded Growth,254.0,0.0
DRREDDY,2018.0,1803.0,-1483.0,-444.0,Positive,Negative,Negative,Self-Funded Growth,320.0,0.0
DRREDDY,2019.0,2870.0,-769.0,-2133.0,Positive,Negative,Negative,Self-Funded Growth,2101.0,0.0
DRREDDY,2020.0,2984.0,-495.0,-2516.0,Positive,Negative,Negative,Self-Funded Growth,2489.0,0.0
DRREDDY,2021.0,3570.0,-2255.0,-30.0,Positive,Negative,Negative,Self-Funded Growth,1315.0,0.0
DRREDDY,2022.0,2811.0,-2565.0,-242.0,Positive,Negative,Negative,Self-Funded Growth,246.0,0.0
DRREDDY,2023.0,5888.0,-4109.0,-2686.0,Positive,Negative,Negative,Self-Funded Growth,1779.0,0.0
DRREDDY,2024.0,4543.0,-4034.0,-376.0,Positive,Negative,Negative,Self-Funded Growth,509.0,0.0
EICHERMOT,2012.0,496.0,-773.0,-111.0,Positive,Negative,Negative,Self-Funded Growth,-277.0,
EICHERMOT,2013.0,716.0,-790.0,-47.0,Positive,Negative,Negative,Self-Funded Growth,-74.0,
EICHERMOT,2014.0,1047.0,-1214.0,-162.0,Positive,Negative,Negative,Self-Funded Growth,-167.0,1.0
EICHERMOT,2016.0,1463.0,-1001.0,-466.0,Positive,Negative,Negative,Self-Funded Growth,462.0,0.0
EICHERMOT,2017.0,1708.0,-1744.0,25.0,Positive,Negative,Positive,Debt/Capital Funded Growth,-36.0,0.0
EICHERMOT,2018.0,2482.0,-2145.0,-262.0,Positive,Negative,Negative,Self-Funded Growth,337.0,0.0
EICHERMOT,2019.0,1575.0,-660.0,-292.0,Positive,Negative,Negative,Self-Funded Growth,915.0,0.0
EICHERMOT,2020.0,1694.0,-1508.0,-858.0,Positive,Negative,Negative,Self-Funded Growth,186.0,0.0
EICHERMOT,2021.0,1691.0,-1625.0,-15.0,Positive,Negative,Negative,Self-Funded Growth,66.0,0.0
EICHERMOT,2022.0,1527.0,-983.0,-593.0,Positive,Negative,Negative,Self-Funded Growth,544.0,0.0
EICHERMOT,2023.0,2823.0,-2397.0,-417.0,Positive,Negative,Negative,Self-Funded Growth,426.0,0.0
EICHERMOT,2024.0,3724.0,-2834.0,-844.0,Positive,Negative,Negative,Self-Funded Growth,890.0,0.0
GAIL,2013.0,6603.0,-8626.0,3642.0,Positive,Negative,Positive,Debt/Capital Funded Growth,-2023.0,
GAIL,2014.0,4615.0,-4466.0,-3.0,Positive,Negative,Negative,Self-Funded Growth,149.0,
GAIL,2015.0,4214.0,-2809.0,-3058.0,Positive,Negative,Negative,Self-Funded Growth,1405.0,0.0
GAIL,2016.0,3960.0,-904.0,-3028.0,Positive,Negative,Negative,Self-Funded Growth,3056.0,0.0
GAIL,2017.0,6024.0,-334.0,-5275.0,Positive,Negative,Negative,Self-Funded Growth,5690.0,0.0
GAIL,2018.0,8769.0,-2660.0,-5252.0,Positive,Negative,Negative,Self-Funded Growth,6109.0,0.0
GAIL,2019.0,7984.0,-5701.0,-3364.0,Positive,Negative,Negative,Self-Funded Growth,2283.0,0.0
GAIL,2020.0,8345.0,-8299.0,281.0,Positive,Negative,Positive,Debt/Capital Funded Growth,46.0,0.0
GAIL,2021.0,8993.0,-4640.0,-3471.0,Positive,Negative,Negative,Self-Funded Growth,4353.0,0.0
GAIL,2022.0,9420.0,-5490.0,-3917.0,Positive,Negative,Negative,Self-Funded Growth,3930.0,0.0
GAIL,2023.0,3205.0,-7453.0,2972.0,Positive,Negative,Positive,Debt/Capital Funded Growth,-4248.0,0.0
GAIL,2024.0,12586.0,-8226.0,-3457.0,Positive,Negative,Negative,Self-Funded Growth,4360.0,0.0
GODREJCP,2013.0,820.0,-865.0,282.0,Positive,Negative,Positive,Debt/Capital Funded Growth,-45.0,
GODREJCP,2014.0,1116.0,-494.0,-620.0,Positive,Negative,Negative,Self-Funded Growth,622.0,
GODREJCP,2015.0,1027.0,-1236.0,-12.0,Positive,Negative,Negative,Self-Funded Growth,-209.0,0.0
GODREJCP,2016.0,847.0,-622.0,-202.0,Positive,Negative,Negative,Self-Funded Growth,225.0,0.0
GODREJCP,2017.0,1860.0,-2243.0,665.0,Positive,Negative,Positive,Debt/Capital Funded Growth,-383.0,0.0
GODREJCP,2018.0,1723.0,-336.0,-1384.0,Positive,Negative,Negative,Self-Funded Growth,1387.0,0.0
GODREJCP,2019.0,1729.0,274.0,-2039.0,Positive,Positive,Negative,Asset Monetization / Debt Reduction,2003.0,0.0
GODREJCP,2020.0,1588.0,-552.0,-1295.0,Positive,Negative,Negative,Self-Funded Growth,1036.0,0.0
GODREJCP,2021.0,2030.0,-292.0,-1816.0,Positive,Negative,Negative,Self-Funded Growth,1738.0,0.0
GODREJCP,2022.0,1451.0,-844.0,-380.0,Positive,Negative,Negative,Self-Funded Growth,607.0,0.0
GODREJCP,2023.0,2151.0,-1754.0,-794.0,Positive,Negative,Negative,Self-Funded Growth,397.0,0.0
GODREJCP,2024.0,2070.0,-3435.0,1406.0,Positive,Negative,Positive,Debt/Capital Funded Growth,-1365.0,0.0
GRASIM,2013.0,4242.0,-5687.0,1348.0,Positive,Negative,Positive,Debt/Capital Funded Growth,-1445.0,
GRASIM,2014.0,3549.0,-2336.0,-1046.0,Positive,Negative,Negative,Self-Funded Growth,1213.0,
GRASIM,2015.0,4594.0,-2359.0,-2278.0,Positive,Negative,Negative,Self-Funded Growth,2235.0,0.0
GRASIM,2016.0,5868.0,-4515.0,-1365.0,Positive,Negative,Negative,Self-Funded Growth,1353.0,0.0
GRASIM,2017.0,7288.0,-3509.0,-3799.0,Positive,Negative,Negative,Self-Funded Growth,3779.0,0.0
GRASIM,2018.0,-4140.0,1546.0,3449.0,Negative,Positive,Positive,External Funding / Potential Distress,-2594.0,0.0
GRASIM,2019.0,-1659.0,-2212.0,4158.0,Negative,Negative,Positive,External Funding / Potential Distress,-3871.0,0.0
GRASIM,2020.0,16620.0,-11364.0,-3418.0,Positive,Negative,Negative,Self-Funded Growth,5256.0,0.0
GRASIM,2021.0,15075.0,-7146.0,-8003.0,Positive,Negative,Negative,Self-Funded Growth,7929.0,0.0
GRASIM,2022.0,7038.0,-1053.0,-6733.0,Positive,Negative,Negative,Self-Funded Growth,5985.0,0.0
GRASIM,2023.0,-12685.0,-13712.0,26469.0,Negative,Negative,Positive,External Funding / Potential Distress,-26397.0,0.0
GRASIM,2024.0,-10719.0,-23114.0,33908.0,Negative,Negative,Positive,External Funding / Potential Distress,-33833.0,0.0
HAL,2013.0,,,,Neutral,Neutral,Neutral,Mixed / Neutral,0.0,
HAL,2014.0,,,,Neutral,Neutral,Neutral,Mixed / Neutral,0.0,
HAL,2015.0,,,,Neutral,Neutral,Neutral,Mixed / Neutral,0.0,0.0
HAL,2016.0,,,,Neutral,Neutral,Neutral,Mixed / Neutral,0.0,0.0
HAL,2017.0,-423.0,3021.0,-164.0,Negative,Positive,Negative,Asset Sale / Funding Dependence,2598.0,0.0
HAL,2018.0,-734.0,594.0,-2540.0,Negative,Positive,Negative,Asset Sale / Funding Dependence,-140.0,0.0
HAL,2019.0,-7694.0,5292.0,2321.0,Negative,Positive,Positive,External Funding / Potential Distress,-2402.0,0.0
HAL,2020.0,1537.0,-1334.0,64.0,Positive,Negative,Positive,Debt/Capital Funded Growth,203.0,0.0
HAL,2021.0,15124.0,-1190.0,-7070.0,Positive,Negative,Negative,Self-Funded Growth,13934.0,0.0
HAL,2022.0,10180.0,-12789.0,-1464.0,Positive,Negative,Negative,Self-Funded Growth,-2609.0,0.0
HAL,2023.0,8836.0,-5734.0,-1731.0,Positive,Negative,Negative,Self-Funded Growth,3102.0,0.0
HAL,2024.0,8226.0,-6412.0,-1999.0,Positive,Negative,Negative,Self-Funded Growth,1814.0,0.0
HAVELLS,2013.0,638.0,-144.0,-252.0,Positive,Negative,Negative,Self-Funded Growth,494.0,
HAVELLS,2014.0,868.0,-376.0,-310.0,Positive,Negative,Negative,Self-Funded Growth,492.0,
HAVELLS,2015.0,963.0,-485.0,-754.0,Positive,Negative,Negative,Self-Funded Growth,478.0,0.0
HAVELLS,2016.0,513.0,-121.0,-621.0,Positive,Negative,Negative,Self-Funded Growth,392.0,0.0
HAVELLS,2017.0,767.0,-220.0,-98.0,Positive,Negative,Negative,Self-Funded Growth,547.0,0.0
HAVELLS,2018.0,1100.0,-946.0,-409.0,Positive,Negative,Negative,Self-Funded Growth,154.0,0.0
HAVELLS,2019.0,501.0,185.0,-318.0,Positive,Positive,Negative,Asset Monetization / Debt Reduction,686.0,0.0
HAVELLS,2020.0,827.0,-548.0,-716.0,Positive,Negative,Negative,Self-Funded Growth,279.0,0.0
HAVELLS,2021.0,660.0,-763.0,190.0,Positive,Negative,Positive,Debt/Capital Funded Growth,-103.0,0.0
HAVELLS,2022.0,1728.0,-759.0,-547.0,Positive,Negative,Negative,Self-Funded Growth,969.0,0.0
HAVELLS,2023.0,565.0,31.0,-907.0,Positive,Positive,Negative,Asset Monetization / Debt Reduction,596.0,0.0
HAVELLS,2024.0,1953.0,-1618.0,-534.0,Positive,Negative,Negative,Self-Funded Growth,335.0,0.0
HCLTECH,2013.0,4492.0,-2361.0,-2086.0,Positive,Negative,Negative,Self-Funded Growth,2131.0,
HCLTECH,2014.0,6457.0,-4842.0,-1308.0,Positive,Negative,Negative,Self-Funded Growth,1615.0,
HCLTECH,2015.0,5539.0,-2088.0,-3140.0,Positive,Negative,Negative,Self-Funded Growth,3451.0,0.0
HCLTECH,2016.0,3823.0,-2208.0,-2237.0,Positive,Negative,Negative,Self-Funded Growth,1615.0,0.0
HCLTECH,2017.0,8995.0,-3890.0,-4517.0,Positive,Negative,Negative,Self-Funded Growth,5105.0,0.0
HCLTECH,2018.0,8328.0,-2236.0,-5714.0,Positive,Negative,Negative,Self-Funded Growth,6092.0,0.0
HCLTECH,2019.0,8971.0,-3256.0,-1471.0,Positive,Negative,Negative,Self-Funded Growth,5715.0,0.0
HCLTECH,2020.0,13359.0,-12332.0,-3168.0,Positive,Negative,Negative,Self-Funded Growth,1027.0,0.0
HCLTECH,2021.0,19618.0,-5665.0,-11192.0,Positive,Negative,Negative,Self-Funded Growth,13953.0,0.0
HCLTECH,2022.0,16900.0,1597.0,-14508.0,Positive,Positive,Negative,Asset Monetization / Debt Reduction,18497.0,0.0
HCLTECH,2023.0,18009.0,-3573.0,-15881.0,Positive,Negative,Negative,Self-Funded Growth,14436.0,0.0
HCLTECH,2024.0,22448.0,-6608.0,-15464.0,Positive,Negative,Negative,Self-Funded Growth,15840.0,0.0
HDFCBANK,2013.0,-5847.0,-902.0,13105.0,Negative,Negative,Positive,External Funding / Potential Distress,-6749.0,
HDFCBANK,2014.0,4211.0,-1099.0,9270.0,Positive,Negative,Positive,Debt/Capital Funded Growth,3112.0,
HDFCBANK,2015.0,-21281.0,-800.0,18694.0,Negative,Negative,Positive,External Funding / Potential Distress,-22081.0,0.0
HDFCBANK,2016.0,-34435.0,-837.0,37815.0,Negative,Negative,Positive,External Funding / Potential Distress,-35272.0,0.0
HDFCBANK,2017.0,17282.0,-1146.0,-5893.0,Positive,Negative,Negative,Self-Funded Growth,16136.0,0.0
HDFCBANK,2018.0,17214.0,-842.0,57378.0,Positive,Negative,Positive,Debt/Capital Funded Growth,16372.0,0.0
HDFCBANK,2019.0,-62872.0,-1503.0,23131.0,Negative,Negative,Positive,External Funding / Potential Distress,-64375.0,0.0
HDFCBANK,2020.0,-16869.0,-1403.0,24394.0,Negative,Negative,Positive,External Funding / Potential Distress,-18272.0,0.0
HDFCBANK,2021.0,42476.0,-1823.0,-7321.0,Positive,Negative,Negative,Self-Funded Growth,40653.0,0.0
HDFCBANK,2022.0,-11960.0,-2051.0,48124.0,Negative,Negative,Positive,External Funding / Potential Distress,-14011.0,0.0
HDFCBANK,2023.0,20814.0,-2992.0,23941.0,Positive,Negative,Positive,Debt/Capital Funded Growth,17822.0,0.0
HDFCBANK,2024.0,19069.0,16600.0,-3983.0,Positive,Positive,Negative,Asset Monetization / Debt Reduction,35669.0,0.0
HDFCLIFE,2013.0,,,,Neutral,Neutral,Neutral,Mixed / Neutral,0.0,
HDFCLIFE,2014.0,,,,Neutral,Neutral,Neutral,Mixed / Neutral,0.0,
HDFCLIFE,2015.0,4459.0,-3514.0,-168.0,Positive,Negative,Negative,Self-Funded Growth,945.0,0.0
HDFCLIFE,2016.0,5687.0,-3962.0,-212.0,Positive,Negative,Negative,Self-Funded Growth,1725.0,0.0
HDFCLIFE,2017.0,6230.0,-5177.0,-236.0,Positive,Negative,Negative,Self-Funded Growth,1053.0,0.0
HDFCLIFE,2018.0,6739.0,-4421.0,-196.0,Positive,Negative,Negative,Self-Funded Growth,2318.0,0.0
HDFCLIFE,2019.0,9868.0,-10182.0,-337.0,Positive,Negative,Negative,Self-Funded Growth,-314.0,0.0
HDFCLIFE,2020.0,7388.0,-7789.0,38.0,Positive,Negative,Positive,Debt/Capital Funded Growth,-401.0,0.0
HDFCLIFE,2021.0,9703.0,-8952.0,678.0,Positive,Negative,Positive,Debt/Capital Funded Growth,751.0,0.0
HDFCLIFE,2022.0,5943.0,-801.0,-238.0,Positive,Negative,Negative,Self-Funded Growth,5142.0,0.0
HDFCLIFE,2023.0,6883.0,-10071.0,1985.0,Positive,Negative,Positive,Debt/Capital Funded Growth,-3188.0,0.0
HDFCLIFE,2024.0,10721.0,-13614.0,-403.0,Positive,Negative,Negative,Self-Funded Growth,-2893.0,0.0
HEROMOTOCO,2014.0,2963.0,-1616.0,-1414.0,Positive,Negative,Negative,Self-Funded Growth,1347.0,
HEROMOTOCO,2015.0,2186.0,31.0,-2131.0,Positive,Positive,Negative,Asset Monetization / Debt Reduction,2217.0,
HEROMOTOCO,2016.0,3722.0,-2300.0,-1475.0,Positive,Negative,Negative,Self-Funded Growth,1422.0,0.0
HEROMOTOCO,2017.0,4007.0,-1972.0,-2036.0,Positive,Negative,Negative,Self-Funded Growth,2035.0,0.0
HEROMOTOCO,2018.0,4017.0,-1858.0,-2102.0,Positive,Negative,Negative,Self-Funded Growth,2159.0,0.0
HEROMOTOCO,2019.0,1032.0,1298.0,-2252.0,Positive,Positive,Negative,Asset Monetization / Debt Reduction,2330.0,0.0
HEROMOTOCO,2020.0,5518.0,-2819.0,-2602.0,Positive,Negative,Negative,Self-Funded Growth,2699.0,0.0
HEROMOTOCO,2021.0,4110.0,-2289.0,-1852.0,Positive,Negative,Negative,Self-Funded Growth,1821.0,0.0
HEROMOTOCO,2022.0,2104.0,-222.0,-1975.0,Positive,Negative,Negative,Self-Funded Growth,1882.0,0.0
HEROMOTOCO,2023.0,2614.0,-421.0,-2147.0,Positive,Negative,Negative,Self-Funded Growth,2193.0,0.0
HEROMOTOCO,2024.0,4923.0,-1828.0,-2717.0,Positive,Negative,Negative,Self-Funded Growth,3095.0,0.0
HINDALCO,2013.0,2977.0,-13801.0,10278.0,Positive,Negative,Positive,Debt/Capital Funded Growth,-10824.0,
HINDALCO,2014.0,7956.0,-8095.0,1493.0,Positive,Negative,Positive,Debt/Capital Funded Growth,-139.0,
HINDALCO,2015.0,7143.0,-3873.0,-2437.0,Positive,Negative,Negative,Self-Funded Growth,3270.0,0.0
HINDALCO,2016.0,11688.0,-3220.0,-8862.0,Positive,Negative,Negative,Self-Funded Growth,8468.0,0.0
HINDALCO,2017.0,12687.0,-2876.0,-5552.0,Positive,Negative,Negative,Self-Funded Growth,9811.0,0.0
HINDALCO,2018.0,10898.0,5333.0,-16412.0,Positive,Positive,Negative,Asset Monetization / Debt Reduction,16231.0,0.0
HINDALCO,2019.0,11977.0,-5456.0,-5466.0,Positive,Negative,Negative,Self-Funded Growth,6521.0,0.0
HINDALCO,2020.0,12745.0,-7227.0,6656.0,Positive,Negative,Positive,Debt/Capital Funded Growth,5518.0,0.0
HINDALCO,2021.0,17232.0,-25280.0,-4882.0,Positive,Negative,Negative,Self-Funded Growth,-8048.0,0.0
HINDALCO,2022.0,16838.0,-6773.0,-6765.0,Positive,Negative,Negative,Self-Funded Growth,10065.0,0.0
HINDALCO,2023.0,19208.0,-7559.0,-10450.0,Positive,Negative,Negative,Self-Funded Growth,11649.0,0.0
HINDALCO,2024.0,24056.0,-14267.0,-10817.0,Positive,Negative,Negative,Self-Funded Growth,9789.0,0.0
HINDUNILVR,2013.0,3605.0,63.0,-4147.0,Positive,Positive,Negative,Asset Monetization / Debt Reduction,3668.0,
HINDUNILVR,2014.0,3818.0,-475.0,-2960.0,Positive,Negative,Negative,Self-Funded Growth,3343.0,
HINDUNILVR,2015.0,3292.0,138.0,-3462.0,Positive,Positive,Negative,Asset Monetization / Debt Reduction,3430.0,0.0
HINDUNILVR,2016.0,4171.0,-282.0,-3864.0,Positive,Negative,Negative,Self-Funded Growth,3889.0,0.0
HINDUNILVR,2017.0,5185.0,-1173.0,-4214.0,Positive,Negative,Negative,Self-Funded Growth,4012.0,0.0
HINDUNILVR,2018.0,6059.0,-1063.0,-4975.0,Positive,Negative,Negative,Self-Funded Growth,4996.0,0.0
HINDUNILVR,2019.0,5800.0,-438.0,-5390.0,Positive,Negative,Negative,Self-Funded Growth,5362.0,0.0
HINDUNILVR,2020.0,7623.0,1791.0,-6819.0,Positive,Positive,Negative,Asset Monetization / Debt Reduction,9414.0,0.0
HINDUNILVR,2021.0,9163.0,-1228.0,-9309.0,Positive,Negative,Negative,Self-Funded Growth,7935.0,0.0
HINDUNILVR,2022.0,9048.0,-1728.0,-8015.0,Positive,Negative,Negative,Self-Funded Growth,7320.0,0.0
HINDUNILVR,2023.0,9991.0,-1484.0,-8953.0,Positive,Negative,Negative,Self-Funded Growth,8507.0,0.0
HINDUNILVR,2024.0,15469.0,-5324.0,-10034.0,Positive,Negative,Negative,Self-Funded Growth,10145.0,0.0
ICICIBANK,2013.0,17494.0,-18563.0,9283.0,Positive,Negative,Positive,Debt/Capital Funded Growth,-1069.0,
ICICIBANK,2014.0,6765.0,-15750.0,7872.0,Positive,Negative,Positive,Debt/Capital Funded Growth,-8985.0,
ICICIBANK,2015.0,-12273.0,-13175.0,24827.0,Negative,Negative,Positive,External Funding / Potential Distress,-25448.0,1.0
ICICIBANK,2016.0,23645.0,-12060.0,5814.0,Positive,Negative,Positive,Debt/Capital Funded Growth,11585.0,0.0
ICICIBANK,2017.0,52636.0,-1711.0,-35470.0,Positive,Negative,Negative,Self-Funded Growth,50925.0,0.0
ICICIBANK,2018.0,19383.0,-50551.0,39676.0,Positive,Negative,Positive,Debt/Capital Funded Growth,-31168.0,0.0
ICICIBANK,2019.0,48671.0,-30282.0,-19997.0,Positive,Negative,Negative,Self-Funded Growth,18389.0,0.0
ICICIBANK,2020.0,79565.0,-42095.0,2992.0,Positive,Negative,Positive,Debt/Capital Funded Growth,37470.0,0.0
ICICIBANK,2021.0,138015.0,-63631.0,-54667.0,Positive,Negative,Negative,Self-Funded Growth,74384.0,0.0
ICICIBANK,2022.0,58111.0,-39448.0,17451.0,Positive,Negative,Positive,Debt/Capital Funded Growth,18663.0,0.0
ICICIBANK,2023.0,-3771.0,-67689.0,24791.0,Negative,Negative,Positive,External Funding / Potential Distress,-71460.0,0.0
ICICIBANK,2024.0,157284.0,-144737.0,13765.0,Positive,Negative,Positive,Debt/Capital Funded Growth,12547.0,0.0
ICICIGI,2013.0,984.0,-962.0,102.0,Positive,Negative,Positive,Debt/Capital Funded Growth,22.0,
ICICIGI,2014.0,595.0,-706.0,4.0,Positive,Negative,Positive,Debt/Capital Funded Growth,-111.0,
ICICIGI,2015.0,-98.0,171.0,-93.0,Negative,Positive,Negative,Asset Sale / Funding Dependence,73.0,0.0
ICICIGI,2016.0,511.0,-310.0,-148.0,Positive,Negative,Negative,Self-Funded Growth,201.0,0.0
ICICIGI,2017.0,1628.0,-1990.0,361.0,Positive,Negative,Positive,Debt/Capital Funded Growth,-362.0,0.0
ICICIGI,2018.0,2390.0,-1896.0,-96.0,Positive,Negative,Negative,Self-Funded Growth,494.0,0.0
ICICIGI,2019.0,2976.0,-2856.0,-310.0,Positive,Negative,Negative,Self-Funded Growth,120.0,0.0
ICICIGI,2020.0,3433.0,-3382.0,-420.0,Positive,Negative,Negative,Self-Funded Growth,51.0,0.0
ICICIGI,2021.0,1774.0,-1367.0,-212.0,Positive,Negative,Negative,Self-Funded Growth,407.0,0.0
ICICIGI,2022.0,809.0,135.0,-879.0,Positive,Positive,Negative,Asset Monetization / Debt Reduction,944.0,0.0
ICICIGI,2023.0,2290.0,-1685.0,-695.0,Positive,Negative,Negative,Self-Funded Growth,605.0,0.0
ICICIGI,2024.0,2407.0,-1921.0,-355.0,Positive,Negative,Negative,Self-Funded Growth,486.0,0.0
ICICIPRULI,2013.0,-2641.0,1564.0,-514.0,Negative,Positive,Negative,Asset Sale / Funding Dependence,-1077.0,
ICICIPRULI,2014.0,-2382.0,6012.0,-1091.0,Negative,Positive,Negative,Asset Sale / Funding Dependence,3630.0,
ICICIPRULI,2015.0,523.0,-1822.0,-966.0,Positive,Negative,Negative,Self-Funded Growth,-1299.0,0.0
ICICIPRULI,2016.0,3634.0,27.0,-1442.0,Positive,Positive,Negative,Asset Monetization / Debt Reduction,3661.0,0.0
ICICIPRULI,2017.0,4130.0,-696.0,-994.0,Positive,Negative,Negative,Self-Funded Growth,3434.0,0.0
ICICIPRULI,2018.0,5690.0,-5389.0,-1188.0,Positive,Negative,Negative,Self-Funded Growth,301.0,0.0
ICICIPRULI,2019.0,11377.0,-7559.0,-843.0,Positive,Negative,Negative,Self-Funded Growth,3818.0,0.0
ICICIPRULI,2020.0,8596.0,-10797.0,-405.0,Positive,Negative,Negative,Self-Funded Growth,-2201.0,0.0
ICICIPRULI,2021.0,7314.0,-5084.0,1205.0,Positive,Negative,Positive,Debt/Capital Funded Growth,2230.0,0.0
ICICIPRULI,2022.0,1831.0,-816.0,-319.0,Positive,Negative,Negative,Self-Funded Growth,1015.0,0.0
ICICIPRULI,2023.0,89.0,-1145.0,-112.0,Positive,Negative,Negative,Self-Funded Growth,-1056.0,0.0
ICICIPRULI,2024.0,-7315.0,7420.0,-88.0,Negative,Positive,Negative,Asset Sale / Funding Dependence,105.0,0.0
INDIGO,2013.0,1741.0,-1890.0,36.0,Positive,Negative,Positive,Debt/Capital Funded Growth,-149.0,
INDIGO,2014.0,1595.0,-2914.0,1285.0,Positive,Negative,Positive,Debt/Capital Funded Growth,-1319.0,
INDIGO,2015.0,2384.0,-940.0,-1308.0,Positive,Negative,Negative,Self-Funded Growth,1444.0,0.0
INDIGO,2016.0,3116.0,-1337.0,-1220.0,Positive,Negative,Negative,Self-Funded Growth,1779.0,0.0
INDIGO,2017.0,3782.0,-3033.0,-1401.0,Positive,Negative,Negative,Self-Funded Growth,749.0,0.0
INDIGO,2018.0,3903.0,-4152.0,766.0,Positive,Negative,Positive,Debt/Capital Funded Growth,-249.0,0.0
INDIGO,2019.0,3160.0,-2526.0,-592.0,Positive,Negative,Negative,Self-Funded Growth,634.0,0.0
INDIGO,2020.0,6943.0,-4573.0,-2407.0,Positive,Negative,Negative,Self-Funded Growth,2370.0,0.0
INDIGO,2021.0,-1620.0,3228.0,-1775.0,Negative,Positive,Negative,Asset Sale / Funding Dependence,1608.0,0.0
INDIGO,2022.0,2064.0,1527.0,-3088.0,Positive,Positive,Negative,Asset Monetization / Debt Reduction,3591.0,0.0
INDIGO,2023.0,12703.0,-4039.0,-8432.0,Positive,Negative,Negative,Self-Funded Growth,8664.0,0.0
INDIGO,2024.0,21183.0,-11759.0,-9979.0,Positive,Negative,Negative,Self-Funded Growth,9424.0,0.0
INDUSINDBK,2013.0,-486.0,-174.0,1969.0,Negative,Negative,Positive,External Funding / Potential Distress,-660.0,
INDUSINDBK,2014.0,-4106.0,-174.0,4200.0,Negative,Negative,Positive,External Funding / Potential Distress,-4280.0,
INDUSINDBK,2015.0,-1421.0,-276.0,5707.0,Negative,Negative,Positive,External Funding / Potential Distress,-1697.0,1.0
INDUSINDBK,2016.0,-2927.0,-258.0,2517.0,Negative,Negative,Positive,External Funding / Potential Distress,-3185.0,1.0
INDUSINDBK,2017.0,11569.0,-285.0,-2768.0,Positive,Negative,Negative,Self-Funded Growth,11284.0,0.0
INDUSINDBK,2018.0,-20700.0,-217.0,15505.0,Negative,Negative,Positive,External Funding / Potential Distress,-20917.0,0.0
INDUSINDBK,2019.0,-6389.0,-633.0,8590.0,Negative,Negative,Positive,External Funding / Potential Distress,-7022.0,0.0
INDUSINDBK,2020.0,-12039.0,526.0,12733.0,Negative,Positive,Positive,External Funding / Potential Distress,-11513.0,1.0
INDUSINDBK,2021.0,44646.0,-226.0,-4096.0,Positive,Negative,Negative,Self-Funded Growth,44420.0,0.0
INDUSINDBK,2022.0,16600.0,-351.0,-4302.0,Positive,Negative,Negative,Self-Funded Growth,16249.0,0.0
INDUSINDBK,2023.0,-12438.0,-441.0,1115.0,Negative,Negative,Positive,External Funding / Potential Distress,-12879.0,0.0
INDUSINDBK,2024.0,-16843.0,-625.0,-2242.0,Negative,Negative,Negative,Cash Burn,-17468.0,0.0
INFY,2013.0,7373.0,-2922.0,-3210.0,Positive,Negative,Negative,Self-Funded Growth,4451.0,
INFY,2014.0,9825.0,-2563.0,-3144.0,Positive,Negative,Negative,Self-Funded Growth,7262.0,
INFY,2015.0,8353.0,999.0,-4935.0,Positive,Positive,Negative,Asset Monetization / Debt Reduction,9352.0,0.0
INFY,2016.0,10028.0,-885.0,-6813.0,Positive,Negative,Negative,Self-Funded Growth,9143.0,0.0
INFY,2017.0,11531.0,-14664.0,-6939.0,Positive,Negative,Negative,Self-Funded Growth,-3133.0,0.0
INFY,2018.0,13218.0,4533.0,-20505.0,Positive,Positive,Negative,Asset Monetization / Debt Reduction,17751.0,0.0
INFY,2019.0,14841.0,-632.0,-14512.0,Positive,Negative,Negative,Self-Funded Growth,14209.0,0.0
INFY,2020.0,17003.0,-331.0,-17591.0,Positive,Negative,Negative,Self-Funded Growth,16672.0,0.0
INFY,2021.0,23224.0,-7373.0,-9786.0,Positive,Negative,Negative,Self-Funded Growth,15851.0,0.0
INFY,2022.0,23885.0,-6485.0,-24642.0,Positive,Negative,Negative,Self-Funded Growth,17400.0,0.0
INFY,2023.0,22467.0,-1071.0,-26695.0,Positive,Negative,Negative,Self-Funded Growth,21396.0,0.0
INFY,2024.0,25210.0,-5093.0,-17504.0,Positive,Negative,Negative,Self-Funded Growth,20117.0,0.0
IOC,2013.0,9340.0,-9294.0,352.0,Positive,Negative,Positive,Debt/Capital Funded Growth,46.0,
IOC,2014.0,24195.0,-18594.0,-3116.0,Positive,Negative,Negative,Self-Funded Growth,5601.0,
IOC,2015.0,46092.0,-10215.0,-38283.0,Positive,Negative,Negative,Self-Funded Growth,35877.0,0.0
IOC,2016.0,25624.0,-13610.0,-11890.0,Positive,Negative,Negative,Self-Funded Growth,12014.0,0.0
IOC,2017.0,28216.0,-17684.0,-10937.0,Positive,Negative,Negative,Self-Funded Growth,10532.0,0.0
IOC,2018.0,29115.0,-17119.0,-12007.0,Positive,Negative,Negative,Self-Funded Growth,11996.0,0.0
IOC,2019.0,12747.0,-22569.0,10436.0,Positive,Negative,Positive,Debt/Capital Funded Growth,-9822.0,0.0
IOC,2020.0,7146.0,-29101.0,22456.0,Positive,Negative,Positive,Debt/Capital Funded Growth,-21955.0,0.0
IOC,2021.0,49650.0,-22935.0,-27369.0,Positive,Negative,Negative,Self-Funded Growth,26715.0,0.0
IOC,2022.0,25747.0,-21294.0,-4058.0,Positive,Negative,Negative,Self-Funded Growth,4453.0,0.0
IOC,2023.0,29644.0,-28030.0,-1794.0,Positive,Negative,Negative,Self-Funded Growth,1614.0,0.0
IOC,2024.0,71099.0,-31464.0,-39385.0,Positive,Negative,Negative,Self-Funded Growth,39635.0,0.0
IRCTC,2015.0,69.0,-46.0,-17.0,Positive,Negative,Negative,Self-Funded Growth,23.0,
IRCTC,2016.0,288.0,7.0,-31.0,Positive,Positive,Negative,Asset Monetization / Debt Reduction,295.0,
IRCTC,2017.0,338.0,94.0,-136.0,Positive,Positive,Negative,Asset Monetization / Debt Reduction,432.0,0.0
IRCTC,2018.0,24.0,40.0,-57.0,Positive,Positive,Negative,Asset Monetization / Debt Reduction,64.0,0.0
IRCTC,2019.0,499.0,-353.0,-179.0,Positive,Negative,Negative,Self-Funded Growth,146.0,0.0
IRCTC,2020.0,409.0,8.0,-280.0,Positive,Positive,Negative,Asset Monetization / Debt Reduction,417.0,0.0
IRCTC,2021.0,248.0,-453.0,-47.0,Positive,Negative,Negative,Self-Funded Growth,-205.0,0.0
IRCTC,2022.0,524.0,-242.0,-258.0,Positive,Negative,Negative,Self-Funded Growth,282.0,0.0
IRCTC,2023.0,812.0,-317.0,-434.0,Positive,Negative,Negative,Self-Funded Growth,495.0,0.0
IRCTC,2024.0,882.0,-215.0,-404.0,Positive,Negative,Negative,Self-Funded Growth,667.0,0.0
IRFC,2013.0,,,,Neutral,Neutral,Neutral,Mixed / Neutral,0.0,
IRFC,2014.0,,,,Neutral,Neutral,Neutral,Mixed / Neutral,0.0,
IRFC,2015.0,,,,Neutral,Neutral,Neutral,Mixed / Neutral,0.0,0.0
IRFC,2016.0,-16378.0,2.0,17582.0,Negative,Positive,Positive,External Funding / Potential Distress,-16376.0,0.0
IRFC,2017.0,-19455.0,2.0,18250.0,Negative,Positive,Positive,External Funding / Potential Distress,-19453.0,0.0
IRFC,2018.0,-28076.0,2.0,28075.0,Negative,Positive,Positive,External Funding / Potential Distress,-28074.0,1.0
IRFC,2019.0,-41748.0,1.0,41749.0,Negative,Positive,Positive,External Funding / Potential Distress,-41747.0,1.0
IRFC,2020.0,-62701.0,1.0,62697.0,Negative,Positive,Positive,External Funding / Potential Distress,-62700.0,1.0
IRFC,2021.0,-89907.0,0.0,90202.0,Negative,Neutral,Positive,External Funding / Potential Distress,-89907.0,1.0
IRFC,2022.0,-64412.0,-5.0,64266.0,Negative,Negative,Positive,External Funding / Potential Distress,-64417.0,1.0
IRFC,2023.0,-28588.0,0.0,28644.0,Negative,Neutral,Positive,External Funding / Potential Distress,-28588.0,1.0
IRFC,2024.0,7914.0,-8.0,-8046.0,Positive,Negative,Negative,Self-Funded Growth,7906.0,0.0
ITC,2013.0,7102.0,-3881.0,-3310.0,Positive,Negative,Negative,Self-Funded Growth,3221.0,
ITC,2014.0,7344.0,-3254.0,-4122.0,Positive,Negative,Negative,Self-Funded Growth,4090.0,
ITC,2015.0,9843.0,-5275.0,-4661.0,Positive,Negative,Negative,Self-Funded Growth,4568.0,0.0
ITC,2016.0,9799.0,-3921.0,-5613.0,Positive,Negative,Negative,Self-Funded Growth,5878.0,0.0
ITC,2017.0,10627.0,-3251.0,-7301.0,Positive,Negative,Negative,Self-Funded Growth,7376.0,0.0
ITC,2018.0,13169.0,-7114.0,-6221.0,Positive,Negative,Negative,Self-Funded Growth,6055.0,0.0
ITC,2019.0,12583.0,-5546.0,-6869.0,Positive,Negative,Negative,Self-Funded Growth,7037.0,0.0
ITC,2020.0,14690.0,-6174.0,-8181.0,Positive,Negative,Negative,Self-Funded Growth,8516.0,0.0
ITC,2021.0,12527.0,5740.0,-18634.0,Positive,Positive,Negative,Asset Monetization / Debt Reduction,18267.0,0.0
ITC,2022.0,15776.0,-2238.0,-13580.0,Positive,Negative,Negative,Self-Funded Growth,13538.0,0.0
ITC,2023.0,18878.0,-5732.0,-13006.0,Positive,Negative,Negative,Self-Funded Growth,13146.0,0.0
ITC,2024.0,17179.0,1563.0,-18551.0,Positive,Positive,Negative,Asset Monetization / Debt Reduction,18742.0,0.0
JINDALSTEL,2013.0,3522.0,-9591.0,6111.0,Positive,Negative,Positive,Debt/Capital Funded Growth,-6069.0,
JINDALSTEL,2014.0,4580.0,-12694.0,8879.0,Positive,Negative,Positive,Debt/Capital Funded Growth,-8114.0,
JINDALSTEL,2015.0,1182.0,-6717.0,5708.0,Positive,Negative,Positive,Debt/Capital Funded Growth,-5535.0,1.0
JINDALSTEL,2016.0,4333.0,-2262.0,-2672.0,Positive,Negative,Negative,Self-Funded Growth,2071.0,0.0
JINDALSTEL,2017.0,6850.0,-1998.0,-5108.0,Positive,Negative,Negative,Self-Funded Growth,4852.0,0.0
JINDALSTEL,2018.0,7724.0,-1431.0,-6276.0,Positive,Negative,Negative,Self-Funded Growth,6293.0,0.0
JINDALSTEL,2019.0,9027.0,-832.0,-8261.0,Positive,Negative,Negative,Self-Funded Growth,8195.0,0.0
JINDALSTEL,2020.0,8814.0,-1476.0,-7016.0,Positive,Negative,Negative,Self-Funded Growth,7338.0,0.0
JINDALSTEL,2021.0,11961.0,-1884.0,-4612.0,Positive,Negative,Negative,Self-Funded Growth,10077.0,0.0
JINDALSTEL,2022.0,16048.0,-2331.0,-15120.0,Positive,Negative,Negative,Self-Funded Growth,13717.0,0.0
JINDALSTEL,2023.0,7347.0,-4090.0,-2500.0,Positive,Negative,Negative,Self-Funded Growth,3257.0,0.0
JINDALSTEL,2024.0,6008.0,-8344.0,1381.0,Positive,Negative,Positive,Debt/Capital Funded Growth,-2336.0,0.0
JIOFIN,2023.0,2055.0,-1110.0,-889.0,Positive,Negative,Negative,Self-Funded Growth,945.0,
JIOFIN,2024.0,-678.0,1441.0,-753.0,Negative,Positive,Negative,Asset Sale / Funding Dependence,763.0,
JSWENERGY,2013.0,1725.0,-944.0,-684.0,Positive,Negative,Negative,Self-Funded Growth,781.0,
JSWENERGY,2014.0,2269.0,-363.0,-1859.0,Positive,Negative,Negative,Self-Funded Growth,1906.0,
JSWENERGY,2015.0,3394.0,-422.0,-2327.0,Positive,Negative,Negative,Self-Funded Growth,2972.0,0.0
JSWENERGY,2016.0,3538.0,-3272.0,-1622.0,Positive,Negative,Negative,Self-Funded Growth,266.0,0.0
JSWENERGY,2017.0,3853.0,-762.0,-2595.0,Positive,Negative,Negative,Self-Funded Growth,3091.0,0.0
JSWENERGY,2018.0,3934.0,-215.0,-3968.0,Positive,Negative,Negative,Self-Funded Growth,3719.0,0.0
JSWENERGY,2019.0,2491.0,-55.0,-2523.0,Positive,Negative,Negative,Self-Funded Growth,2436.0,0.0
JSWENERGY,2020.0,2082.0,301.0,-1962.0,Positive,Positive,Negative,Asset Monetization / Debt Reduction,2383.0,0.0
JSWENERGY,2021.0,3700.0,-1030.0,-2515.0,Positive,Negative,Negative,Self-Funded Growth,2670.0,0.0
JSWENERGY,2022.0,2952.0,-1387.0,-781.0,Positive,Negative,Negative,Self-Funded Growth,1565.0,0.0
JSWENERGY,2023.0,2084.0,-6778.0,7327.0,Positive,Negative,Positive,Debt/Capital Funded Growth,-4694.0,0.0
JSWENERGY,2024.0,6234.0,-8197.0,1675.0,Positive,Negative,Positive,Debt/Capital Funded Growth,-1963.0,0.0
JSWSTEEL,2013.0,5844.0,-5433.0,-791.0,Positive,Negative,Negative,Self-Funded Growth,411.0,
JSWSTEEL,2014.0,2594.0,-5618.0,3300.0,Positive,Negative,Positive,Debt/Capital Funded Growth,-3024.0,
JSWSTEEL,2015.0,7876.0,-7372.0,-169.0,Positive,Negative,Negative,Self-Funded Growth,504.0,0.0
JSWSTEEL,2016.0,6897.0,-3857.0,-3151.0,Positive,Negative,Negative,Self-Funded Growth,3040.0,0.0
JSWSTEEL,2017.0,7888.0,-5094.0,-2710.0,Positive,Negative,Negative,Self-Funded Growth,2794.0,0.0
JSWSTEEL,2018.0,12379.0,-4529.0,-8185.0,Positive,Negative,Negative,Self-Funded Growth,7850.0,0.0
JSWSTEEL,2019.0,14633.0,-11387.0,1753.0,Positive,Negative,Positive,Debt/Capital Funded Growth,3246.0,0.0
JSWSTEEL,2020.0,12785.0,-19589.0,5189.0,Positive,Negative,Positive,Debt/Capital Funded Growth,-6804.0,0.0
JSWSTEEL,2021.0,18789.0,-7702.0,-3110.0,Positive,Negative,Negative,Self-Funded Growth,11087.0,0.0
JSWSTEEL,2022.0,26270.0,-14748.0,-14657.0,Positive,Negative,Negative,Self-Funded Growth,11522.0,0.0
JSWSTEEL,2023.0,23323.0,-10730.0,-5977.0,Positive,Negative,Negative,Self-Funded Growth,12593.0,0.0
JSWSTEEL,2024.0,12078.0,-14467.0,-5005.0,Positive,Negative,Negative,Self-Funded Growth,-2389.0,0.0
KOTAKBANK,2013.0,2878.0,-9035.0,7099.0,Positive,Negative,Positive,Debt/Capital Funded Growth,-6157.0,
KOTAKBANK,2014.0,9068.0,-1130.0,-5814.0,Positive,Negative,Negative,Self-Funded Growth,7938.0,
KOTAKBANK,2015.0,2302.0,-4467.0,2426.0,Positive,Negative,Positive,Debt/Capital Funded Growth,-2165.0,0.0
KOTAKBANK,2016.0,5025.0,-2353.0,2024.0,Positive,Negative,Positive,Debt/Capital Funded Growth,2672.0,0.0
KOTAKBANK,2017.0,13222.0,-5289.0,6055.0,Positive,Negative,Positive,Debt/Capital Funded Growth,7933.0,0.0
KOTAKBANK,2018.0,-10392.0,-5475.0,14679.0,Negative,Negative,Positive,External Funding / Potential Distress,-15867.0,0.0
KOTAKBANK,2019.0,1822.0,-3323.0,8365.0,Positive,Negative,Positive,Debt/Capital Funded Growth,-1501.0,0.0
KOTAKBANK,2020.0,46619.0,-13068.0,-735.0,Positive,Negative,Negative,Self-Funded Growth,33551.0,0.0
KOTAKBANK,2021.0,4881.0,-11172.0,-10072.0,Positive,Negative,Negative,Self-Funded Growth,-6291.0,0.0
KOTAKBANK,2022.0,8308.0,-10903.0,7543.0,Positive,Negative,Positive,Debt/Capital Funded Growth,-2595.0,0.0
KOTAKBANK,2023.0,-1242.0,-10381.0,1883.0,Negative,Negative,Positive,External Funding / Potential Distress,-11623.0,1.0
KOTAKBANK,2024.0,15685.0,-8919.0,15515.0,Positive,Negative,Positive,Debt/Capital Funded Growth,6766.0,0.0
LICI,2019.0,13274.0,9636.0,-13700.0,Positive,Positive,Negative,Asset Monetization / Debt Reduction,22910.0,
LICI,2020.0,54367.0,-40415.0,-18664.0,Positive,Negative,Negative,Self-Funded Growth,13952.0,
LICI,2021.0,80602.0,148447.0,-256125.0,Positive,Positive,Negative,Asset Monetization / Debt Reduction,229049.0,0.0
LICI,2022.0,-3783.0,12531.0,0.0,Negative,Positive,Neutral,Asset Sale / Funding Dependence,8748.0,0.0
LICI,2023.0,54519.0,-52848.0,-949.0,Positive,Negative,Negative,Self-Funded Growth,1671.0,0.0
LICI,2024.0,26122.0,-25269.0,-4427.0,Positive,Negative,Negative,Self-Funded Growth,853.0,0.0
LODHA,2011.0,,,,Neutral,Neutral,Neutral,Mixed / Neutral,0.0,
LODHA,2012.0,,,,Neutral,Neutral,Neutral,Mixed / Neutral,0.0,
LODHA,2015.0,,,,Neutral,Neutral,Neutral,Mixed / Neutral,0.0,0.0
LODHA,2016.0,387.0,-854.0,330.0,Positive,Negative,Positive,Debt/Capital Funded Growth,-467.0,0.0
LODHA,2017.0,1469.0,-1174.0,-312.0,Positive,Negative,Negative,Self-Funded Growth,295.0,0.0
LODHA,2018.0,696.0,-651.0,24.0,Positive,Negative,Positive,Debt/Capital Funded Growth,45.0,0.0
LODHA,2019.0,-463.0,-175.0,736.0,Negative,Negative,Positive,External Funding / Potential Distress,-638.0,0.0
LODHA,2020.0,3772.0,182.0,-4188.0,Positive,Positive,Negative,Asset Monetization / Debt Reduction,3954.0,0.0
LODHA,2021.0,2524.0,420.0,-2835.0,Positive,Positive,Negative,Asset Monetization / Debt Reduction,2944.0,0.0
LODHA,2022.0,1998.0,1139.0,-2888.0,Positive,Positive,Negative,Asset Monetization / Debt Reduction,3137.0,0.0
LODHA,2023.0,2750.0,1789.0,-3706.0,Positive,Positive,Negative,Asset Monetization / Debt Reduction,4539.0,0.0
LODHA,2024.0,2512.0,-2947.0,951.0,Positive,Negative,Positive,Debt/Capital Funded Growth,-435.0,0.0
LT,2013.0,-4355.0,-6922.0,11429.0,Negative,Negative,Positive,External Funding / Potential Distress,-11277.0,
LT,2014.0,-7143.0,-5510.0,13136.0,Negative,Negative,Positive,External Funding / Potential Distress,-12653.0,
LT,2015.0,-1365.0,-4778.0,7903.0,Negative,Negative,Positive,External Funding / Potential Distress,-6143.0,1.0
LT,2016.0,-3240.0,-4627.0,7253.0,Negative,Negative,Positive,External Funding / Potential Distress,-7867.0,1.0
LT,2017.0,6655.0,-9796.0,2896.0,Positive,Negative,Positive,Debt/Capital Funded Growth,-3141.0,1.0
LT,2018.0,-10031.0,3914.0,9370.0,Negative,Positive,Positive,External Funding / Potential Distress,-6117.0,1.0
LT,2019.0,-4756.0,-11023.0,15440.0,Negative,Negative,Positive,External Funding / Potential Distress,-15779.0,1.0
LT,2020.0,6694.0,-8408.0,6372.0,Positive,Negative,Positive,Debt/Capital Funded Growth,-1714.0,1.0
LT,2021.0,23074.0,-5750.0,-15274.0,Positive,Negative,Negative,Self-Funded Growth,17324.0,0.0
LT,2022.0,19164.0,-3585.0,-15181.0,Positive,Negative,Negative,Self-Funded Growth,15579.0,0.0
LT,2023.0,22777.0,-8048.0,-11572.0,Positive,Negative,Negative,Self-Funded Growth,14729.0,0.0
LT,2024.0,18266.0,2179.0,-25413.0,Positive,Positive,Negative,Asset Monetization / Debt Reduction,20445.0,0.0
LTIM,2013.0,608.0,-224.0,-396.0,Positive,Negative,Negative,Self-Funded Growth,384.0,
LTIM,2014.0,628.0,180.0,-769.0,Positive,Positive,Negative,Asset Monetization / Debt Reduction,808.0,
LTIM,2015.0,642.0,-103.0,-497.0,Positive,Negative,Negative,Self-Funded Growth,539.0,0.0
LTIM,2016.0,858.0,-40.0,-817.0,Positive,Negative,Negative,Self-Funded Growth,818.0,0.0
LTIM,2017.0,1170.0,-961.0,-33.0,Positive,Negative,Negative,Self-Funded Growth,209.0,0.0
LTIM,2018.0,844.0,-452.0,-408.0,Positive,Negative,Negative,Self-Funded Growth,392.0,0.0
LTIM,2019.0,1395.0,-749.0,-594.0,Positive,Negative,Negative,Self-Funded Growth,646.0,0.0
LTIM,2020.0,1644.0,-643.0,-890.0,Positive,Negative,Negative,Self-Funded Growth,1001.0,0.0
LTIM,2021.0,2400.0,-1657.0,-509.0,Positive,Negative,Negative,Self-Funded Growth,743.0,0.0
LTIM,2022.0,3251.0,-1643.0,-1680.0,Positive,Negative,Negative,Self-Funded Growth,1608.0,0.0
LTIM,2023.0,3095.0,-271.0,-1932.0,Positive,Negative,Negative,Self-Funded Growth,2824.0,0.0
LTIM,2024.0,5670.0,-3918.0,-2269.0,Positive,Negative,Negative,Self-Funded Growth,1752.0,0.0
M&M,2013.0,-922.0,-2903.0,4508.0,Negative,Negative,Positive,External Funding / Potential Distress,-3825.0,
M&M,2014.0,-244.0,-4524.0,5577.0,Negative,Negative,Positive,External Funding / Potential Distress,-4768.0,
M&M,2015.0,1055.0,-4357.0,1669.0,Positive,Negative,Positive,Debt/Capital Funded Growth,-3302.0,1.0
M&M,2016.0,2385.0,-5506.0,2967.0,Positive,Negative,Positive,Debt/Capital Funded Growth,-3121.0,1.0
M&M,2017.0,183.0,-5875.0,6108.0,Positive,Negative,Positive,Debt/Capital Funded Growth,-5692.0,1.0
M&M,2018.0,682.0,-5467.0,6314.0,Positive,Negative,Positive,Debt/Capital Funded Growth,-4785.0,1.0
M&M,2019.0,-4347.0,-7174.0,13194.0,Negative,Negative,Positive,External Funding / Potential Distress,-11521.0,1.0
M&M,2020.0,-1457.0,-6870.0,6933.0,Negative,Negative,Positive,External Funding / Potential Distress,-8327.0,1.0
M&M,2021.0,17909.0,-19686.0,406.0,Positive,Negative,Positive,Debt/Capital Funded Growth,-1777.0,1.0
M&M,2022.0,9248.0,-3252.0,-5883.0,Positive,Negative,Negative,Self-Funded Growth,5996.0,0.0
M&M,2023.0,-7074.0,-8866.0,15946.0,Negative,Negative,Positive,External Funding / Potential Distress,-15940.0,0.0
M&M,2024.0,-5630.0,-5615.0,12281.0,Negative,Negative,Positive,External Funding / Potential Distress,-11245.0,0.0
MARUTI,2013.0,4059.0,-3119.0,-979.0,Positive,Negative,Negative,Self-Funded Growth,940.0,
MARUTI,2014.0,4995.0,-4997.0,-74.0,Positive,Negative,Negative,Self-Funded Growth,-2.0,
MARUTI,2015.0,6449.0,-4491.0,-2004.0,Positive,Negative,Negative,Self-Funded Growth,1958.0,0.0
MARUTI,2016.0,8482.0,-7230.0,-1237.0,Positive,Negative,Negative,Self-Funded Growth,1252.0,0.0
MARUTI,2017.0,10282.0,-9173.0,-1129.0,Positive,Negative,Negative,Self-Funded Growth,1109.0,0.0
MARUTI,2018.0,11788.0,-8302.0,-3436.0,Positive,Negative,Negative,Self-Funded Growth,3486.0,0.0
MARUTI,2019.0,6601.0,-3540.0,-2948.0,Positive,Negative,Negative,Self-Funded Growth,3061.0,0.0
MARUTI,2020.0,3496.0,-557.0,-3104.0,Positive,Negative,Negative,Self-Funded Growth,2939.0,0.0
MARUTI,2021.0,8856.0,-7291.0,-1545.0,Positive,Negative,Negative,Self-Funded Growth,1565.0,0.0
MARUTI,2022.0,1840.0,-239.0,-1607.0,Positive,Negative,Negative,Self-Funded Growth,1601.0,0.0
MARUTI,2023.0,10815.0,-8820.0,-1214.0,Positive,Negative,Negative,Self-Funded Growth,1995.0,0.0
MARUTI,2024.0,16801.0,-11865.0,-4062.0,Positive,Negative,Negative,Self-Funded Growth,4936.0,0.0
MOTHERSON,2013.0,1486.0,-1089.0,-256.0,Positive,Negative,Negative,Self-Funded Growth,397.0,
MOTHERSON,2014.0,2695.0,-1372.0,-1080.0,Positive,Negative,Negative,Self-Funded Growth,1323.0,
MOTHERSON,2015.0,3390.0,-2844.0,494.0,Positive,Negative,Positive,Debt/Capital Funded Growth,546.0,0.0
MOTHERSON,2016.0,2188.0,-1906.0,-263.0,Positive,Negative,Negative,Self-Funded Growth,282.0,0.0
MOTHERSON,2017.0,3800.0,-6145.0,5518.0,Positive,Negative,Positive,Debt/Capital Funded Growth,-2345.0,0.0
MOTHERSON,2018.0,3264.0,-3194.0,-2221.0,Positive,Negative,Negative,Self-Funded Growth,70.0,0.0
MOTHERSON,2019.0,4312.0,-3318.0,-225.0,Positive,Negative,Negative,Self-Funded Growth,994.0,0.0
MOTHERSON,2020.0,6352.0,-2220.0,-2803.0,Positive,Negative,Negative,Self-Funded Growth,4132.0,0.0
MOTHERSON,2021.0,5051.0,-1886.0,-2098.0,Positive,Negative,Negative,Self-Funded Growth,3165.0,0.0
MOTHERSON,2022.0,2463.0,-2304.0,-1217.0,Positive,Negative,Negative,Self-Funded Growth,159.0,0.0
MOTHERSON,2023.0,4643.0,-2248.0,-2734.0,Positive,Negative,Negative,Self-Funded Growth,2395.0,0.0
MOTHERSON,2024.0,7569.0,-6644.0,1281.0,Positive,Negative,Positive,Debt/Capital Funded Growth,925.0,0.0
NAUKRI,2013.0,75.0,-46.0,-12.0,Positive,Negative,Negative,Self-Funded Growth,29.0,
NAUKRI,2014.0,81.0,-204.0,130.0,Positive,Negative,Positive,Debt/Capital Funded Growth,-123.0,
NAUKRI,2015.0,51.0,-1051.0,1025.0,Positive,Negative,Positive,Debt/Capital Funded Growth,-1000.0,0.0
NAUKRI,2016.0,78.0,-2.0,-66.0,Positive,Negative,Negative,Self-Funded Growth,76.0,0.0
NAUKRI,2017.0,213.0,-165.0,-42.0,Positive,Negative,Negative,Self-Funded Growth,48.0,0.0
NAUKRI,2018.0,253.0,-149.0,-75.0,Positive,Negative,Negative,Self-Funded Growth,104.0,0.0
NAUKRI,2019.0,276.0,-59.0,-78.0,Positive,Negative,Negative,Self-Funded Growth,217.0,0.0
NAUKRI,2020.0,350.0,97.0,-143.0,Positive,Positive,Negative,Asset Monetization / Debt Reduction,447.0,0.0
NAUKRI,2021.0,276.0,-2043.0,1880.0,Positive,Negative,Positive,Debt/Capital Funded Growth,-1767.0,0.0
NAUKRI,2022.0,707.0,-1177.0,35.0,Positive,Negative,Positive,Debt/Capital Funded Growth,-470.0,0.0
NAUKRI,2023.0,512.0,-358.0,2.0,Positive,Negative,Positive,Debt/Capital Funded Growth,154.0,0.0
NAUKRI,2024.0,702.0,-852.0,120.0,Positive,Negative,Positive,Debt/Capital Funded Growth,-150.0,0.0
NESTLEIND,2013.0,1796.0,-441.0,-580.0,Positive,Negative,Negative,Self-Funded Growth,1355.0,
NESTLEIND,2014.0,1644.0,-432.0,-1635.0,Positive,Negative,Negative,Self-Funded Growth,1212.0,
NESTLEIND,2015.0,1098.0,-70.0,-498.0,Positive,Negative,Negative,Self-Funded Growth,1028.0,0.0
NESTLEIND,2016.0,1466.0,-126.0,-666.0,Positive,Negative,Negative,Self-Funded Growth,1340.0,0.0
NESTLEIND,2017.0,1818.0,-131.0,-997.0,Positive,Negative,Negative,Self-Funded Growth,1687.0,0.0
NESTLEIND,2018.0,2052.0,-52.0,-1317.0,Positive,Negative,Negative,Self-Funded Growth,2000.0,0.0
NESTLEIND,2019.0,2295.0,83.0,-3602.0,Positive,Positive,Negative,Asset Monetization / Debt Reduction,2378.0,0.0
NESTLEIND,2020.0,2454.0,-321.0,-1956.0,Positive,Negative,Negative,Self-Funded Growth,2133.0,0.0
NESTLEIND,2021.0,2236.0,-1920.0,-2020.0,Positive,Negative,Negative,Self-Funded Growth,316.0,0.0
NESTLEIND,2022.0,2737.0,-392.0,-2123.0,Positive,Negative,Negative,Self-Funded Growth,2345.0,0.0
NESTLEIND,2023.0,3392.0,-927.0,-2436.0,Positive,Negative,Negative,Self-Funded Growth,2465.0,0.0
NESTLEIND,2024.0,4175.0,-1237.0,-3135.0,Positive,Negative,Negative,Self-Funded Growth,2938.0,0.0
NHPC,2013.0,2846.0,-1330.0,-1344.0,Positive,Negative,Negative,Self-Funded Growth,1516.0,
NHPC,2014.0,3824.0,-1122.0,-4536.0,Positive,Negative,Negative,Self-Funded Growth,2702.0,
NHPC,2015.0,4061.0,-768.0,-2494.0,Positive,Negative,Negative,Self-Funded Growth,3293.0,0.0
NHPC,2016.0,5971.0,-746.0,-4000.0,Positive,Negative,Negative,Self-Funded Growth,5225.0,0.0
NHPC,2017.0,8329.0,-1864.0,-7812.0,Positive,Negative,Negative,Self-Funded Growth,6465.0,0.0
NHPC,2018.0,4696.0,-886.0,-3863.0,Positive,Negative,Negative,Self-Funded Growth,3810.0,0.0
NHPC,2019.0,3824.0,-1182.0,-2637.0,Positive,Negative,Negative,Self-Funded Growth,2642.0,0.0
NHPC,2020.0,2993.0,-2987.0,12.0,Positive,Negative,Positive,Debt/Capital Funded Growth,6.0,0.0
NHPC,2021.0,5070.0,-1607.0,-3058.0,Positive,Negative,Negative,Self-Funded Growth,3463.0,0.0
NHPC,2022.0,4590.0,-3084.0,-638.0,Positive,Negative,Negative,Self-Funded Growth,1506.0,0.0
NHPC,2023.0,4705.0,-4191.0,-795.0,Positive,Negative,Negative,Self-Funded Growth,514.0,0.0
NHPC,2024.0,6938.0,-5968.0,-581.0,Positive,Negative,Negative,Self-Funded Growth,970.0,0.0
NTPC,2013.0,16508.0,-16845.0,988.0,Positive,Negative,Positive,Debt/Capital Funded Growth,-337.0,
NTPC,2014.0,16531.0,-15509.0,-2709.0,Positive,Negative,Negative,Self-Funded Growth,1022.0,
NTPC,2015.0,14889.0,-15977.0,-1474.0,Positive,Negative,Negative,Self-Funded Growth,-1088.0,0.0
NTPC,2016.0,24125.0,-19162.0,-3899.0,Positive,Negative,Negative,Self-Funded Growth,4963.0,0.0
NTPC,2017.0,20167.0,-24480.0,3138.0,Positive,Negative,Positive,Debt/Capital Funded Growth,-4313.0,0.0
NTPC,2018.0,19670.0,-20678.0,1028.0,Positive,Negative,Positive,Debt/Capital Funded Growth,-1008.0,0.0
NTPC,2019.0,18686.0,-24063.0,4927.0,Positive,Negative,Positive,Debt/Capital Funded Growth,-5377.0,1.0
NTPC,2020.0,23890.0,-29628.0,6004.0,Positive,Negative,Positive,Debt/Capital Funded Growth,-5738.0,1.0
NTPC,2021.0,32444.0,-21034.0,-11049.0,Positive,Negative,Negative,Self-Funded Growth,11410.0,0.0
NTPC,2022.0,41788.0,-22891.0,-19172.0,Positive,Negative,Negative,Self-Funded Growth,18897.0,0.0
NTPC,2023.0,47152.0,-26145.0,-21217.0,Positive,Negative,Negative,Self-Funded Growth,21007.0,0.0
NTPC,2024.0,40785.0,-32141.0,-8246.0,Positive,Negative,Negative,Self-Funded Growth,8644.0,0.0
ONGC,2013.0,39874.0,-41220.0,-6927.0,Positive,Negative,Negative,Self-Funded Growth,-1346.0,
ONGC,2014.0,53270.0,-63633.0,15225.0,Positive,Negative,Positive,Debt/Capital Funded Growth,-10363.0,
ONGC,2015.0,33950.0,-30058.0,-10641.0,Positive,Negative,Negative,Self-Funded Growth,3892.0,0.0
ONGC,2016.0,46292.0,-38256.0,-8972.0,Positive,Negative,Negative,Self-Funded Growth,8036.0,0.0
ONGC,2017.0,45780.0,-43815.0,-1867.0,Positive,Negative,Negative,Self-Funded Growth,1965.0,0.0
ONGC,2018.0,56792.0,-66798.0,9909.0,Positive,Negative,Positive,Debt/Capital Funded Growth,-10006.0,0.0
ONGC,2019.0,61458.0,-37132.0,-23324.0,Positive,Negative,Negative,Self-Funded Growth,24326.0,0.0
ONGC,2020.0,70593.0,-53159.0,-16726.0,Positive,Negative,Negative,Self-Funded Growth,17434.0,0.0
ONGC,2021.0,47185.0,-39141.0,-8239.0,Positive,Negative,Negative,Self-Funded Growth,8044.0,0.0
ONGC,2022.0,78248.0,-41197.0,-35790.0,Positive,Negative,Negative,Self-Funded Growth,37051.0,0.0
ONGC,2023.0,86062.0,-74690.0,-12876.0,Positive,Negative,Negative,Self-Funded Growth,11372.0,0.0
ONGC,2024.0,99263.0,-57203.0,-45650.0,Positive,Negative,Negative,Self-Funded Growth,42060.0,0.0
PFC,2013.0,-25102.0,22.0,27947.0,Negative,Positive,Positive,External Funding / Potential Distress,-25080.0,
PFC,2014.0,-22473.0,9.0,17671.0,Negative,Positive,Positive,External Funding / Potential Distress,-22464.0,
PFC,2015.0,-21455.0,-491.0,26916.0,Negative,Negative,Positive,External Funding / Potential Distress,-21946.0,1.0
PFC,2016.0,-13298.0,-1973.0,10383.0,Negative,Negative,Positive,External Funding / Potential Distress,-15271.0,1.0
PFC,2017.0,1795.0,-667.0,1950.0,Positive,Negative,Positive,Debt/Capital Funded Growth,1128.0,0.0
PFC,2018.0,-57148.0,1409.0,52018.0,Negative,Positive,Positive,External Funding / Potential Distress,-55739.0,0.0
PFC,2019.0,-80252.0,-13463.0,93616.0,Negative,Negative,Positive,External Funding / Potential Distress,-93715.0,0.0
PFC,2020.0,-42148.0,-73.0,43399.0,Negative,Negative,Positive,External Funding / Potential Distress,-42221.0,1.0
PFC,2021.0,-59143.0,1741.0,60424.0,Negative,Positive,Positive,External Funding / Potential Distress,-57402.0,1.0
PFC,2022.0,4904.0,-547.0,-8371.0,Positive,Negative,Negative,Self-Funded Growth,4357.0,0.0
PFC,2023.0,-74717.0,-1694.0,75537.0,Negative,Negative,Positive,External Funding / Potential Distress,-76411.0,0.0
PFC,2024.0,-97820.0,-3409.0,101261.0,Negative,Negative,Positive,External Funding / Potential Distress,-101229.0,0.0
PIDILITIND,2013.0,472.0,-144.0,-339.0,Positive,Negative,Negative,Self-Funded Growth,328.0,
PIDILITIND,2014.0,394.0,-99.0,-242.0,Positive,Negative,Negative,Self-Funded Growth,295.0,
PIDILITIND,2015.0,552.0,-436.0,-165.0,Positive,Negative,Negative,Self-Funded Growth,116.0,0.0
PIDILITIND,2016.0,907.0,-491.0,-371.0,Positive,Negative,Negative,Self-Funded Growth,416.0,0.0
PIDILITIND,2017.0,794.0,-879.0,41.0,Positive,Negative,Positive,Debt/Capital Funded Growth,-85.0,0.0
PIDILITIND,2018.0,796.0,39.0,-790.0,Positive,Positive,Negative,Asset Monetization / Debt Reduction,835.0,0.0
PIDILITIND,2019.0,845.0,-513.0,-361.0,Positive,Negative,Negative,Self-Funded Growth,332.0,0.0
PIDILITIND,2020.0,1280.0,103.0,-849.0,Positive,Positive,Negative,Asset Monetization / Debt Reduction,1383.0,0.0
PIDILITIND,2021.0,1392.0,-1688.0,-76.0,Positive,Negative,Negative,Self-Funded Growth,-296.0,0.0
PIDILITIND,2022.0,955.0,-558.0,-468.0,Positive,Negative,Negative,Self-Funded Growth,397.0,0.0
PIDILITIND,2023.0,1558.0,-899.0,-656.0,Positive,Negative,Negative,Self-Funded Growth,659.0,0.0
PIDILITIND,2024.0,2724.0,-1769.0,-742.0,Positive,Negative,Negative,Self-Funded Growth,955.0,0.0
PNB,2013.0,-692.0,-600.0,-694.0,Negative,Negative,Negative,Cash Burn,-1292.0,
PNB,2014.0,16906.0,-302.0,2129.0,Positive,Negative,Positive,Debt/Capital Funded Growth,16604.0,
PNB,2015.0,4814.0,-872.0,7451.0,Positive,Negative,Positive,Debt/Capital Funded Growth,3942.0,0.0
PNB,2016.0,14167.0,-1352.0,5975.0,Positive,Negative,Positive,Debt/Capital Funded Growth,12815.0,0.0
PNB,2017.0,21938.0,159.0,-9767.0,Positive,Positive,Negative,Asset Monetization / Debt Reduction,22097.0,0.0
PNB,2018.0,-1742.0,392.0,7460.0,Negative,Positive,Positive,External Funding / Potential Distress,-1350.0,0.0
PNB,2019.0,-33532.0,-629.0,13969.0,Negative,Negative,Positive,External Funding / Potential Distress,-34161.0,0.0
PNB,2020.0,-12793.0,-338.0,13591.0,Negative,Negative,Positive,External Funding / Potential Distress,-13131.0,1.0
PNB,2021.0,30950.0,-787.0,5415.0,Positive,Negative,Positive,Debt/Capital Funded Growth,30163.0,0.0
PNB,2022.0,20032.0,-1204.0,2032.0,Positive,Negative,Positive,Debt/Capital Funded Growth,18828.0,0.0
PNB,2023.0,22592.0,-732.0,1275.0,Positive,Negative,Positive,Debt/Capital Funded Growth,21860.0,0.0
PNB,2024.0,-27939.0,-1506.0,3518.0,Negative,Negative,Positive,External Funding / Potential Distress,-29445.0,0.0
POWERGRID,2013.0,11690.0,-22084.0,9962.0,Positive,Negative,Positive,Debt/Capital Funded Growth,-10394.0,
POWERGRID,2014.0,15223.0,-26639.0,13712.0,Positive,Negative,Positive,Debt/Capital Funded Growth,-11416.0,
POWERGRID,2015.0,15800.0,-24185.0,6399.0,Positive,Negative,Positive,Debt/Capital Funded Growth,-8385.0,1.0
POWERGRID,2016.0,15008.0,-21576.0,5621.0,Positive,Negative,Positive,Debt/Capital Funded Growth,-6568.0,1.0
POWERGRID,2017.0,21575.0,-23836.0,3959.0,Positive,Negative,Positive,Debt/Capital Funded Growth,-2261.0,1.0
POWERGRID,2018.0,22710.0,-25701.0,1285.0,Positive,Negative,Positive,Debt/Capital Funded Growth,-2991.0,1.0
POWERGRID,2019.0,23271.0,-18727.0,-2431.0,Positive,Negative,Negative,Self-Funded Growth,4544.0,0.0
POWERGRID,2020.0,30739.0,-10733.0,-18806.0,Positive,Negative,Negative,Self-Funded Growth,20006.0,0.0
POWERGRID,2021.0,29403.0,-9244.0,-20521.0,Positive,Negative,Negative,Self-Funded Growth,20159.0,0.0
POWERGRID,2022.0,26124.0,753.0,-28967.0,Positive,Positive,Negative,Asset Monetization / Debt Reduction,26877.0,0.0
POWERGRID,2023.0,40203.0,-7138.0,-30450.0,Positive,Negative,Negative,Self-Funded Growth,33065.0,0.0
POWERGRID,2024.0,37290.0,-13114.0,-25903.0,Positive,Negative,Negative,Self-Funded Growth,24176.0,0.0
RECLTD,2013.0,-20059.0,152.0,16059.0,Negative,Positive,Positive,External Funding / Potential Distress,-19907.0,
RECLTD,2014.0,-17244.0,136.0,16815.0,Negative,Positive,Positive,External Funding / Potential Distress,-17108.0,
RECLTD,2015.0,-23898.0,151.0,23098.0,Negative,Positive,Positive,External Funding / Potential Distress,-23747.0,1.0
RECLTD,2016.0,-13278.0,-756.0,15291.0,Negative,Negative,Positive,External Funding / Potential Distress,-14034.0,1.0
RECLTD,2017.0,6805.0,-101.0,-3947.0,Positive,Negative,Negative,Self-Funded Growth,6704.0,0.0
RECLTD,2018.0,-32510.0,46.0,28244.0,Negative,Positive,Positive,External Funding / Potential Distress,-32464.0,0.0
RECLTD,2019.0,-35866.0,457.0,35543.0,Negative,Positive,Positive,External Funding / Potential Distress,-35409.0,0.0
RECLTD,2020.0,-32712.0,121.0,33926.0,Negative,Positive,Positive,External Funding / Potential Distress,-32591.0,1.0
RECLTD,2021.0,-43512.0,861.0,42113.0,Negative,Positive,Positive,External Funding / Potential Distress,-42651.0,1.0
RECLTD,2022.0,-819.0,-287.0,68.0,Negative,Negative,Positive,External Funding / Potential Distress,-1106.0,1.0
RECLTD,2023.0,-37360.0,-943.0,38123.0,Negative,Negative,Positive,External Funding / Potential Distress,-38303.0,1.0
RECLTD,2024.0,-57723.0,-1831.0,59588.0,Negative,Negative,Positive,External Funding / Potential Distress,-59554.0,1.0
RELIANCE,2013.0,36918.0,-27601.0,408.0,Positive,Negative,Positive,Debt/Capital Funded Growth,9317.0,
RELIANCE,2014.0,43261.0,-73070.0,13713.0,Positive,Negative,Positive,Debt/Capital Funded Growth,-29809.0,
RELIANCE,2015.0,34374.0,-64706.0,8444.0,Positive,Negative,Positive,Debt/Capital Funded Growth,-30332.0,0.0
RELIANCE,2016.0,38134.0,-36186.0,-3210.0,Positive,Negative,Negative,Self-Funded Growth,1948.0,0.0
RELIANCE,2017.0,49550.0,-66201.0,8617.0,Positive,Negative,Positive,Debt/Capital Funded Growth,-16651.0,0.0
RELIANCE,2018.0,71459.0,-68192.0,-2001.0,Positive,Negative,Negative,Self-Funded Growth,3267.0,0.0
RELIANCE,2019.0,42346.0,-94507.0,55906.0,Positive,Negative,Positive,Debt/Capital Funded Growth,-52161.0,0.0
RELIANCE,2020.0,94877.0,-72497.0,-2541.0,Positive,Negative,Negative,Self-Funded Growth,22380.0,0.0
RELIANCE,2021.0,26958.0,-142385.0,101904.0,Positive,Negative,Positive,Debt/Capital Funded Growth,-115427.0,0.0
RELIANCE,2022.0,110654.0,-109162.0,17289.0,Positive,Negative,Positive,Debt/Capital Funded Growth,1492.0,0.0
RELIANCE,2023.0,115032.0,-93001.0,10455.0,Positive,Negative,Positive,Debt/Capital Funded Growth,22031.0,0.0
RELIANCE,2024.0,158788.0,-113581.0,-16646.0,Positive,Negative,Negative,Self-Funded Growth,45207.0,0.0
SBILIFE,2013.0,1130.0,-227.0,-58.0,Positive,Negative,Negative,Self-Funded Growth,903.0,
SBILIFE,2014.0,166.0,-708.0,-58.0,Positive,Negative,Negative,Self-Funded Growth,-542.0,
SBILIFE,2015.0,2711.0,-178.0,-117.0,Positive,Negative,Negative,Self-Funded Growth,2533.0,0.0
SBILIFE,2016.0,5778.0,-7204.0,-144.0,Positive,Negative,Negative,Self-Funded Growth,-1426.0,0.0
SBILIFE,2017.0,8525.0,-9032.0,-144.0,Positive,Negative,Negative,Self-Funded Growth,-507.0,0.0
SBILIFE,2018.0,10395.0,-8910.0,-221.0,Positive,Negative,Negative,Self-Funded Growth,1485.0,0.0
SBILIFE,2019.0,13473.0,-13552.0,-241.0,Positive,Negative,Negative,Self-Funded Growth,-79.0,0.0
SBILIFE,2020.0,19299.0,-16986.0,-198.0,Positive,Negative,Negative,Self-Funded Growth,2313.0,0.0
SBILIFE,2021.0,23878.0,-19203.0,3.0,Positive,Negative,Positive,Debt/Capital Funded Growth,4675.0,0.0
SBILIFE,2022.0,21852.0,-21611.0,-231.0,Positive,Negative,Negative,Self-Funded Growth,241.0,0.0
SBILIFE,2023.0,28656.0,-30203.0,-415.0,Positive,Negative,Negative,Self-Funded Growth,-1547.0,0.0
SBILIFE,2024.0,29122.0,-31221.0,-227.0,Positive,Negative,Negative,Self-Funded Growth,-2099.0,0.0
SBIN,2013.0,24332.0,-2271.0,-4424.0,Positive,Negative,Negative,Self-Funded Growth,22061.0,
SBIN,2014.0,19142.0,-791.0,3583.0,Positive,Negative,Positive,Debt/Capital Funded Growth,18351.0,
SBIN,2015.0,26297.0,-3424.0,-1553.0,Positive,Negative,Negative,Self-Funded Growth,22873.0,0.0
SBIN,2016.0,14477.0,-2747.0,4348.0,Positive,Negative,Positive,Debt/Capital Funded Growth,11730.0,0.0
SBIN,2017.0,77406.0,-4572.0,-4196.0,Positive,Negative,Negative,Self-Funded Growth,72834.0,0.0
SBIN,2018.0,-96508.0,13053.0,5547.0,Negative,Positive,Positive,External Funding / Potential Distress,-83455.0,0.0
SBIN,2019.0,29556.0,220.0,448.0,Positive,Positive,Positive,Strong Cash Generation,29776.0,0.0
SBIN,2020.0,23929.0,-555.0,5430.0,Positive,Negative,Positive,Debt/Capital Funded Growth,23374.0,0.0
SBIN,2021.0,89919.0,-3670.0,7143.0,Positive,Negative,Positive,Debt/Capital Funded Growth,86249.0,0.0
SBIN,2022.0,57695.0,-2652.0,-3845.0,Positive,Negative,Negative,Self-Funded Growth,55043.0,0.0
SBIN,2023.0,-86014.0,-966.0,6386.0,Negative,Negative,Positive,External Funding / Potential Distress,-86980.0,0.0
SBIN,2024.0,21632.0,-3476.0,-9896.0,Positive,Negative,Negative,Self-Funded Growth,18156.0,0.0
SHREECEM,2013.0,1260.0,-270.0,-982.0,Positive,Negative,Negative,Self-Funded Growth,990.0,
SHREECEM,2014.0,1401.0,-1234.0,-156.0,Positive,Negative,Negative,Self-Funded Growth,167.0,
SHREECEM,2015.0,1239.0,-990.0,-259.0,Positive,Negative,Negative,Self-Funded Growth,249.0,0.0
SHREECEM,2016.0,1566.0,-1265.0,-271.0,Positive,Negative,Negative,Self-Funded Growth,301.0,0.0
SHREECEM,2017.0,2202.0,-2048.0,-167.0,Positive,Negative,Negative,Self-Funded Growth,154.0,0.0
SHREECEM,2018.0,1879.0,-3595.0,1726.0,Positive,Negative,Positive,Debt/Capital Funded Growth,-1716.0,0.0
SHREECEM,2019.0,2080.0,-720.0,-1276.0,Positive,Negative,Negative,Self-Funded Growth,1360.0,0.0
SHREECEM,2020.0,3973.0,-5590.0,1581.0,Positive,Negative,Positive,Debt/Capital Funded Growth,-1617.0,0.0
SHREECEM,2021.0,4254.0,-2651.0,-1233.0,Positive,Negative,Negative,Self-Funded Growth,1603.0,0.0
SHREECEM,2022.0,2668.0,-2143.0,-849.0,Positive,Negative,Negative,Self-Funded Growth,525.0,0.0
SHREECEM,2023.0,2569.0,-2405.0,-277.0,Positive,Negative,Negative,Self-Funded Growth,164.0,0.0
SHREECEM,2024.0,3347.0,-1418.0,-1710.0,Positive,Negative,Negative,Self-Funded Growth,1929.0,0.0
SHRIRAMFIN,2013.0,-8359.0,-41.0,9060.0,Negative,Negative,Positive,External Funding / Potential Distress,-8400.0,
SHRIRAMFIN,2014.0,-4055.0,-112.0,5010.0,Negative,Negative,Positive,External Funding / Potential Distress,-4167.0,
SHRIRAMFIN,2015.0,-9611.0,-45.0,7836.0,Negative,Negative,Positive,External Funding / Potential Distress,-9656.0,1.0
SHRIRAMFIN,2016.0,-5507.0,-36.0,2822.0,Negative,Negative,Positive,External Funding / Potential Distress,-5543.0,1.0
SHRIRAMFIN,2017.0,-2677.0,-2.0,3017.0,Negative,Negative,Positive,External Funding / Potential Distress,-2679.0,1.0
SHRIRAMFIN,2018.0,-13142.0,86.0,13014.0,Negative,Positive,Positive,External Funding / Potential Distress,-13056.0,1.0
SHRIRAMFIN,2019.0,-5535.0,-76.0,5550.0,Negative,Negative,Positive,External Funding / Potential Distress,-5611.0,1.0
SHRIRAMFIN,2020.0,-2464.0,-55.0,4579.0,Negative,Negative,Positive,External Funding / Potential Distress,-2519.0,1.0
SHRIRAMFIN,2021.0,-4239.0,-25.0,12226.0,Negative,Negative,Positive,External Funding / Potential Distress,-4264.0,1.0
SHRIRAMFIN,2022.0,-8859.0,-34.0,8505.0,Negative,Negative,Positive,External Funding / Potential Distress,-8893.0,1.0
SHRIRAMFIN,2023.0,-17625.0,5076.0,11820.0,Negative,Positive,Positive,External Funding / Potential Distress,-12549.0,1.0
SHRIRAMFIN,2024.0,-31101.0,-258.0,27609.0,Negative,Negative,Positive,External Funding / Potential Distress,-31359.0,1.0
SIEMENS,2011.0,3.0,264.0,-196.0,Positive,Positive,Negative,Asset Monetization / Debt Reduction,267.0,
SIEMENS,2014.0,608.0,130.0,-220.0,Positive,Positive,Negative,Asset Monetization / Debt Reduction,738.0,
SIEMENS,2015.0,574.0,646.0,-245.0,Positive,Positive,Negative,Asset Monetization / Debt Reduction,1220.0,0.0
SIEMENS,2016.0,513.0,237.0,-1614.0,Positive,Positive,Negative,Asset Monetization / Debt Reduction,750.0,0.0
SIEMENS,2017.0,573.0,1321.0,-285.0,Positive,Positive,Negative,Asset Monetization / Debt Reduction,1894.0,0.0
SIEMENS,2018.0,100.0,-174.0,-305.0,Positive,Negative,Negative,Self-Funded Growth,-74.0,0.0
SIEMENS,2019.0,1273.0,-1135.0,-312.0,Positive,Negative,Negative,Self-Funded Growth,138.0,0.0
SIEMENS,2020.0,720.0,871.0,-386.0,Positive,Positive,Negative,Asset Monetization / Debt Reduction,1591.0,0.0
SIEMENS,2021.0,1422.0,-2389.0,-502.0,Positive,Negative,Negative,Self-Funded Growth,-967.0,0.0
SIEMENS,2022.0,978.0,-34.0,-392.0,Positive,Negative,Negative,Self-Funded Growth,944.0,0.0
SIEMENS,2023.0,1400.0,-759.0,-450.0,Positive,Negative,Negative,Self-Funded Growth,641.0,0.0
SIEMENS,2024.0,1670.0,-502.0,-523.0,Positive,Negative,Negative,Self-Funded Growth,1168.0,0.0
SUNPHARMA,2013.0,3357.0,-2375.0,-665.0,Positive,Negative,Negative,Self-Funded Growth,982.0,
SUNPHARMA,2014.0,3959.0,-2176.0,507.0,Positive,Negative,Positive,Debt/Capital Funded Growth,1783.0,
SUNPHARMA,2015.0,5616.0,-1502.0,-1187.0,Positive,Negative,Negative,Self-Funded Growth,4114.0,0.0
SUNPHARMA,2016.0,6686.0,-3949.0,-1889.0,Positive,Negative,Negative,Self-Funded Growth,2737.0,0.0
SUNPHARMA,2017.0,7082.0,-4186.0,-2285.0,Positive,Negative,Negative,Self-Funded Growth,2896.0,0.0
SUNPHARMA,2018.0,3907.0,-3104.0,-1539.0,Positive,Negative,Negative,Self-Funded Growth,803.0,0.0
SUNPHARMA,2019.0,2196.0,-310.0,-2731.0,Positive,Negative,Negative,Self-Funded Growth,1886.0,0.0
SUNPHARMA,2020.0,6555.0,-2225.0,-5715.0,Positive,Negative,Negative,Self-Funded Growth,4330.0,0.0
SUNPHARMA,2021.0,6170.0,407.0,-5980.0,Positive,Positive,Negative,Asset Monetization / Debt Reduction,6577.0,0.0
SUNPHARMA,2022.0,8985.0,-5556.0,-5193.0,Positive,Negative,Negative,Self-Funded Growth,3429.0,0.0
SUNPHARMA,2023.0,4959.0,-7220.0,2376.0,Positive,Negative,Positive,Debt/Capital Funded Growth,-2261.0,0.0
SUNPHARMA,2024.0,12135.0,-763.0,-6710.0,Positive,Negative,Negative,Self-Funded Growth,11372.0,0.0
TATACONSUM,2013.0,173.0,24.0,186.0,Positive,Positive,Positive,Strong Cash Generation,197.0,
TATACONSUM,2014.0,422.0,-1.0,-363.0,Positive,Negative,Negative,Self-Funded Growth,421.0,
TATACONSUM,2015.0,418.0,-207.0,-392.0,Positive,Negative,Negative,Self-Funded Growth,211.0,0.0
TATACONSUM,2016.0,116.0,145.0,-282.0,Positive,Positive,Negative,Asset Monetization / Debt Reduction,261.0,0.0
TATACONSUM,2017.0,741.0,145.0,-816.0,Positive,Positive,Negative,Asset Monetization / Debt Reduction,886.0,0.0
TATACONSUM,2018.0,356.0,-31.0,-30.0,Positive,Negative,Negative,Self-Funded Growth,325.0,0.0
TATACONSUM,2019.0,210.0,53.0,-224.0,Positive,Positive,Negative,Asset Monetization / Debt Reduction,263.0,0.0
TATACONSUM,2020.0,1082.0,-622.0,-308.0,Positive,Negative,Negative,Self-Funded Growth,460.0,0.0
TATACONSUM,2021.0,1656.0,-346.0,-426.0,Positive,Negative,Negative,Self-Funded Growth,1310.0,0.0
TATACONSUM,2022.0,1516.0,-1317.0,-995.0,Positive,Negative,Negative,Self-Funded Growth,199.0,0.0
TATACONSUM,2023.0,1461.0,-834.0,-714.0,Positive,Negative,Negative,Self-Funded Growth,627.0,0.0
TATACONSUM,2024.0,1937.0,-1911.0,256.0,Positive,Negative,Positive,Debt/Capital Funded Growth,26.0,0.0
TATAMOTORS,2013.0,22163.0,-22969.0,-1692.0,Positive,Negative,Negative,Self-Funded Growth,-806.0,
TATAMOTORS,2014.0,36151.0,-27991.0,-3883.0,Positive,Negative,Negative,Self-Funded Growth,8160.0,
TATAMOTORS,2015.0,35531.0,-36232.0,5201.0,Positive,Negative,Positive,Debt/Capital Funded Growth,-701.0,0.0
TATAMOTORS,2016.0,37900.0,-36694.0,-3795.0,Positive,Negative,Negative,Self-Funded Growth,1206.0,0.0
TATAMOTORS,2017.0,30199.0,-39571.0,6205.0,Positive,Negative,Positive,Debt/Capital Funded Growth,-9372.0,0.0
TATAMOTORS,2018.0,23857.0,-25139.0,2012.0,Positive,Negative,Positive,Debt/Capital Funded Growth,-1282.0,0.0
TATAMOTORS,2019.0,18891.0,-20878.0,8830.0,Positive,Negative,Positive,Debt/Capital Funded Growth,-1987.0,1.0
TATAMOTORS,2020.0,26633.0,-33115.0,3390.0,Positive,Negative,Positive,Debt/Capital Funded Growth,-6482.0,1.0
TATAMOTORS,2021.0,29001.0,-25672.0,9904.0,Positive,Negative,Positive,Debt/Capital Funded Growth,3329.0,0.0
TATAMOTORS,2022.0,14283.0,-4444.0,-3380.0,Positive,Negative,Negative,Self-Funded Growth,9839.0,0.0
TATAMOTORS,2023.0,35388.0,-15417.0,-26243.0,Positive,Negative,Negative,Self-Funded Growth,19971.0,0.0
TATAMOTORS,2024.0,67915.0,-22782.0,-37006.0,Positive,Negative,Negative,Self-Funded Growth,45133.0,0.0
TATAPOWER,2013.0,3286.0,-4026.0,-593.0,Positive,Negative,Negative,Self-Funded Growth,-740.0,
TATAPOWER,2014.0,6483.0,-3609.0,-3265.0,Positive,Negative,Negative,Self-Funded Growth,2874.0,
TATAPOWER,2015.0,5981.0,-3865.0,-2239.0,Positive,Negative,Negative,Self-Funded Growth,2116.0,0.0
TATAPOWER,2016.0,7415.0,-1805.0,-6183.0,Positive,Negative,Negative,Self-Funded Growth,5610.0,0.0
TATAPOWER,2017.0,7014.0,-7373.0,937.0,Positive,Negative,Positive,Debt/Capital Funded Growth,-359.0,0.0
TATAPOWER,2018.0,6364.0,-1512.0,-4726.0,Positive,Negative,Negative,Self-Funded Growth,4852.0,0.0
TATAPOWER,2019.0,4574.0,-272.0,-5184.0,Positive,Negative,Negative,Self-Funded Growth,4302.0,0.0
TATAPOWER,2020.0,7375.0,-493.0,-5110.0,Positive,Negative,Negative,Self-Funded Growth,6882.0,0.0
TATAPOWER,2021.0,8345.0,993.0,-7603.0,Positive,Positive,Negative,Asset Monetization / Debt Reduction,9338.0,0.0
TATAPOWER,2022.0,6693.0,-6250.0,-1183.0,Positive,Negative,Negative,Self-Funded Growth,443.0,0.0
TATAPOWER,2023.0,7166.0,-7263.0,1341.0,Positive,Negative,Positive,Debt/Capital Funded Growth,-97.0,0.0
TATAPOWER,2024.0,12596.0,-9027.0,-4497.0,Positive,Negative,Negative,Self-Funded Growth,3569.0,0.0
TATASTEEL,2013.0,14035.0,-13099.0,-1780.0,Positive,Negative,Negative,Self-Funded Growth,936.0,
TATASTEEL,2014.0,13146.0,-15378.0,1015.0,Positive,Negative,Positive,Debt/Capital Funded Growth,-2232.0,
TATASTEEL,2015.0,11880.0,-9021.0,-2617.0,Positive,Negative,Negative,Self-Funded Growth,2859.0,0.0
TATASTEEL,2016.0,11455.0,-8794.0,-4729.0,Positive,Negative,Negative,Self-Funded Growth,2661.0,0.0
TATASTEEL,2017.0,10824.0,-9490.0,-2579.0,Positive,Negative,Negative,Self-Funded Growth,1334.0,0.0
TATASTEEL,2018.0,8023.0,-11730.0,6640.0,Positive,Negative,Positive,Debt/Capital Funded Growth,-3707.0,0.0
TATASTEEL,2019.0,25336.0,-29176.0,-673.0,Positive,Negative,Negative,Self-Funded Growth,-3840.0,0.0
TATASTEEL,2020.0,20169.0,-14012.0,-1695.0,Positive,Negative,Negative,Self-Funded Growth,6157.0,0.0
TATASTEEL,2021.0,44327.0,-9437.0,-37090.0,Positive,Negative,Negative,Self-Funded Growth,34890.0,0.0
TATASTEEL,2022.0,44381.0,-10905.0,-23401.0,Positive,Negative,Negative,Self-Funded Growth,33476.0,0.0
TATASTEEL,2023.0,21683.0,-18179.0,-6981.0,Positive,Negative,Negative,Self-Funded Growth,3504.0,0.0
TATASTEEL,2024.0,20301.0,-14253.0,-11097.0,Positive,Negative,Negative,Self-Funded Growth,6048.0,0.0
TCS,2013.0,11615.0,-6038.0,-5729.0,Positive,Negative,Negative,Self-Funded Growth,5577.0,
TCS,2014.0,14751.0,-9452.0,-5673.0,Positive,Negative,Negative,Self-Funded Growth,5299.0,
TCS,2015.0,19369.0,-1807.0,-17168.0,Positive,Negative,Negative,Self-Funded Growth,17562.0,0.0
TCS,2016.0,19109.0,-5010.0,-9666.0,Positive,Negative,Negative,Self-Funded Growth,14099.0,0.0
TCS,2017.0,25223.0,-16895.0,-11026.0,Positive,Negative,Negative,Self-Funded Growth,8328.0,0.0
TCS,2018.0,25067.0,3104.0,-26885.0,Positive,Positive,Negative,Asset Monetization / Debt Reduction,28171.0,0.0
TCS,2019.0,28593.0,1645.0,-27897.0,Positive,Positive,Negative,Asset Monetization / Debt Reduction,30238.0,0.0
TCS,2020.0,32369.0,8968.0,-39915.0,Positive,Positive,Negative,Asset Monetization / Debt Reduction,41337.0,0.0
TCS,2021.0,38802.0,-7956.0,-32634.0,Positive,Negative,Negative,Self-Funded Growth,30846.0,0.0
TCS,2022.0,39949.0,-738.0,-33581.0,Positive,Negative,Negative,Self-Funded Growth,39211.0,0.0
TCS,2023.0,41965.0,548.0,-47878.0,Positive,Positive,Negative,Asset Monetization / Debt Reduction,42513.0,0.0
TCS,2024.0,44338.0,6091.0,-48536.0,Positive,Positive,Negative,Asset Monetization / Debt Reduction,50429.0,0.0
TECHM,2013.0,855.0,-622.0,65.0,Positive,Negative,Positive,Debt/Capital Funded Growth,233.0,
TECHM,2014.0,1596.0,291.0,-972.0,Positive,Positive,Negative,Asset Monetization / Debt Reduction,1887.0,
TECHM,2015.0,2448.0,-1865.0,-829.0,Positive,Negative,Negative,Self-Funded Growth,583.0,0.0
TECHM,2016.0,3137.0,-1453.0,-496.0,Positive,Negative,Negative,Self-Funded Growth,1684.0,0.0
TECHM,2017.0,4071.0,-2893.0,-1571.0,Positive,Negative,Negative,Self-Funded Growth,1178.0,0.0
TECHM,2018.0,3554.0,-3319.0,-269.0,Positive,Negative,Negative,Self-Funded Growth,235.0,0.0
TECHM,2019.0,4432.0,-2104.0,-2251.0,Positive,Negative,Negative,Self-Funded Growth,2328.0,0.0
TECHM,2020.0,4358.0,1081.0,-4466.0,Positive,Positive,Negative,Asset Monetization / Debt Reduction,5439.0,0.0
TECHM,2021.0,8094.0,-5433.0,-2987.0,Positive,Negative,Negative,Self-Funded Growth,2661.0,0.0
TECHM,2022.0,5285.0,480.0,-4667.0,Positive,Positive,Negative,Asset Monetization / Debt Reduction,5765.0,0.0
TECHM,2023.0,5572.0,-226.0,-5078.0,Positive,Negative,Negative,Self-Funded Growth,5346.0,0.0
TECHM,2024.0,6376.0,-1318.0,-4767.0,Positive,Negative,Negative,Self-Funded Growth,5058.0,0.0
TITAN,2013.0,553.0,-142.0,-236.0,Positive,Negative,Negative,Self-Funded Growth,411.0,
TITAN,2014.0,-555.0,-271.0,497.0,Negative,Negative,Positive,External Funding / Potential Distress,-826.0,
TITAN,2015.0,503.0,-118.0,-1005.0,Positive,Negative,Negative,Self-Funded Growth,385.0,0.0
TITAN,2016.0,576.0,-159.0,-505.0,Positive,Negative,Negative,Self-Funded Growth,417.0,0.0
TITAN,2017.0,1712.0,-953.0,-166.0,Positive,Negative,Negative,Self-Funded Growth,759.0,0.0
TITAN,2018.0,-51.0,98.0,-252.0,Negative,Positive,Negative,Asset Sale / Funding Dependence,47.0,0.0
TITAN,2019.0,1243.0,-797.0,-489.0,Positive,Negative,Negative,Self-Funded Growth,446.0,0.0
TITAN,2020.0,-348.0,235.0,-242.0,Negative,Positive,Negative,Asset Sale / Funding Dependence,-113.0,0.0
TITAN,2021.0,4139.0,-2799.0,-1234.0,Positive,Negative,Negative,Self-Funded Growth,1340.0,0.0
TITAN,2022.0,-724.0,1165.0,-403.0,Negative,Positive,Negative,Asset Sale / Funding Dependence,441.0,0.0
TITAN,2023.0,1370.0,-1814.0,457.0,Positive,Negative,Positive,Debt/Capital Funded Growth,-444.0,0.0
TITAN,2024.0,1695.0,-189.0,-1329.0,Positive,Negative,Negative,Self-Funded Growth,1506.0,0.0
TORNTPHARM,2013.0,153.0,-247.0,20.0,Positive,Negative,Positive,Debt/Capital Funded Growth,-94.0,
TORNTPHARM,2014.0,599.0,-418.0,86.0,Positive,Negative,Positive,Debt/Capital Funded Growth,181.0,
TORNTPHARM,2015.0,810.0,-2113.0,1212.0,Positive,Negative,Positive,Debt/Capital Funded Growth,-1303.0,0.0
TORNTPHARM,2016.0,2742.0,-869.0,-1435.0,Positive,Negative,Negative,Self-Funded Growth,1873.0,0.0
TORNTPHARM,2017.0,1009.0,-798.0,-193.0,Positive,Negative,Negative,Self-Funded Growth,211.0,0.0
TORNTPHARM,2018.0,894.0,-4677.0,3417.0,Positive,Negative,Positive,Debt/Capital Funded Growth,-3783.0,0.0
TORNTPHARM,2019.0,1798.0,-246.0,-1314.0,Positive,Negative,Negative,Self-Funded Growth,1552.0,0.0
TORNTPHARM,2020.0,1393.0,229.0,-1549.0,Positive,Positive,Negative,Asset Monetization / Debt Reduction,1622.0,0.0
TORNTPHARM,2021.0,2005.0,-444.0,-1651.0,Positive,Negative,Negative,Self-Funded Growth,1561.0,0.0
TORNTPHARM,2022.0,1803.0,-196.0,-1781.0,Positive,Negative,Negative,Self-Funded Growth,1607.0,0.0
TORNTPHARM,2023.0,2368.0,-2335.0,77.0,Positive,Negative,Positive,Debt/Capital Funded Growth,33.0,0.0
TORNTPHARM,2024.0,3266.0,-160.0,-2780.0,Positive,Negative,Negative,Self-Funded Growth,3106.0,0.0
TRENT,2013.0,31.0,-276.0,147.0,Positive,Negative,Positive,Debt/Capital Funded Growth,-245.0,
TRENT,2014.0,-46.0,-48.0,-50.0,Negative,Negative,Negative,Cash Burn,-94.0,
TRENT,2015.0,-10.0,-306.0,310.0,Negative,Negative,Positive,External Funding / Potential Distress,-316.0,1.0
TRENT,2016.0,109.0,-98.0,-13.0,Positive,Negative,Negative,Self-Funded Growth,11.0,0.0
TRENT,2017.0,102.0,-44.0,-51.0,Positive,Negative,Negative,Self-Funded Growth,58.0,0.0
TRENT,2018.0,77.0,-4.0,-74.0,Positive,Negative,Negative,Self-Funded Growth,73.0,0.0
TRENT,2019.0,21.0,-37.0,37.0,Positive,Negative,Positive,Debt/Capital Funded Growth,-16.0,0.0
TRENT,2020.0,361.0,-809.0,452.0,Positive,Negative,Positive,Debt/Capital Funded Growth,-448.0,0.0
TRENT,2021.0,285.0,18.0,-283.0,Positive,Positive,Negative,Asset Monetization / Debt Reduction,303.0,0.0
TRENT,2022.0,58.0,56.0,-108.0,Positive,Positive,Negative,Asset Monetization / Debt Reduction,114.0,0.0
TRENT,2023.0,595.0,-103.0,-491.0,Positive,Negative,Negative,Self-Funded Growth,492.0,0.0
TRENT,2024.0,1349.0,-508.0,-629.0,Positive,Negative,Negative,Self-Funded Growth,841.0,0.0
TVSMOTOR,2013.0,464.0,-120.0,-402.0,Positive,Negative,Negative,Self-Funded Growth,344.0,
TVSMOTOR,2014.0,470.0,-235.0,-216.0,Positive,Negative,Negative,Self-Funded Growth,235.0,
TVSMOTOR,2015.0,83.0,-415.0,261.0,Positive,Negative,Positive,Debt/Capital Funded Growth,-332.0,0.0
TVSMOTOR,2016.0,936.0,-605.0,-319.0,Positive,Negative,Negative,Self-Funded Growth,331.0,0.0
TVSMOTOR,2017.0,689.0,-709.0,-59.0,Positive,Negative,Negative,Self-Funded Growth,-20.0,0.0
TVSMOTOR,2018.0,354.0,-1095.0,897.0,Positive,Negative,Positive,Debt/Capital Funded Growth,-741.0,0.0
TVSMOTOR,2019.0,-918.0,-1104.0,2210.0,Negative,Negative,Positive,External Funding / Potential Distress,-2022.0,1.0
TVSMOTOR,2020.0,373.0,-1090.0,1619.0,Positive,Negative,Positive,Debt/Capital Funded Growth,-717.0,1.0
TVSMOTOR,2021.0,1151.0,-882.0,264.0,Positive,Negative,Positive,Debt/Capital Funded Growth,269.0,0.0
TVSMOTOR,2022.0,-1575.0,-1471.0,2918.0,Negative,Negative,Positive,External Funding / Potential Distress,-3046.0,0.0
TVSMOTOR,2023.0,-4405.0,-1308.0,6118.0,Negative,Negative,Positive,External Funding / Potential Distress,-5713.0,0.0
TVSMOTOR,2024.0,-1253.0,-1001.0,2759.0,Negative,Negative,Positive,External Funding / Potential Distress,-2254.0,1.0
ULTRACEMCO,2013.0,3618.0,-4362.0,715.0,Positive,Negative,Positive,Debt/Capital Funded Growth,-744.0,
ULTRACEMCO,2014.0,3455.0,-2342.0,-949.0,Positive,Negative,Negative,Self-Funded Growth,1113.0,
ULTRACEMCO,2015.0,4190.0,-2144.0,-2110.0,Positive,Negative,Negative,Self-Funded Growth,2046.0,0.0
ULTRACEMCO,2016.0,4526.0,-3673.0,-844.0,Positive,Negative,Negative,Self-Funded Growth,853.0,0.0
ULTRACEMCO,2017.0,5005.0,-2501.0,-2535.0,Positive,Negative,Negative,Self-Funded Growth,2504.0,0.0
ULTRACEMCO,2018.0,3888.0,1866.0,-5735.0,Positive,Positive,Negative,Asset Monetization / Debt Reduction,5754.0,0.0
ULTRACEMCO,2019.0,5956.0,1165.0,-6757.0,Positive,Positive,Negative,Asset Monetization / Debt Reduction,7121.0,0.0
ULTRACEMCO,2020.0,8972.0,-4192.0,-5076.0,Positive,Negative,Negative,Self-Funded Growth,4780.0,0.0
ULTRACEMCO,2021.0,12500.0,-8856.0,-4356.0,Positive,Negative,Negative,Self-Funded Growth,3644.0,0.0
ULTRACEMCO,2022.0,9283.0,2257.0,-12498.0,Positive,Positive,Negative,Asset Monetization / Debt Reduction,11540.0,0.0
ULTRACEMCO,2023.0,9069.0,-7188.0,-1631.0,Positive,Negative,Negative,Self-Funded Growth,1881.0,0.0
ULTRACEMCO,2024.0,10898.0,-8789.0,-1926.0,Positive,Negative,Negative,Self-Funded Growth,2109.0,0.0
UNIONBANK,2013.0,-4245.0,-343.0,5096.0,Negative,Negative,Positive,External Funding / Potential Distress,-4588.0,
UNIONBANK,2014.0,2570.0,-363.0,4902.0,Positive,Negative,Positive,Debt/Capital Funded Growth,2207.0,
UNIONBANK,2015.0,-3567.0,-318.0,3168.0,Negative,Negative,Positive,External Funding / Potential Distress,-3885.0,0.0
UNIONBANK,2016.0,81.0,-9.0,-2.0,Positive,Negative,Negative,Self-Funded Growth,72.0,0.0
UNIONBANK,2017.0,-6624.0,-280.0,10194.0,Negative,Negative,Positive,External Funding / Potential Distress,-6904.0,0.0
UNIONBANK,2018.0,6097.0,-315.0,10792.0,Positive,Negative,Positive,Debt/Capital Funded Growth,5782.0,0.0
UNIONBANK,2019.0,-7778.0,-297.0,1758.0,Negative,Negative,Positive,External Funding / Potential Distress,-8075.0,0.0
UNIONBANK,2020.0,-77.0,-4.0,201.0,Negative,Negative,Positive,External Funding / Potential Distress,-81.0,0.0
UNIONBANK,2021.0,20527.0,-601.0,-18861.0,Positive,Negative,Negative,Self-Funded Growth,19926.0,0.0
UNIONBANK,2022.0,36339.0,-558.0,-786.0,Positive,Negative,Negative,Self-Funded Growth,35781.0,0.0
UNIONBANK,2023.0,6056.0,-2561.0,-10654.0,Positive,Negative,Negative,Self-Funded Growth,3495.0,0.0
UNIONBANK,2024.0,19930.0,-1394.0,-11489.0,Positive,Negative,Negative,Self-Funded Growth,18536.0,0.0
UNITDSPR,2013.0,1969.0,-1121.0,-992.0,Positive,Negative,Negative,Self-Funded Growth,848.0,
UNITDSPR,2014.0,-552.0,-252.0,1235.0,Negative,Negative,Positive,External Funding / Potential Distress,-804.0,
UNITDSPR,2015.0,-196.0,3855.0,-4002.0,Negative,Positive,Negative,Asset Sale / Funding Dependence,3659.0,0.0
UNITDSPR,2016.0,283.0,733.0,-1155.0,Positive,Positive,Negative,Asset Monetization / Debt Reduction,1016.0,0.0
UNITDSPR,2017.0,647.0,-227.0,-475.0,Positive,Negative,Negative,Self-Funded Growth,420.0,0.0
UNITDSPR,2018.0,925.0,104.0,-966.0,Positive,Positive,Negative,Asset Monetization / Debt Reduction,1029.0,0.0
UNITDSPR,2019.0,948.0,-66.0,-808.0,Positive,Negative,Negative,Self-Funded Growth,882.0,0.0
UNITDSPR,2020.0,783.0,-194.0,-740.0,Positive,Negative,Negative,Self-Funded Growth,589.0,0.0
UNITDSPR,2021.0,1818.0,-99.0,-1707.0,Positive,Negative,Negative,Self-Funded Growth,1719.0,0.0
UNITDSPR,2022.0,977.0,-313.0,-688.0,Positive,Negative,Negative,Self-Funded Growth,664.0,0.0
UNITDSPR,2023.0,615.0,-55.0,-500.0,Positive,Negative,Negative,Self-Funded Growth,560.0,0.0
UNITDSPR,2024.0,1118.0,226.0,-407.0,Positive,Positive,Negative,Asset Monetization / Debt Reduction,1344.0,0.0
VBL,2012.0,280.0,-507.0,229.0,Positive,Negative,Positive,Debt/Capital Funded Growth,-227.0,
VBL,2013.0,297.0,-574.0,274.0,Positive,Negative,Positive,Debt/Capital Funded Growth,-277.0,
VBL,2014.0,431.0,-500.0,58.0,Positive,Negative,Positive,Debt/Capital Funded Growth,-69.0,1.0
VBL,2015.0,555.0,-300.0,-236.0,Positive,Negative,Negative,Self-Funded Growth,255.0,0.0
VBL,2016.0,826.0,-1048.0,230.0,Positive,Negative,Positive,Debt/Capital Funded Growth,-222.0,0.0
VBL,2017.0,620.0,-746.0,159.0,Positive,Negative,Positive,Debt/Capital Funded Growth,-126.0,0.0
VBL,2018.0,1000.0,-937.0,-84.0,Positive,Negative,Negative,Self-Funded Growth,63.0,0.0
VBL,2019.0,1308.0,-2320.0,1107.0,Positive,Negative,Positive,Debt/Capital Funded Growth,-1012.0,0.0
VBL,2020.0,1012.0,-472.0,-574.0,Positive,Negative,Negative,Self-Funded Growth,540.0,0.0
VBL,2021.0,1231.0,-1008.0,-178.0,Positive,Negative,Negative,Self-Funded Growth,223.0,0.0
VBL,2022.0,1790.0,-1769.0,-18.0,Positive,Negative,Negative,Self-Funded Growth,21.0,0.0
VBL,2023.0,2391.0,-3288.0,985.0,Positive,Negative,Positive,Debt/Capital Funded Growth,-897.0,0.0
VEDL,2013.0,22.0,-311.0,238.0,Positive,Negative,Positive,Debt/Capital Funded Growth,-289.0,
VEDL,2014.0,15601.0,-2890.0,-5052.0,Positive,Negative,Negative,Self-Funded Growth,12711.0,
VEDL,2015.0,17805.0,-4133.0,-13956.0,Positive,Negative,Negative,Self-Funded Growth,13672.0,0.0
VEDL,2016.0,20377.0,-7868.0,-11303.0,Positive,Negative,Negative,Self-Funded Growth,12509.0,0.0
VEDL,2017.0,18083.0,2681.0,-12425.0,Positive,Positive,Negative,Asset Monetization / Debt Reduction,20764.0,0.0
VEDL,2018.0,17366.0,15480.0,-39255.0,Positive,Positive,Negative,Asset Monetization / Debt Reduction,32846.0,0.0
VEDL,2019.0,23754.0,-10594.0,-10242.0,Positive,Negative,Negative,Self-Funded Growth,13160.0,0.0
VEDL,2020.0,19300.0,-5925.0,-15547.0,Positive,Negative,Negative,Self-Funded Growth,13375.0,0.0
VEDL,2021.0,23980.0,-6678.0,-17565.0,Positive,Negative,Negative,Self-Funded Growth,17302.0,0.0
VEDL,2022.0,34963.0,-2243.0,-28903.0,Positive,Negative,Negative,Self-Funded Growth,32720.0,0.0
VEDL,2023.0,33065.0,-668.0,-34142.0,Positive,Negative,Negative,Self-Funded Growth,32397.0,0.0
VEDL,2024.0,35654.0,-13676.0,-26092.0,Positive,Negative,Negative,Self-Funded Growth,21978.0,0.0
WIPRO,2013.0,6394.0,-4536.0,-1140.0,Positive,Negative,Negative,Self-Funded Growth,1858.0,
WIPRO,2014.0,6790.0,-284.0,-3570.0,Positive,Negative,Negative,Self-Funded Growth,6506.0,
WIPRO,2015.0,7840.0,-2537.0,-830.0,Positive,Negative,Negative,Self-Funded Growth,5303.0,0.0
WIPRO,2016.0,7887.0,-13761.0,-159.0,Positive,Negative,Negative,Self-Funded Growth,-5874.0,0.0
WIPRO,2017.0,9277.0,-11770.0,-2275.0,Positive,Negative,Negative,Self-Funded Growth,-2493.0,0.0
WIPRO,2018.0,8423.0,3595.0,-12998.0,Positive,Positive,Negative,Asset Monetization / Debt Reduction,12018.0,0.0
WIPRO,2019.0,11632.0,5065.0,-4937.0,Positive,Positive,Negative,Asset Monetization / Debt Reduction,16697.0,0.0
WIPRO,2020.0,10064.0,3593.0,-15100.0,Positive,Positive,Negative,Asset Monetization / Debt Reduction,13657.0,0.0
WIPRO,2021.0,14755.0,685.0,-12884.0,Positive,Positive,Negative,Asset Monetization / Debt Reduction,15440.0,0.0
WIPRO,2022.0,11080.0,-22321.0,4659.0,Positive,Negative,Positive,Debt/Capital Funded Growth,-11241.0,0.0
WIPRO,2023.0,13060.0,-8169.0,-6088.0,Positive,Negative,Negative,Self-Funded Growth,4891.0,0.0
WIPRO,2024.0,17622.0,1144.0,-18257.0,Positive,Positive,Negative,Asset Monetization / Debt Reduction,18766.0,0.0
ZOMATO,2018.0,,,,Neutral,Neutral,Neutral,Mixed / Neutral,0.0,
ZOMATO,2019.0,,,,Neutral,Neutral,Neutral,Mixed / Neutral,0.0,
ZOMATO,2020.0,-2144.0,1740.0,359.0,Negative,Positive,Positive,External Funding / Potential Distress,-404.0,0.0
ZOMATO,2021.0,-1018.0,-5245.0,6402.0,Negative,Negative,Positive,External Funding / Potential Distress,-6263.0,0.0
ZOMATO,2022.0,-693.0,-7971.0,8750.0,Negative,Negative,Positive,External Funding / Potential Distress,-8664.0,1.0
ZOMATO,2023.0,-844.0,797.0,-127.0,Negative,Positive,Negative,Asset Sale / Funding Dependence,-47.0,1.0
ZOMATO,2024.0,646.0,-348.0,-207.0,Positive,Negative,Negative,Self-Funded Growth,298.0,0.0
ZYDUSLIFE,2013.0,603.0,-682.0,286.0,Positive,Negative,Positive,Debt/Capital Funded Growth,-79.0,
ZYDUSLIFE,2014.0,903.0,-438.0,-529.0,Positive,Negative,Negative,Self-Funded Growth,465.0,
ZYDUSLIFE,2015.0,994.0,-465.0,-351.0,Positive,Negative,Negative,Self-Funded Growth,529.0,0.0
ZYDUSLIFE,2016.0,1894.0,-860.0,-935.0,Positive,Negative,Negative,Self-Funded Growth,1034.0,0.0
ZYDUSLIFE,2017.0,1312.0,-2872.0,2316.0,Positive,Negative,Positive,Debt/Capital Funded Growth,-1560.0,0.0
ZYDUSLIFE,2018.0,919.0,-974.0,52.0,Positive,Negative,Positive,Debt/Capital Funded Growth,-55.0,0.0
ZYDUSLIFE,2019.0,1282.0,-3977.0,1885.0,Positive,Negative,Positive,Debt/Capital Funded Growth,-2695.0,1.0
ZYDUSLIFE,2020.0,2932.0,-1004.0,-1528.0,Positive,Negative,Negative,Self-Funded Growth,1928.0,0.0
ZYDUSLIFE,2021.0,3294.0,-837.0,-2548.0,Positive,Negative,Negative,Self-Funded Growth,2457.0,0.0
ZYDUSLIFE,2022.0,2104.0,-1018.0,-868.0,Positive,Negative,Negative,Self-Funded Growth,1086.0,0.0
ZYDUSLIFE,2023.0,2689.0,1542.0,-4400.0,Positive,Positive,Negative,Asset Monetization / Debt Reduction,4231.0,0.0
ZYDUSLIFE,2024.0,3228.0,-1492.0,-1810.0,Positive,Negative,Negative,Self-Funded Growth,1736.0,0.0
