company_id,year_normalized,revenue_cagr_3y_pct,revenue_cagr_5y_pct,revenue_cagr_10y_pct,pat_cagr_3y_pct,pat_cagr_5y_pct,pat_cagr_10y_pct,eps_cagr_3y_pct,eps_cagr_5y_pct,eps_cagr_10y_pct
ABB,2012.0,,,,,,,,,
ABB,2014.0,,,,,,,,,
ABB,2015.0,,,,,,,,,
ABB,2016.0,16.504913891506945,,,20.704666207019184,,,20.84372700535,,
ABB,2017.0,8.448843745667588,,,11.841983239045506,,,11.811584313781998,,
ABB,2018.0,12.945331962917738,14.81418822373013,,20.532166663372895,22.56184049403129,,20.507113208761503,22.68474887752685,
ABB,2019.0,12.066222956973572,10.080781986304022,,20.84372700535,17.844539784792257,,20.888467374859875,17.91541463444244,
ABB,2020.0,12.132516711850805,12.3257146520954,,28.881814392650472,20.960574881373727,,28.98927952402115,20.902725032898985,
ABB,2021.0,9.330719525085506,10.518335991975135,,19.888600782632835,22.0639932086115,,19.804698975219598,22.05074170726322,
ABB,2022.0,10.12155249022577,11.09638963877595,,21.09087623734713,23.598557458021684,,21.046060957074488,23.66559703323188,
ABB,2023.0,9.331074852709763,10.155044260938272,12.460490775955124,16.968927101051246,18.8021685142332,20.66736272823102,17.01308782012354,18.787062786952035,20.72017630833807
ABB,2024.0,10.713721789385655,9.716101277290168,9.89829036473968,20.232437941096727,21.69314043381163,19.75338045077737,20.24167817921956,21.65851677781967,19.772344260550724
ADANIENSOL,2014.0,,,,,,,,,
ADANIENSOL,2015.0,,,,,,,,,
ADANIENSOL,2016.0,,,,,,,,,
ADANIENSOL,2017.0,,,,,,,,,
ADANIENSOL,2018.0,211.09178071953332,,,,,,,,
ADANIENSOL,2019.0,49.32339852079905,,,14.95326996489721,,,18.56311014966876,,
ADANIENSOL,2020.0,58.33430720140576,144.37036240267406,,19.280776269879677,,,20.507113208761503,,
ADANIENSOL,2021.0,36.02303315044746,35.240737223764505,,4.115285245860001,28.513389561027825,,3.228011545636722,29.674411610965823,
ADANIENSOL,2022.0,15.508428339343316,31.38157761530556,,30.277341516191925,24.332603568890065,,30.059144685138705,22.423992536427463,
ADANIENSOL,2023.0,5.204992130714481,27.5079371499168,,21.968629219492808,2.305876347355573,,16.260329205681458,1.9244876491456564,
ADANIENSOL,2024.0,18.71501132287989,17.85124994851739,,-2.4904490462308027,16.42972571572392,,-3.127069384853576,14.869835499703507,
ADANIENT,2013.0,,,,,,,,,
ADANIENT,2014.0,,,,,,,,,
ADANIENT,2015.0,,,,,,,,,
ADANIENT,2016.0,-9.822320328171164,,,-6.3622641625924015,,,-15.65673346982508,,
ADANIENT,2017.0,-12.720191700604078,,,-29.554925791176643,,,-23.36905676064469,,
ADANIENT,2018.0,-17.708767504438207,-4.9788782627487205,,-36.29911390169962,-13.378074899332724,,-27.00801433520185,-14.137929651551106,
ADANIENT,2019.0,5.890782050790433,-5.975222430379501,,-20.313728713037616,-28.16896313911625,,-8.035860787295979,-18.93869169010509,
ADANIENT,2020.0,5.911910945095755,-7.606982238213844,,3.983365322812871,-14.663139176416903,,3.5744168651286268,-11.09104638678,
ADANIENT,2021.0,3.2459461046949967,3.058667787307945,,20.757768726443796,0.9035246758499982,,4.551591714942038,-2.328131613882612,
ADANIENT,2022.0,19.796192956691726,13.699840248771,,15.911155042442072,-3.155068356762114,,0.0,-4.902060720441037,
ADANIENT,2023.0,43.2327140592222,28.84048322057997,10.646135227530706,32.55016311333752,32.45780037178554,7.115590194910215,30.059144685138705,25.73753098024454,3.904209397242564
ADANIENT,2024.0,34.60338228109774,19.01541475308124,5.78467705445147,47.182006037517255,45.81058899665285,2.3412223540726584,51.82944859378311,31.95079107728942,3.42196941293802
ADANIGREEN,2017.0,,,,,,,,,
ADANIGREEN,2018.0,,,,,,,,,
ADANIGREEN,2019.0,,,,,,,,,
ADANIGREEN,2020.0,71.87869176489616,,,,,,,,
ADANIGREEN,2021.0,28.277288090725804,,,,,,,,
ADANIGREEN,2022.0,35.615281969114456,59.19649782184464,,,,,,,
ADANIGREEN,2023.0,45.03143324246328,39.34741200699148,,,,,,,
ADANIGREEN,2024.0,43.44099813858789,34.976172926382844,,90.58982840512462,,,91.29311827723888,,
ADANIPORTS,2013.0,,,,,,,,,
ADANIPORTS,2014.0,,,,,,,,,
ADANIPORTS,2015.0,,,,,,,,,
ADANIPORTS,2016.0,25.72737783680763,,,20.335310574077937,,,20.507113208761503,,
ADANIPORTS,2017.0,20.44292261784719,,,30.86680450669683,,,33.420082436097246,,
ADANIPORTS,2018.0,22.55049229130244,25.91820191679197,,16.66217818116089,17.622249929148204,,17.840146380897437,17.607902252467355,
ADANIPORTS,2019.0,15.399601862092748,17.732092499981555,,12.301814736402504,18.36517675362346,,10.715524489384997,18.88654957871243,
ADANIPORTS,2020.0,12.05291534478916,14.053555422033591,,-1.009647005728731,10.246789703569824,,0.0,11.5506700140541,
ADANIPORTS,2021.0,3.4889719758043336,12.038437201046982,,11.017898337374833,12.070015891980225,,11.57215834702825,12.295510705682112,
ADANIPORTS,2022.0,16.149937942078484,15.196021711535357,,6.983450437029126,4.885683476768143,,6.575671665233052,3.8950477489882784,
ADANIPORTS,2023.0,20.650487988948683,12.98928015223748,19.278694630023587,12.512597053128683,7.876933597730829,12.644252606257812,9.579370842217516,6.790716584560208,12.068872384564932
ADANIPORTS,2024.0,28.63193631184944,19.57867595245697,18.65179197239284,17.084126579285687,14.909565182041629,16.624572854327614,14.977941578896626,14.869835499703507,16.860936130231472
ADANIPOWER,2013.0,,,,,,,,,
ADANIPOWER,2014.0,,,,,,,,,
ADANIPOWER,2015.0,,,,,,,,,
ADANIPOWER,2016.0,55.9414072705229,,,,,,,,
ADANIPOWER,2017.0,13.84398810447287,,,,,,,,
ADANIPOWER,2018.0,2.812281577801401,24.8547687158198,,,,,,,
ADANIPOWER,2019.0,-2.0008608070737237,9.27588040271312,,,,,,,
ADANIPOWER,2020.0,5.382486975545575,7.214840153417179,,,,,,,
ADANIPOWER,2021.0,8.898663210215553,0.6564928179288998,,,18.17630978435876,,,8.447177119769854,
ADANIPOWER,2022.0,5.078785671226016,4.14712377692581,,,,,,,
ADANIPOWER,2023.0,13.57151689685958,13.812394373753722,19.205789190494823,,,,,,
ADANIPOWER,2024.0,24.29479715622616,16.086096410440966,12.629527157691523,154.07088459944453,,,162.07413942088965,,
AMBUJACEM,2012.0,,,,,,,,,
AMBUJACEM,2013.0,,,,,,,,,
AMBUJACEM,2014.0,,,,,,,,,
AMBUJACEM,2015.0,-1.0783629462939648,,,-14.483559496590082,,,-14.501202666165147,,
AMBUJACEM,2016.0,29.929521264588832,,,3.913689722316227,,,-9.143970358393016,,
AMBUJACEM,2017.0,33.355861476067375,19.350297077682036,,9.362781071446658,8.52540579140837,,-7.168223327744416,0.0,
AMBUJACEM,2018.0,40.26238980107533,23.237521356132795,,54.38123689114178,18.394849848210317,,30.059144685138705,6.576275663547415,
AMBUJACEM,2019.0,10.48983632828422,22.17952288279829,,24.73491008967228,13.354938999207231,,22.39034103416604,1.9244876491456564,
AMBUJACEM,2020.0,1.2645273918070687,21.038388124060383,,16.89803632525486,30.913965581917104,,14.471424255333186,19.13578981670916,
AMBUJACEM,2021.0,3.610863166801348,7.587403635446233,,7.670983912476048,20.945123020866102,,8.37067626618271,18.466445254224407,
AMBUJACEM,2023.0,12.834792045164043,10.524097931492026,14.852444128831642,2.807041173311098,9.22761131697618,8.875942438176242,5.726427034643122,10.197228772148016,4.974867836138763
AMBUJACEM,2024.0,10.591471422496255,4.952158000173124,13.727937697465345,15.102458796546347,9.769081298428103,14.00041183392009,10.064241629820891,7.781806771272581,7.177346253629313
APOLLOHOSP,2013.0,,,,,,,,,
APOLLOHOSP,2014.0,,,,,,,,,
APOLLOHOSP,2015.0,,,,,,,,,
APOLLOHOSP,2016.0,17.728874672474994,,,-8.122660403959724,,,-8.23534978515731,,
APOLLOHOSP,2017.0,18.53226174654161,,,-25.35737330444589,,,-11.3938128033939,,
APOLLOHOSP,2018.0,17.134330674561184,16.942354195434504,,-43.63162940615079,-27.66612615683105,,-30.663872564936533,-18.316664954179764,
APOLLOHOSP,2019.0,16.070405074738446,17.157585093393312,,-5.233673848257103,-8.68462890526146,,0.0,-5.866497728949172,
APOLLOHOSP,2020.0,15.73013872152047,17.004024260020856,,48.84610815040138,5.217453808791128,,27.29108424148723,6.576275663547415,
APOLLOHOSP,2021.0,8.607430608703194,11.418616248778267,,31.680996855786447,-10.230141427470674,,7.721734501594191,-10.068835772242512,
APOLLOHOSP,2022.0,15.096223210672456,15.107895036926532,,76.94430456361536,53.26877733920136,,62.53914824285509,35.469202920865925,
APOLLOHOSP,2023.0,13.883745577885165,15.04488770509953,15.989740953171092,25.01234445988669,69.6829630130583,10.78730089645501,19.983162620797668,48.10065311433625,9.987977837776096
APOLLOHOSP,2024.0,21.752736351876717,14.660042602193135,15.90208668517812,89.6838465061924,36.13077689773863,11.493642912195057,84.69147504478333,29.95061094416296,10.60156477390728
ASIANPAINT,2013.0,,,,,,,,,
ASIANPAINT,2014.0,,,,,,,,,
ASIANPAINT,2015.0,,,,,,,,,
ASIANPAINT,2016.0,10.755821922659337,,,15.8366295357645,,,14.471424255333186,,
ASIANPAINT,2017.0,7.218685658898583,,,16.868030639048182,,,15.441567326431937,,
ASIANPAINT,2018.0,7.31138722508986,9.880359579270824,,13.70873731559634,12.582139819769456,,11.86889420813968,11.842691472014463,
ASIANPAINT,2019.0,10.47149225471069,9.503190332299203,,6.987846873108139,11.81991137137912,,6.917810999860885,11.09534595426207,
ASIANPAINT,2020.0,10.298190144554445,8.221620138866225,,11.225741486584017,14.218511658101551,,11.86889420813968,13.29568106011707,
ASIANPAINT,2021.0,8.873350063669472,8.755964741976374,,15.194344737182552,12.2071797054611,,16.260329205681458,12.888132073019754,
ASIANPAINT,2022.0,14.789178655337022,14.07882883288587,,11.794052574983072,8.881207385128832,,13.30326698854094,9.856054330611784,
ASIANPAINT,2023.0,19.498998826027325,15.43701971703546,12.624425571308606,14.782365179141244,14.86435977103433,13.71752464792262,15.37281116524374,15.41169840334604,13.61318135140226
ASIANPAINT,2024.0,17.801037676951047,13.029660349453076,11.25245350301849,20.11756716333324,20.277362101955056,15.971565352132288,19.983162620797668,20.973552688431266,15.929283130870008
ATGL,2018.0,,,,,,,,,
ATGL,2019.0,,,,,,,,,
ATGL,2020.0,,,,,,,,,
ATGL,2021.0,7.270351835657896,,,41.91293829015616,,,-12.64195352637011,,
ATGL,2022.0,20.903061342616457,,,30.50508484330676,,,35.72088082974532,,
ATGL,2023.0,32.66554996268296,26.083369020953363,,7.787579098981068,27.507439777296128,,7.721734501594191,-3.580749599737276,
ATGL,2024.0,38.18335427451367,21.08864867789759,,12.99654305433795,23.8762916927858,,14.471424255333186,24.57309396155174,
AXISBANK,2013.0,,,,,,,,,
AXISBANK,2014.0,,,,,,,,,
AXISBANK,2015.0,,,,,,,,,
AXISBANK,2016.0,14.670871756878734,,,16.66638206993023,,,16.73877216503947,,
AXISBANK,2017.0,13.2806136390887,,,-16.048906631446414,,,-16.752224563919892,,
AXISBANK,2018.0,8.868307834335031,10.987911870151825,,-66.52532009439784,-44.36698022375808,,-68.16686321542267,-46.10909661436371,
AXISBANK,2019.0,10.288898702805383,12.4060892911271,,-17.14957204060279,-5.536652756116112,,-19.88112909708025,-7.090562353743978,
AXISBANK,2020.0,12.033814435110845,12.038978942135437,,-23.812114278115104,-26.05214961079477,,-26.319370027192267,-27.995786442428194,
AXISBANK,2021.0,11.4331659108585,9.096920986218016,,187.9264103445373,-4.33918033794366,,180.20393306553868,-8.867994584474538,
AXISBANK,2022.0,7.008887096847105,8.629652750055783,,40.69223237842095,28.76848580321414,,32.63524026321307,22.86596790831472,
AXISBANK,2023.0,10.784666971087532,13.218149586033778,12.097484397984529,80.57570483973764,103.27842418477906,6.343747313864712,72.87683958802533,98.73407546644582,3.488931100847603
AXISBANK,2024.0,19.966046890428714,14.74358712051438,13.568824505023214,55.68795030685318,39.67228711897934,14.864754204532192,54.41427476002679,35.09600385206135,12.034341816031825
BAJAJ-AUTO,2013.0,,,,,,,,,
BAJAJ-AUTO,2014.0,,,,,,,,,
BAJAJ-AUTO,2015.0,,,,,,,,,
BAJAJ-AUTO,2016.0,4.074739372248004,,,9.032892006170634,,,9.035543672952985,,
BAJAJ-AUTO,2017.0,2.6096262820050065,,,6.466342563688388,,,6.417017658182589,,
BAJAJ-AUTO,2018.0,5.294708293109052,4.712870280520165,,11.71552579704409,6.132849888653125,,11.614645844793417,6.214991835579098,
BAJAJ-AUTO,2019.0,10.379446504610112,8.556461167034568,,6.662699242295234,7.832779509495569,,6.685884434218181,7.758766622357927,
BAJAJ-AUTO,2020.0,11.20628395722074,6.737929244588159,,8.51344897264421,11.48773610569618,,8.480363260354373,11.382417860287909,
BAJAJ-AUTO,2021.0,3.240418311323001,4.208397713725631,,4.806011239261476,3.644681858896592,,4.789751061124381,3.713728933664817,
BAJAJ-AUTO,2022.0,2.971005968509166,8.785694118186104,,7.756697741472696,8.615039134524306,,7.806155958170735,8.600568365506822,
BAJAJ-AUTO,2023.0,6.80789179897392,7.655655927728322,6.174068086913431,5.153259431920643,7.510930275020144,6.819667778308336,5.936858351628072,7.947399266462085,7.077692036013117
BAJAJ-AUTO,2024.0,17.384652616671946,8.127604751021389,8.341820762984753,16.642781522818396,9.358917170384974,8.59316738465321,17.995813862247644,10.177276348465591,8.961311524418347
BAJAJFINSV,2013.0,,,,,,,,,
BAJAJFINSV,2014.0,,,,,,,,,
BAJAJFINSV,2015.0,,,,,,,,,
BAJAJFINSV,2016.0,36.60364489627841,,,7.818956336406568,,,6.265856918261115,,
BAJAJFINSV,2017.0,59.64638755773664,,,16.339065907810024,,,11.86889420813968,,
BAJAJFINSV,2018.0,42.590575644232565,32.47248687895197,,20.127165594600594,13.531551973703415,,15.616214441920404,11.196158593857874,
BAJAJFINSV,2019.0,27.546747240431426,47.88684412807866,,24.645965188450305,19.65505670127323,,18.56311014966876,14.869835499703507,
BAJAJFINSV,2020.0,30.408468934381293,36.82239962434755,,20.216998664314545,19.998547079802957,,14.471424255333186,13.80604263098537,
BAJAJFINSV,2021.0,22.62351626435901,24.16310828398638,,20.830542848802104,21.56415523979378,,18.09632141839084,18.466445254224407,
BAJAJFINSV,2022.0,17.09666929216691,22.789380725671737,,15.656697198945093,19.233470493317984,,13.18511959629507,15.678857972406735,
BAJAJFINSV,2023.0,14.726169254286315,20.08816401406528,26.128417621369906,26.765082025379726,23.934162063099084,18.61887607621357,23.95961884821869,18.664882623542333,14.869835499703507
BAJAJFINSV,2024.0,22.131490415528443,20.97274568418761,33.754542295740954,28.399964328592414,23.74781614270227,21.68423051987376,22.12485139124836,20.589095060661244,17.69473018226546
BAJAJHLDNG,2013.0,,,,,,,,,
BAJAJHLDNG,2014.0,,,,,,,,,
BAJAJHLDNG,2015.0,,,,,,,,,
BAJAJHLDNG,2016.0,11.726446395904455,,,6.863668315512261,,,6.898406678019176,,
BAJAJHLDNG,2017.0,25.79322209374864,,,7.548059497443393,,,7.440160348978164,,
BAJAJHLDNG,2018.0,-7.109207560626629,4.501825711228924,,9.377374111537629,7.423008401181019,,9.507073017726883,7.432649386737111,
BAJAJHLDNG,2019.0,-2.846197283724139,0.3754211676243013,,10.403350150778756,8.923030643192643,,10.333348426245449,8.887870975177092,
BAJAJHLDNG,2020.0,-19.759728685377564,-3.654464709185068,,7.590898258064227,8.706054659623618,,6.610448040364947,8.127504121935925,
BAJAJHLDNG,2021.0,2.854264567702636,-0.5594154876097823,,11.23326177170767,10.037335934785352,,11.128464669058546,9.963545783237194,
BAJAJHLDNG,2022.0,3.941591882264017,-10.482766082359095,,10.621129107396609,10.779913437105648,,9.930180301493907,10.395070672547725,
BAJAJHLDNG,2023.0,6.265856918261115,4.444179509050206,4.472998634130687,17.10293995992722,13.24992350033174,10.297994014439116,17.4657898020145,12.776267708321695,10.072036539045314
BAJAJHLDNG,2024.0,55.00574158769729,31.612293448969165,14.937545587928923,26.318822706492305,19.297559063731292,13.992331678744474,25.79975033159396,18.96864732798973,13.81670668377948
BAJFINANCE,2015.0,,,,,,,,,
BAJFINANCE,2016.0,,,,,,,,,
BAJFINANCE,2017.0,,,,,,,,,
BAJFINANCE,2018.0,33.21138495410443,,,40.60132544346444,,,33.67965523528002,,
BAJFINANCE,2019.0,36.31208451920372,,,46.17802158544861,,,42.19334899257827,,
BAJFINANCE,2020.0,38.30151828250958,37.36788880500222,,42.06302823437693,42.43211025597565,,38.144978847331615,37.0406309505932,
BAJFINANCE,2021.0,27.90847378892014,29.58707889397152,,20.983430860396,28.147561056594416,,19.29387195926841,24.91722377545407,
BAJFINANCE,2022.0,19.617462835163792,25.982728075047355,,20.717895695390958,30.79520268278881,,18.90578000357144,28.584556081898803,
BAJFINANCE,2023.0,16.22866210873941,26.57512378511282,,29.786042786224588,35.75350595334395,,29.741261429898348,34.60370963665493,
BAJFINANCE,2024.0,27.259405758095312,24.35264273954201,,48.41981202939976,29.32313482597901,,47.23498631055778,27.5561392815338,
BANKBARODA,2013.0,,,,,,,,,
BANKBARODA,2014.0,,,,,,,,,
BANKBARODA,2015.0,,,,,,,,,
BANKBARODA,2016.0,7.915691324568752,,,,,,,,
BANKBARODA,2017.0,3.199941037800613,,,-28.316467717502725,,,-29.67322261660813,,
BANKBARODA,2018.0,0.8397137390901088,4.794092847280318,,,,,,,
BANKBARODA,2019.0,4.9259662751175215,5.50896667929075,,,-25.36843206737871,,,-29.51991307003312,
BANKBARODA,2020.0,21.055451361047428,11.92616288690813,,-19.13231120017117,-24.314204084211188,,-37.00394750525634,-35.56059850227457,
BANKBARODA,2021.0,17.290131688095723,10.16481983224744,,,,,,,
BANKBARODA,2022.0,11.52377382660912,10.535600363888877,,89.48709364432959,33.726878745525866,,55.36162529769293,13.396657763302722,
BANKBARODA,2023.0,6.201839296583267,15.460085773662335,9.99788611023451,148.23079839806036,,12.005120969095318,143.84994805366566,,2.3450909293078803
BANKBARODA,2024.0,16.788839489625307,17.477297665890944,11.33242243391459,126.679000994827,74.50588066551305,14.12119648658676,128.94284851066638,55.18455739153598,4.582126078713333
BEL,2013.0,,,,,,,,,
BEL,2014.0,,,,,,,,,
BEL,2015.0,,,,,,,,,
BEL,2016.0,5.442601569598193,,,13.641688204753134,,,25.99210498948732,,
BEL,2017.0,9.917699553493264,,,16.95559022577564,,,25.99210498948732,,
BEL,2018.0,13.609603856628038,10.641985771580508,,6.132524460899758,9.452138507365303,,0.0,14.869835499703507,
BEL,2019.0,18.263554701554696,13.290217628332757,,12.170889633500014,14.663974255941326,,14.471424255333186,24.57309396155174,
BEL,2020.0,14.42438442087881,12.825848528166572,,6.215440643406667,8.801214612767193,,14.471424255333186,8.447177119769854,
BEL,2021.0,10.69815409586161,13.918569182308293,,13.638777662966838,9.450456554239306,,14.471424255333186,8.447177119769854,
BEL,2022.0,8.10529845964616,12.165687034629167,,8.34605775641557,9.522227407124008,,0.0,8.447177119769854,
BEL,2023.0,10.996998251001887,11.261861446362742,10.951490711337565,17.835363227993795,15.848398363764948,12.604861989024418,10.064241629820891,14.869835499703507,14.869835499703507
BEL,2024.0,12.8335418079377,10.7508063318833,12.01331595775741,23.80447523322802,16.12648618019128,15.392913221732885,18.56311014966876,10.756634324829006,17.461894308801895
BHARTIARTL,2013.0,,,,,,,,,
BHARTIARTL,2014.0,,,,,,,,,
BHARTIARTL,2015.0,,,,,,,,,
BHARTIARTL,2016.0,7.851586337125016,,,44.872377079381856,,,40.10196653276936,,
BHARTIARTL,2017.0,3.5974111412192533,,,11.99579574252343,,,11.86889420813968,,
BHARTIARTL,2018.0,-4.906160644047541,1.4375315360475094,,-24.36704026277165,-0.7432107013407907,,-37.00394750525634,-12.944943670387588,
BHARTIARTL,2019.0,-5.765300888720882,-1.2132844043885815,,-37.43644937894484,-10.97707373184763,,-55.03556869773908,-27.52203363223045,
BHARTIARTL,2020.0,-2.8488560183098643,-1.848998611136332,,,,,,,
BHARTIARTL,2021.0,6.781003574142641,0.832178134357231,,,,,,,
BHARTIARTL,2022.0,12.996697315028772,4.070742937881411,,70.08097292131974,14.386368628705505,,91.29311827723888,0.0,
BHARTIARTL,2023.0,16.704788167661476,10.983012843154238,6.102982357910292,,41.26632421161504,18.41301354694236,,49.62778697388448,14.130869721941398
BHARTIARTL,2024.0,14.232767250604962,13.17410230151459,5.735981845577776,,38.35662769365473,10.981583453663312,,67.02776523348103,10.026509310601806
BHEL,2013.0,,,,,,,,,
BHEL,2014.0,,,,,,,,,
BHEL,2015.0,,,,,,,,,
BHEL,2016.0,-19.506043397221703,,,,,,,,
BHEL,2017.0,-10.391754152786836,,,-49.35167527194153,,,-53.5841116638722,,
BHEL,2018.0,-2.730048527751461,-10.031021577165578,,-32.90316478648266,-42.034357088019405,,-37.00394750525634,-43.90224272769003,
BHEL,2019.0,6.074549439943477,-5.106092359144476,,,-22.140732070101976,,,-21.39969144033772,
BHEL,2020.0,-8.982183537683975,-7.281709644490064,,,,,,,
BHEL,2021.0,-15.635932607895407,-7.460035190816505,,,,,,,
BHEL,2022.0,-11.345508538118263,-5.713396543974669,,-23.70476240543862,-0.4434764618247544,,-30.663872564936533,0.0,
BHEL,2023.0,2.870721679757926,-4.114427094959572,-7.119824290892407,,8.347957212397228,-20.75065301205081,,14.869835499703507,-19.72584382397693
BHEL,2024.0,11.343850250620193,-4.728642461606237,-4.917554706101179,,-22.39739906378477,-22.26917150608945,,-19.72584382397693,-20.567176527571853
BOSCHLTD,2012.0,,,,,,,,,
BOSCHLTD,2013.0,,,,,,,,,
BOSCHLTD,2015.0,,,,,,,,,
BOSCHLTD,2016.0,3.860303729640324,,,16.91490843669068,,,16.96070952851465,,
BOSCHLTD,2017.0,6.017860229629735,,,25.300219985997696,,,26.437310473316167,,
BOSCHLTD,2018.0,-1.1043231666079123,6.18651173448419,,0.8154548301936515,7.432180166570301,,1.768236131730827,8.041175404955059,
BOSCHLTD,2019.0,7.599449661750524,6.654273315819759,,1.4379650178992345,12.545128367318693,,3.560265421194453,13.959368943539596,
BOSCHLTD,2020.0,-1.9313261698648327,-4.024550643795177,,-27.993528732300355,-13.445141915487593,,-27.19141205693856,-12.3801276080158,
BOSCHLTD,2021.0,-5.972664847754272,0.035023391849509,,-29.421916510094118,-20.63767736148925,,-28.51759281870414,-19.59467620227703,
BOSCHLTD,2022.0,-0.8428304683377297,2.457867623757859,,-8.67887189756631,-6.911000758334218,,-8.662261361177437,-6.240552564879998,
BOSCHLTD,2023.0,14.898877471848504,5.013042518514266,5.598147103375362,29.87698878193881,0.761472818233444,4.043378941946285,29.96951051154666,1.470583543386672,4.704350984351113
BOSCHLTD,2024.0,19.843289373664,6.717165240230294,6.6857146436251735,72.86912600423906,9.275930793686072,10.898483572290708,72.64984767834024,9.261870727688626,11.585903400555033
BPCL,2013.0,,,,,,,,,
BPCL,2014.0,,,,,,,,,
BPCL,2015.0,,,,,,,,,
BPCL,2016.0,-8.125130441690553,,,61.06326332574204,,,68.09877033994816,,
BPCL,2017.0,-8.697913757319132,,,32.86858095089975,,,30.49558803896213,,
BPCL,2018.0,-0.9296174792989832,-0.5245909845212227,,24.435867944989887,38.29077496476137,,24.053456597035684,39.32590113656098,
BPCL,2019.0,16.66441552978377,2.435363295242277,,1.777267171421748,16.041709361898416,,-1.7860974765877446,14.869835499703507,
BPCL,2020.0,12.24096012267224,3.2430889943381613,,-27.2136979143179,-6.3233050093329135,,-29.527012679351085,-8.643159600651407,
BPCL,2021.0,-0.8154662147614067,4.151149125733,,20.9368987670137,16.447618328103108,,20.779754665705475,14.258791065592158,
BPCL,2022.0,5.157625621144435,11.497711669326293,,11.059744514853453,4.206483725471477,,14.471424255333186,6.185875879493463,
BPCL,2023.0,18.471406963773383,14.93778243741344,6.927465691906365,-16.542828239744654,-26.28728474954628,0.9642932760985046,-10.609646490343238,-24.95009584998956,2.256518256357287
BPCL,2024.0,24.863629368132333,8.483226324685255,5.4159319078910695,15.748130122124548,25.790698729746552,20.81791134772764,18.776353612992548,28.06304880261565,21.28718543006496
BRITANNIA,2013.0,,,,,,,,,
BRITANNIA,2014.0,,,,,,,,,
BRITANNIA,2015.0,,,,,,,,,
BRITANNIA,2016.0,10.72902684227348,,,46.94682271518167,,,45.66730228453515,,
BRITANNIA,2017.0,9.41024177991252,,,30.852510213081352,,,32.2393118173552,,
BRITANNIA,2018.0,8.05518967852381,9.89598908908318,,13.371744744234814,31.02436782517264,,13.140240479934253,30.72881395893534,
BRITANNIA,2019.0,9.600246583125417,9.844530773501935,,11.86889420813968,23.93585800247959,,12.181378776036713,24.57309396155174,
BRITANNIA,2020.0,8.610671725493635,8.100870936901284,,16.351816432833054,15.135356589751224,,16.165033811172403,14.869835499703507,
BRITANNIA,2021.0,9.834322396201545,9.362340796469915,,22.618943154319982,17.54130118103776,,22.39034103416604,17.761237717688783,
BRITANNIA,2022.0,8.539861530779703,9.319392415225236,,9.489483155671108,11.365632023060844,,9.487978497197226,11.23149262024683,
BRITANNIA,2023.0,12.008784937237891,10.456954960245657,10.176115002864885,18.43823508487972,18.19550715024256,24.444733131363197,18.28992229188444,17.978912471277987,24.190351072598283
BRITANNIA,2024.0,8.479583308976203,8.690023727476138,9.265752439203956,4.856654873228505,13.063515827454196,18.37492911445593,4.946129761743845,13.14353769849137,18.720851381956223
CANBK,2013.0,,,,,,,,,
CANBK,2014.0,,,,,,,,,
CANBK,2015.0,,,,,,,,,
CANBK,2016.0,8.93190661755634,,,,,,,,
CANBK,2017.0,1.5649690307792952,,,-19.17168599050957,,,-20.62994740159002,,
CANBK,2018.0,-1.9140803802695672,3.946572241266644,,,,,,,
CANBK,2019.0,2.8774221235335684,3.9169337588697672,,,-23.589233339154912,,,-27.52203363223045,
CANBK,2020.0,6.273403814844825,2.5778826660805887,,,,,,,
CANBK,2021.0,19.32935488681193,9.79068258124791,,,,,,,
CANBK,2022.0,13.770861896859676,11.239387352854724,,106.82838857172712,34.27109608133916,,51.82944859378311,6.961037572506879,
CANBK,2023.0,19.954135564657104,15.744100651185388,9.686838407526732,,,14.245937899779392,,,0.0
CANBK,2024.0,16.302939300232524,18.17561078322378,10.817178802179583,73.3401622666352,85.7752850068174,19.14374492187123,61.980590063874175,53.4206382524911,5.449589185476622
CHOLAFIN,2013.0,,,,,,,,,
CHOLAFIN,2014.0,,,,,,,,,
CHOLAFIN,2015.0,,,,,,,,,
CHOLAFIN,2016.0,17.919909166890392,,,23.13240895422275,,,20.507113208761503,,
CHOLAFIN,2017.0,12.702588162430374,,,24.956506607484098,,,21.644039911467992,,
CHOLAFIN,2018.0,14.378909594135637,16.68437656235511,,27.39525047802285,24.410888861750912,,25.99210498948732,24.57309396155174,
CHOLAFIN,2019.0,19.037636667595194,16.735030332037514,,27.685653013303742,26.604536128351008,,28.923198938929808,24.57309396155174,
CHOLAFIN,2020.0,22.892372097966685,18.58556025181821,,13.650684444854754,18.87527322931304,,13.040381433805548,16.723531932969316,
CHOLAFIN,2021.0,19.90434970135473,17.858630778154506,,18.330176130931108,21.476500952977503,,16.553177619681136,22.104343283362397,
CHOLAFIN,2022.0,12.601544217953542,16.672223519677342,,21.632747297226416,24.57309396155174,,20.123329994304417,23.636347834823447,
CHOLAFIN,2023.0,13.931622742085592,18.30709988146173,17.49293677735968,36.23400813306012,23.757322966390348,24.08367561206188,35.02127623583273,21.67286837864115,23.11444133449163
CHOLAFIN,2024.0,25.985530916686983,21.939164804975263,19.30872601017961,31.008346108097527,23.36341725167208,24.97347005007167,29.2240709727595,22.275238764557947,23.418818693862285
CIPLA,2013.0,,,,,,,,,
CIPLA,2014.0,,,,,,,,,
CIPLA,2015.0,,,,,,,,,
CIPLA,2016.0,18.539237100104767,,,-3.6249613007168,,,-3.63963416490265,,
CIPLA,2017.0,12.264940697368475,,,-9.66464671718168,,,-8.55397960832336,,
CIPLA,2018.0,10.135340493175017,12.85513972634824,,4.859066982791882,-1.7147666072381609,,6.265856918261115,-1.075518913431428,
CIPLA,2019.0,5.866212045685026,9.970821360334714,,2.5609923598450823,1.2232653529579365,,3.777107043295369,2.2494394759551506,
CIPLA,2020.0,5.97632515203157,8.59272043765662,,13.16626169531354,4.065763588348226,,13.48455252486973,4.841317128472156,
CIPLA,2021.0,8.127701053705326,6.798769202186472,,19.01876326759344,11.55236803550286,,18.56311014966876,12.030033714161736,
CIPLA,2022.0,9.97503897882548,8.6194133222254,,19.5143463606968,19.734062761097903,,17.7251803114417,18.98265847516061,
CIPLA,2023.0,9.920037285750482,8.465298065352634,10.638448871201112,23.60947783147771,14.861727803723523,6.250702233372785,22.585230441425352,14.224458489960767,6.299554484078906
CIPLA,2024.0,10.389755935227928,9.513860126378049,9.74210289783317,20.249546582874324,22.726834848000887,11.457664472874352,19.348319192733697,21.832544608565986,11.612317403390438
COALINDIA,2013.0,,,,,,,,,
COALINDIA,2014.0,,,,,,,,,
COALINDIA,2015.0,,,,,,,,,
COALINDIA,2016.0,4.4624160180822825,,,-6.324143365636392,,,-5.204434004947823,,
COALINDIA,2017.0,3.4469336619301405,,,-15.002005832053069,,,-14.501202666165147,,
COALINDIA,2018.0,4.771413528224211,4.530928548191615,,-19.962924836338196,-16.516639196869278,,-20.62994740159002,-16.43858526219666,
COALINDIA,2019.0,8.549069216250338,7.119583581673816,,6.972058661920855,2.935304969734065,,6.776758314981257,3.131030647754507,
COALINDIA,2020.0,7.121194326442315,5.326952047804134,,21.634329363018388,3.9987615210192784,,21.644039911467992,4.180926810264429,
COALINDIA,2021.0,1.836010674715549,2.9460281504197328,,21.751489196568773,-2.297002167365203,,24.053456597035684,-1.8029837629920944,
COALINDIA,2022.0,3.2815086004676752,7.016771822811507,,-0.164417380639148,13.367968233078154,,0.0,13.29568106011707,
COALINDIA,2023.0,12.896239497965745,10.154316600646451,7.305792005171141,23.84712426047706,35.14033704685049,6.21661601057959,24.41703856057493,36.43384909521037,6.773617755135319
COALINDIA,2024.0,16.493956528516662,7.402890725901301,7.261143616999366,43.28908935217686,16.43231987118112,9.476008121750844,42.6823258428825,16.851518569430034,9.777126683205474
DABUR,2013.0,,,,,,,,,
DABUR,2014.0,,,,,,,,,
DABUR,2015.0,,,,,,,,,
DABUR,2016.0,8.210750375643494,,,17.857237047762297,,,20.507113208761503,,
DABUR,2017.0,2.559778168239069,,,11.799063419577216,,,11.86889420813968,,
DABUR,2018.0,-0.3131454957696178,4.691708009656703,,8.336842147135126,12.133195884079996,,10.064241629820891,14.869835499703507,
DABUR,2019.0,3.0548301312460118,3.8246796218349033,,4.863315657703393,9.560640840459556,,4.551591714942038,9.856054330611784,
DABUR,2020.0,4.48460777800721,2.185845018699095,,4.196435936023768,6.277042883206563,,4.551591714942038,5.922384104881218,
DABUR,2021.0,7.3840173521868335,4.21106361296264,,7.6688259790842705,6.2122070007714525,,7.721734501594191,7.394092378577932,
DABUR,2022.0,8.542823643602704,7.417496175488059,,6.404489534023128,6.357381418513053,,7.721734501594191,7.394092378577932,
DABUR,2023.0,9.905601684338404,8.347751250887736,6.504042822142919,5.514444595179802,4.607038897675087,8.304762515627996,7.721734501594191,4.563955259127317,9.595822638521724
DABUR,2024.0,9.061384362071356,7.814065037783324,5.800570703921659,2.231072252692079,4.604418961155621,7.053851757552976,0.0,4.563955259127317,7.177346253629313
DIVISLAB,2013.0,,,,,,,,,
DIVISLAB,2014.0,,,,,,,,,
DIVISLAB,2015.0,,,,,,,,,
DIVISLAB,2016.0,20.744742509307112,,,23.21038077884925,,,22.228876016833944,,
DIVISLAB,2017.0,17.083761391523545,,,11.09865223726969,,,11.315078730200367,,
DIVISLAB,2018.0,7.696368677144871,12.648856319282388,,0.9686771151561137,7.815355794198564,,1.0310005155547586,7.487316557532875,
DIVISLAB,2019.0,9.414288894577584,14.32944154477973,,6.313023305687548,11.846825067452894,,6.685884434218181,11.952664832522045,
DIVISLAB,2020.0,9.896977358448078,11.60677996581516,,9.112881508973846,10.07757894724064,,9.139288306110592,10.197228772148016,
DIVISLAB,2021.0,21.44223311901159,13.038840944248363,,31.274596324094414,11.995521268019417,,31.476794716464763,12.295510705682112,
DIVISLAB,2022.0,21.904002708703963,17.130733265194962,,29.816921151635988,22.799661357049537,,29.98182056186762,22.86596790831472,
DIVISLAB,2023.0,12.922578841015287,14.82551842034332,13.731980226848982,9.823925927162346,15.772403111787137,11.72306311879705,9.88757320151712,15.895621875417865,11.612317403390438
DIVISLAB,2024.0,4.025743333608478,9.664930361854074,11.972899602171315,-6.919343378939391,3.4104521925080844,7.545947187802726,-7.168223327744416,3.303780411393231,7.541310687238512
DLF,2013.0,,,,,,,,,
DLF,2014.0,,,,,,,,,
DLF,2015.0,,,,,,,,,
DLF,2016.0,8.491371914570411,,,-22.95851090034077,,,-20.62994740159002,,
DLF,2017.0,-0.3102731794761948,,,6.265856918261115,,,0.0,,
DLF,2018.0,-4.286202275682516,-2.906998321107812,,106.69329011366662,46.343100538026775,,102.74006651911334,44.26999059072136,
DLF,2019.0,-5.54001698972777,0.1633603100011926,,62.71659286874707,17.367720732531254,,44.22495703074083,8.447177119769854,
DLF,2020.0,-9.552259364271675,-4.478170646145219,,,,,,,
DLF,2021.0,-6.889931026027241,-11.417323931344514,,-37.69152518358227,28.844452220918917,,-45.71164766810186,14.869835499703507,
DLF,2022.0,-11.918755127707092,-7.007331825655971,,4.5117928562375065,16.20146415822752,,0.0,8.447177119769854,
DLF,2023.0,-2.1730221138701267,-3.2183360878788925,-3.062792196672204,,-14.597069972489107,11.795033768312324,,-20.37856588930055,7.177346253629313
DLF,2024.0,5.883921200220743,-5.136730668466605,-2.5227009697177505,35.99602527786225,15.697066513836644,16.52939969024585,40.10196653276936,12.888132073019754,10.645376106020564
DMART,2013.0,,,,,,,,,
DMART,2014.0,,,,,,,,,
DMART,2015.0,,,,,,,,,
DMART,2016.0,36.96336299080871,,,50.43216582443817,,,44.22495703074083,,
DMART,2017.0,36.42393122470193,,,43.82571635300643,,,38.672254870126935,,
DMART,2018.0,32.66073855395801,35.09330802455233,,56.074898184791344,53.68852326384979,,48.12480342036851,45.40611511009971,
DMART,2019.0,32.58150631646293,33.68025160547021,,41.25988653487156,41.14845615268448,,32.63524026321307,36.08221078587388,
DMART,2020.0,27.85977628773606,31.03022055295439,,39.52346751429516,43.743523788454674,,35.72088082974532,37.97296614612149,
DMART,2021.0,17.106731277796293,22.97598366165345,,10.888765910796415,27.98808551972234,,9.354129979287684,23.15712275705608,
DMART,2022.0,15.689939325502644,21.09055625089784,,18.264416994434573,25.512408056240243,,17.995813862247644,23.51723745192793,
DMART,2023.0,19.873879018861157,23.29934256671533,29.06167542919187,22.267636716311426,24.15818684292788,38.13648463388204,22.760102619214862,23.26837598530007,33.88045289717836
DMART,2024.0,28.132551951927297,20.48312440202782,26.91026114651347,32.144934169439935,22.96698996520703,31.74445260173808,31.88798361621814,22.740337821451305,29.23922207808318
DRREDDY,2013.0,,,,,,,,,
DRREDDY,2014.0,,,,,,,,,
DRREDDY,2015.0,,,,,,,,,
DRREDDY,2016.0,9.575296075369511,,,11.750155867638812,,,11.57215834702825,,
DRREDDY,2017.0,1.904126632236025,,,-13.014391739579755,,,-11.3938128033939,,
DRREDDY,2018.0,-1.6742387845302686,3.832366155503753,,-25.989663264240654,-9.112912118854366,,-25.867330314356156,-9.380004555508936,
DRREDDY,2019.0,-0.257600316734774,2.862320330843815,,-2.9153906988907297,-0.1328025935786625,,-2.7411173781144,0.0,
DRREDDY,2020.0,7.258383263798773,3.119455830493445,,16.178467237193452,-2.80737305050921,,14.471424255333186,-2.328131613882612,
DRREDDY,2021.0,10.077085198088833,4.117399386622145,,27.265282177488626,-1.7394314441348755,,27.872861448303944,-1.6538041668570205,
DRREDDY,2022.0,11.72698497788347,8.70164128647819,,3.8181721474059183,11.049970245016972,,4.171400751029397,10.197228772148016,
DRREDDY,2023.0,12.090758120925528,11.553218790860884,7.623578547257415,30.541732548171183,36.6178718301797,11.430698297931508,31.03706971044482,37.46755707779583,11.612317403390438
DRREDDY,2024.0,13.71726615103832,12.639644349571988,7.640025915260695,41.90561020689674,23.392504645437477,11.008394366816532,42.81779454599071,23.842409558387544,11.284504563028698
EICHERMOT,2012.0,,,,,,,,,
EICHERMOT,2013.0,,,,,,,,,
EICHERMOT,2014.0,,,,,,,,,
EICHERMOT,2016.0,-1.14503812816652,,,41.22800835915517,,,59.834899138702966,,
EICHERMOT,2017.0,1.0798297668932255,,,46.98017680828972,,,59.61714015088737,,
EICHERMOT,2018.0,0.8585571927693936,7.006432954159858,,40.81199549720458,32.77383282227619,,46.285591962565945,43.096908110525554,
EICHERMOT,2019.0,16.644861117382746,7.544746258616874,,18.08266003866565,33.220493693612575,,18.23960755919089,40.11310323534028,
EICHERMOT,2020.0,9.183437543070404,0.9345319675231112,,3.1021327666242997,21.082195479395427,,3.1767053684250257,23.842409558387544,
EICHERMOT,2021.0,-0.919376620875112,7.152927696267497,,-11.752209319629667,0.1341686401380437,,-12.03946520159872,0.0,
EICHERMOT,2022.0,1.6763450961396975,7.925098579405265,,-8.692555393282852,0.1196891518113307,,-9.01950988821978,0.0,
EICHERMOT,2023.0,16.414071199789483,10.00575583348986,8.49573049741641,16.837879598461324,8.254683647077377,19.88907068113193,16.8879274876113,8.24560104695471,24.45726506068131
EICHERMOT,2024.0,23.776441520116,11.036936496739692,9.276892163329876,43.747506025200565,12.675841665377696,22.51828946734826,43.89717190746498,12.505451629050324,25.55272979365966
GAIL,2013.0,,,,,,,,,
GAIL,2014.0,,,,,,,,,
GAIL,2015.0,,,,,,,,,
GAIL,2016.0,0.7006676522700372,,,-24.572658969241058,,,-20.62994740159002,,
GAIL,2017.0,-7.709947527687433,,,-10.999838512158489,,,-10.609646490343238,,
GAIL,2018.0,-3.454191287179198,1.3451995923340787,,14.99230245271834,1.9300037093893607,,11.86889420813968,3.131030647754507,
GAIL,2019.0,13.540482732754366,4.287223602942447,,51.78313794622716,6.486240551392464,,49.38015821857216,7.394092378577932,
GAIL,2020.0,14.308773392647913,3.670762597648469,,41.28234828250916,24.66494277190292,,40.94597464129783,22.86596790831472,
GAIL,2021.0,1.729080992251908,1.964934607077251,,8.533141639866514,26.800856113134365,,8.738037300289214,24.57309396155174,
GAIL,2022.0,6.783264667890987,13.825636214501213,,23.367865734736505,29.532947770267405,,21.644039911467992,29.19940099556333,
GAIL,2023.0,26.174844976511213,21.73064025416293,11.0712205436708,-16.216923333499757,3.0948242873626075,2.510759542741248,-13.69456260028179,5.154749679728043,4.137974399241062
GAIL,2024.0,32.42353373080278,11.825154521824269,7.990438901094743,17.25429359158057,8.608876760374562,7.54232179343064,18.56311014966876,8.447177119769854,7.919350247286827
GODREJCP,2013.0,,,,,,,,,
GODREJCP,2014.0,,,,,,,,,
GODREJCP,2015.0,,,,,,,,,
GODREJCP,2016.0,9.523744009139158,,,-0.5553466342715363,,,0.0,,
GODREJCP,2017.0,6.8422913907641325,,,16.889261306990733,,,22.91789212788069,,
GODREJCP,2018.0,5.977492077553093,8.958743119932766,,18.74101168666524,14.098272394470612,,21.14137285547597,14.869835499703507,
GODREJCP,2019.0,6.980081142651051,6.300213432374568,,41.25222221836062,23.384497809507977,,42.19334899257827,26.860365757837947,
GODREJCP,2020.0,2.261105568258426,3.6790216415082178,,4.601525618662605,8.931728895675239,,4.885624628838681,10.756634324829006,
GODREJCP,2021.0,3.851011990511455,5.53671105641147,,1.7441870456873063,15.674057422198365,,2.041377547933698,16.271101521949817,
GODREJCP,2022.0,5.976584245430305,5.78258385485102,,-8.689339528488361,6.391937978421702,,-9.58502599188228,5.511819868320456,
GODREJCP,2023.0,10.344858845004868,6.221876592916709,7.581607003264335,4.370857548567675,0.8187946109764255,7.25320643228049,4.260360145884445,1.2198729249942586,7.829078416700663
GODREJCP,2024.0,8.522532034887087,6.447080048592069,6.3736213937384045,,,,,,
GRASIM,2013.0,,,,,,,,,
GRASIM,2014.0,,,,,,,,,
GRASIM,2015.0,,,,,,,,,
GRASIM,2016.0,7.309222224389078,,,-2.935139949103538,,,-3.63963416490265,,
GRASIM,2017.0,8.381057855312534,,,12.85561357492917,,,14.471424255333186,,
GRASIM,2018.0,20.766586510956685,14.901099094689751,,12.618971849966654,-0.4810485053275415,,1.770278030530159,-7.308918323692614,
GRASIM,2019.0,30.813920323814337,22.19996436144742,,-7.381424097243261,-1.456865684162445,,-21.152133918085227,-10.69053938769834,
GRASIM,2020.0,23.68900816812369,16.5515659503233,,16.066679372961048,20.789528537428748,,-0.5076229555396217,11.928923410636116,
GRASIM,2021.0,10.98142625825973,17.244407371689796,,23.73710293122577,15.124707108874924,,17.33438845558204,4.316756381013498,
GRASIM,2022.0,7.423605620928964,21.551097071912075,,59.821826556295086,21.421089562184317,,64.35931529754173,10.957281717318423,
GRASIM,2023.0,19.893934618165886,16.045516550863393,15.471890071589334,18.609524284497315,24.60460410715055,11.357620090195809,15.441567326431937,20.72218257699245,5.782180377349477
GRASIM,2024.0,19.68160909363319,11.15172597339149,16.544999689655548,12.415926079345653,29.31424972932857,12.885036563882046,10.499282680146528,27.730844458753975,6.806239621873766
HAL,2013.0,,,,,,,,,
HAL,2014.0,,,,,,,,,
HAL,2015.0,,,,,,,,,
HAL,2016.0,5.360754278166824,,,-12.64195352637011,,,-39.10539999932323,,
HAL,2017.0,5.85076698066771,,,-0.9623191291115774,,,8.738037300289214,,
HAL,2018.0,5.591656491972752,5.265580983334939,,-5.943709137412478,-7.890966594046478,,6.265856918261115,-24.70954635097412,
HAL,2019.0,6.086591875830405,5.741203899167258,,5.497987403463078,-2.721171725621041,,7.721734501594191,4.563955259127317,
HAL,2020.0,6.109401730244923,6.394570467831362,,2.800551522829653,3.5423339569849333,,5.272659960939663,10.933280572585158,
HAL,2021.0,7.3063649476970305,6.427622141180112,,17.689493459998417,10.144570260094763,,16.96070952851465,11.382417860287909,
HAL,2022.0,7.158869507828092,6.523326267477558,,29.424386801722903,14.221464244950631,,29.493663001001067,16.11871423331621,
HAL,2023.0,7.88457358429544,7.774821786490715,6.512812519106492,26.92356655445871,23.93974596772848,6.8455436677959725,27.4745010430834,23.731306739312828,-3.481679381634306
HAL,2024.0,9.909701355201484,8.712548590236358,7.216583450874392,32.85327865470051,26.485270563052985,10.924924675843672,33.420082436097246,26.63896760913802,15.073330286143992
HAVELLS,2013.0,,,,,,,,,
HAVELLS,2014.0,,,,,,,,,
HAVELLS,2015.0,,,,,,,,,
HAVELLS,2016.0,2.0999521264519982,,,30.794376919552867,,,32.63524026321307,,
HAVELLS,2017.0,-8.686101932166434,,,3.465929442021753,,,4.551591714942038,,
HAVELLS,2018.0,-1.4052637246992572,2.609982178791892,,19.742110916525803,2.613633352462008,,22.39034103416604,4.095039696925684,
HAVELLS,2019.0,9.87428966405377,4.583169988804903,,-15.36936066514506,12.056814338441036,,-14.773493673718797,13.179836563100178,
HAVELLS,2020.0,15.4792195037027,2.197019236923814,,14.16162186298411,13.80604263098537,,14.471424255333186,14.869835499703507,
HAVELLS,2021.0,8.814897312024517,6.607388064296771,,16.457200619727928,-4.291297361421565,,15.616214441920404,-4.138123663706228,
HAVELLS,2022.0,11.433013510699386,17.85499591111963,,14.921597409969856,19.344070441601247,,13.48455252486973,18.88654957871243,
HAVELLS,2023.0,21.45044164279215,15.81517033156188,9.01280917284588,13.40594331748628,10.15359239105418,6.316792380471026,12.31106834675555,9.096607850144968,6.566484998618472
HAVELLS,2024.0,21.14089015706202,13.03790793906312,8.728389766288359,6.77797587953104,10.033231229420036,11.040413196880138,5.566719197800074,8.997698704834534,11.069085371075271
HCLTECH,2013.0,,,,,,,,,
HCLTECH,2014.0,,,,,,,,,
HCLTECH,2015.0,,,,,,,,,
HCLTECH,2016.0,6.7698010865795855,,,11.511736740787914,,,12.624788044360605,,
HCLTECH,2017.0,13.956295876186054,,,9.649603437865697,,,9.260824362327934,,
HCLTECH,2018.0,11.276166573871096,14.602309452456485,,5.909251986558584,16.63984757695922,,6.038306207109678,17.2321504725808,
HCLTECH,2019.0,24.73530835036466,13.455674699068654,,21.790235245269507,9.164159008362072,,22.760102619214862,9.975204344332944,
HCLTECH,2020.0,14.108769829442693,14.003664887056557,,8.712292952185074,8.533694296800443,,10.973904713454852,9.537317657751387,
HCLTECH,2021.0,14.232233600356391,19.343153842236195,,8.592392822069407,14.797977637503902,,9.767571076041248,15.43852585822143,
HCLTECH,2022.0,12.33121804588848,12.48212417107142,,10.144845609168772,9.45972211285866,,10.5578098535263,10.756634324829006,
HCLTECH,2023.0,12.80679433570022,14.94198000047462,14.772019068640851,10.31831778597172,11.222543851563692,13.898992804888554,10.28749628139114,12.150237889617976,14.66304358341195
HCLTECH,2024.0,13.396477329776978,12.710299978373406,13.082373204583831,12.0436628527816,9.194090295112025,9.179123626035102,12.257330985276148,9.40703635079412,9.69075247889608
HDFCBANK,2013.0,,,,,,,,,
HDFCBANK,2014.0,,,,,,,,,
HDFCBANK,2015.0,,,,,,,,,
HDFCBANK,2016.0,20.76594733223789,,,22.9215446235167,,,21.321375160129328,,
HDFCBANK,2017.0,19.85620098462466,,,20.43638844397513,,,18.56311014966876,,
HDFCBANK,2018.0,18.95711890140528,18.91950885967244,,20.14303953691674,21.87445860432433,,19.681696117715084,20.7910879772286,
HDFCBANK,2019.0,18.522174644131795,19.834211467600227,,20.52367142460105,20.683440705228385,,17.92737079940734,17.89686864191824,
HDFCBANK,2020.0,18.585975523887367,19.25129346932397,,21.238838123135963,20.59205522492409,,18.56311014966876,18.94608218221061,
HDFCBANK,2021.0,14.656048220040274,15.272202925687562,,19.729499834991103,19.965562603525957,,17.230827599961064,18.330744502429685,
HDFCBANK,2022.0,8.933115924941903,13.156752089445444,,19.340812182873645,20.023543022481302,,18.947434102124603,18.12601880431084,
HDFCBANK,2023.0,11.801146839851809,14.89379936491606,16.88932454034271,19.129987192053232,19.980919190469294,20.923982605551128,17.92737079940734,17.89686864191824,19.33520449710433
HDFCBANK,2024.0,30.186956140948773,21.95098428169122,20.887964823195592,27.12356908487252,23.865063572879077,22.263903320427715,13.140240479934253,15.424788082530828,16.654280155455027
HDFCLIFE,2013.0,,,,,,,,,
HDFCLIFE,2014.0,,,,,,,,,
HDFCLIFE,2015.0,,,,,,,,,
HDFCLIFE,2016.0,8.8659251397204,,,22.26575794619716,,,25.99210498948732,,
HDFCLIFE,2017.0,21.312705025984258,,,6.953550044347678,,,0.0,,
HDFCLIFE,2018.0,5.832407288001629,18.068979210389813,,12.092105000644771,19.885875601681917,,14.471424255333186,24.57309396155174,
HDFCLIFE,2019.0,28.902665113717664,17.748548170832045,,16.083260822533884,12.005298924817453,,14.471424255333186,8.447177119769854,
HDFCLIFE,2020.0,-1.397496659666153,1.5426961503206993,,13.502506455997686,10.535934188119931,,14.471424255333186,8.447177119769854,
HDFCLIFE,2021.0,30.39789267576891,31.571847111711104,,7.128124423077553,10.745786997425878,,5.272659960939663,11.842691472014463,
HDFCLIFE,2022.0,19.990800802788545,16.977021770482814,,1.2620440460022977,8.390060976433,,0.0,8.447177119769854,
HDFCLIFE,2023.0,33.69326864431261,16.82699621683943,17.44634599483419,1.7924046284194306,4.324832308677151,11.83502970145085,0.0,0.0,11.612317403390438
HDFCLIFE,2024.0,12.366704821498663,21.16813430936688,19.44610458066991,4.966053172356233,4.25449161597129,8.060425215255096,0.0,3.131030647754507,5.755705033825231
HEROMOTOCO,2014.0,,,,,,,,,
HEROMOTOCO,2015.0,,,,,,,,,
HEROMOTOCO,2016.0,,,,,,,,,
HEROMOTOCO,2017.0,4.217879202822017,,,19.04249113278256,,,19.459651644596644,,
HEROMOTOCO,2018.0,5.632231257694875,,,16.334795886648877,,,16.379631833470242,,
HEROMOTOCO,2019.0,6.081521273345159,6.092194646194393,,3.656448139096247,10.51956562416465,,3.0883522949268998,10.3742662730538,
HEROMOTOCO,2020.0,0.7447599570538088,1.2163267615447948,,1.0511420331481336,9.129706567474804,,0.555566955512532,9.05306498739704,
HEROMOTOCO,2021.0,-1.5637510188488024,1.6996742986216562,,-7.602569468023413,-1.1575975899889346,,-7.75419244590786,-1.4422816893438384,
HEROMOTOCO,2022.0,-4.54003220248077,0.649324573864174,,-12.411522620725435,-8.063884175161895,,-12.304660425977742,-8.3102071293645,
HEROMOTOCO,2023.0,5.301783210107014,1.0262274293043383,,-8.532837352235456,-5.53382463506652,,-8.156327442370149,-5.389086951880584,
HEROMOTOCO,2024.0,6.870906150291889,2.1530677970544643,4.104001615840858,8.421624634095327,1.5441818871883894,5.936862676941823,8.599939568135696,1.6863437197464748,5.941283634174321
HINDALCO,2013.0,,,,,,,,,
HINDALCO,2014.0,,,,,,,,,
HINDALCO,2015.0,,,,,,,,,
HINDALCO,2016.0,7.188141536422643,,,,,,,,
HINDALCO,2017.0,4.538078159935965,,,-4.998958864002645,,,-10.07113739547817,,
HINDALCO,2018.0,3.369972212946082,7.51037706220592,,186.3778015501153,15.132219678170776,,88.98815748423097,11.032151746146004,
HINDALCO,2019.0,9.746629896073555,8.281705099970505,,,20.14525802194576,,,16.8863268921301,
HINDALCO,2020.0,5.65038914335767,2.527719294421793,,26.02556902957076,70.82017845038192,,28.564079532911755,33.56042305195701,
HINDALCO,2021.0,4.649531523841644,5.97531435810712,,-16.961680276450775,,,-16.00526334034179,,
HINDALCO,2022.0,14.324306894244042,14.254555528747236,,35.69617735616912,48.80248487843864,,36.47073516767032,50.12325406940919,
HINDALCO,2023.0,23.62191599591421,14.146326442125012,10.77867392263956,38.90959508019329,10.666177153274848,12.877112910253883,38.33153542625083,10.756634324829006,10.894307469981593
HINDALCO,2024.0,17.830855223435172,10.592433818985914,9.43097050230084,42.85939867649064,13.06871230695661,16.553290877299798,41.15540433215428,13.396657763302722,15.128271105738422
HINDUNILVR,2013.0,,,,,,,,,
HINDUNILVR,2014.0,,,,,,,,,
HINDUNILVR,2015.0,,,,,,,,,
HINDUNILVR,2016.0,6.026144514209131,,,2.638793990314081,,,1.8185790714934316,,
HINDUNILVR,2017.0,4.291958729799861,,,4.310978498255391,,,5.272659960939663,,
HINDUNILVR,2018.0,3.594390146476889,5.65014169432414,,6.102364490153711,6.366991948602041,,6.265856918261115,5.922384104881218,
HINDUNILVR,2019.0,6.892035103220162,6.10185094777882,,13.44184911063353,8.90385875618529,,13.798047356553855,9.238846414037294,
HINDUNILVR,2020.0,6.255708535006144,4.468544770055072,,14.590276308931038,9.074307784278869,,13.862522184714066,9.160706958928856,
HINDUNILVR,2021.0,9.780700333610891,7.879245537212842,,15.237651488475931,14.018833278510812,,12.31106834675555,12.34275325950922,
HINDUNILVR,2022.0,10.08710276693292,9.600953176013682,,13.634169774627305,14.643813143172402,,10.715524489384997,12.59338096786924,
HINDUNILVR,2023.0,15.047516049594757,11.252595068377769,8.415185434676896,14.505301565465832,14.178092979806411,10.203358826715458,11.524149667113528,12.370274760425982,9.09870487382003
HINDUNILVR,2024.0,9.589435897156353,9.504485244074123,7.789742422365942,8.729477470315782,11.152950436803422,10.022657733318274,8.974425081854953,9.460878422315757,9.34980606439575
ICICIBANK,2013.0,,,,,,,,,
ICICIBANK,2014.0,,,,,,,,,
ICICIBANK,2015.0,,,,,,,,,
ICICIBANK,2016.0,9.72438950931318,,,2.5566514971660403,,,2.174590985807079,,
ICICIBANK,2017.0,7.191540412740927,,,-0.9714109175412156,,,-2.000538994071077,,
ICICIBANK,2018.0,4.187483730625474,6.72956758804637,,-11.077158440000543,-2.121706379427601,,-14.20225339003196,-4.3647500209963,
ICICIBANK,2019.0,6.677063756531809,7.785564136098544,,-19.552664652172258,-13.395405873309176,,-24.085275703108437,-16.260604064943717,
ICICIBANK,2020.0,11.65870273321319,9.068758698425295,,-0.3391856172353491,-2.8065516501292964,,-2.128308970778414,-4.617756873980916,
ICICIBANK,2021.0,12.776833842946475,8.501260775564191,,30.79984580486561,13.258923400037336,,31.03706971044482,11.032151746146004,
ICICIBANK,2022.0,9.846302684640996,9.379405364120297,,67.08754781027004,18.536207206394103,,72.61087479943642,17.607902252467355,
ICICIBANK,2023.0,12.585345733135323,14.26156295595622,10.431368760074443,46.73088702054476,31.262876521643257,13.348076162175504,48.377576612765694,32.496060863545125,12.566841929221884
ICICIBANK,2024.0,21.39660074377121,17.25086850260209,12.41864172369489,31.28635844345755,51.94877118224903,14.714696775470282,32.63524026321307,55.18455739153598,13.995881918674137
ICICIGI,2013.0,,,,,,,,,
ICICIGI,2014.0,,,,,,,,,
ICICIGI,2015.0,,,,,,,,,
ICICIGI,2016.0,14.566452876307467,,,12.826491837784747,,,11.199004528465784,,
ICICIGI,2017.0,19.9986383287754,,,10.520944959211608,,,10.064241629820891,,
ICICIGI,2018.0,17.747300339951224,11.493246356113971,,13.793415582876367,19.54915536189077,,13.48455252486973,18.88654957871243,
ICICIGI,2019.0,22.767251536215216,20.73089151460985,,27.425352292005268,15.067964028910176,,27.872861448303944,13.896221858789914,
ICICIGI,2020.0,15.267580002856883,22.156815510192395,,19.36831723586816,15.33727652545467,,17.566734386037865,14.869835499703507,
ICICIGI,2021.0,20.7225831572806,15.050150901377556,,19.55428881562893,23.776716438802197,,18.977669851800584,23.808784136769123,
ICICIGI,2022.0,12.8101226033686,16.337964135790962,,6.608055197972473,12.606040444349386,,4.171400751029397,10.197228772148016,
ICICIGI,2023.0,15.782696485701164,20.929796850443783,16.115699334936373,13.134975939398984,14.936388172122529,17.220084142281955,10.415886963424924,12.995952835136617,15.9038349189893
ICICIGI,2024.0,18.98796206427069,12.91184100336258,16.75593015728085,9.217125634550683,12.83917371819816,13.948119696893514,6.816467042447916,11.139222486886505,12.5092775800282
ICICIPRULI,2013.0,,,,,,,,,
ICICIPRULI,2014.0,,,,,,,,,
ICICIPRULI,2015.0,,,,,,,,,
ICICIPRULI,2016.0,1.3532240549049446,,,2.886194435156608,,,2.9428498400178693,,
ICICIPRULI,2017.0,19.99316346150739,,,2.519787219760028,,,2.9428498400178693,,
ICICIPRULI,2018.0,4.068885818752821,14.16249374118479,,-0.428664172409221,1.336719990135049,,0.0,0.0,
ICICIPRULI,2019.0,25.75497178594537,13.629456216771342,,-11.621506706806084,-6.108956847763958,,-12.64195352637011,-6.170487402194635,
ICICIPRULI,2020.0,-17.77192214808054,-9.405508418395812,,-14.076331812129029,-8.237737238066,,-16.44503441725692,-8.643159600651407,
ICICIPRULI,2021.0,28.90799881162713,31.883002459782304,,-16.10481916376746,-10.340814423614653,,-13.986137246278185,-10.219223176287471,
ICICIPRULI,2022.0,15.305537807490532,10.944844537496,,-12.654738254559938,-14.712937419779582,,-14.501202666165147,-16.062167251461247,
ICICIPRULI,2023.0,33.902508051302284,5.385892062674458,9.686445119778808,-8.663988641203069,-12.869794292890711,-6.034637985988677,-5.008574840700353,-11.416728965524282,-5.881313739260197
ICICIPRULI,2024.0,2.777335010929405,16.84553965244746,15.22627795803697,-3.803953723638853,-5.663194189152343,-5.886339433478582,-5.008574840700353,-5.591248870509801,-5.881313739260197
INDIGO,2013.0,,,,,,,,,
INDIGO,2014.0,,,,,,,,,
INDIGO,2015.0,,,,,,,,,
INDIGO,2016.0,20.593722936180026,,,36.144939706815,,,-87.10438557943604,,
INDIGO,2017.0,18.673213155083506,,,51.82944859378311,,,-85.61513994163738,,
INDIGO,2018.0,18.243241530498345,20.126535651014454,,19.79885639728338,23.291227130040724,,-88.9062658553417,-70.42816431743634,
INDIGO,2019.0,20.864438096876725,20.71529703276993,,-57.17325002085786,-19.930106411803,,-58.25871955153536,-80.83080758718076,
INDIGO,2020.0,24.384922426654377,20.756563392217544,,,,,,,
INDIGO,2021.0,-14.003220967101893,-1.9306172057442008,,,,,,,
INDIGO,2022.0,-3.09637112804717,6.894340234725771,,,,,,,
INDIGO,2023.0,15.046218985430038,18.786848077111173,19.454813801733128,,,,,,
INDIGO,2024.0,67.58091776468258,19.313355125806165,20.01227897172877,,120.69250867467932,32.9316579498421,,121.23568222761168,-34.87773528813343
INDUSINDBK,2013.0,,,,,,,,,
INDUSINDBK,2014.0,,,,,,,,,
INDUSINDBK,2015.0,,,,,,,,,
INDUSINDBK,2016.0,19.35133522250045,,,29.157693482814206,,,23.85623296301709,,
INDUSINDBK,2017.0,20.399952421015374,,,26.762899393412056,,,21.14137285547597,,
INDUSINDBK,2018.0,21.26025808808194,19.868581396171827,,26.202442783967197,27.72092867738314,,20.84372700535,24.57309396155174,
INDUSINDBK,2019.0,23.312450208845203,21.94838158225569,,13.028968977248056,18.57921580173736,,13.11660558464036,15.292162467409565,
INDUSINDBK,2020.0,25.94981939550629,24.32101020284176,,15.491189624108516,19.751415210189812,,10.064241629820891,13.485457134316016,
INDUSINDBK,2021.0,18.83463663794036,19.55694854309296,,-7.69465821901516,4.406130464362379,,-14.882898808526502,-0.5319450763145883,
INDUSINDBK,2022.0,11.456495150268298,16.429620297749015,,11.784914582547534,9.962143008064084,,2.9428498400178693,4.563955259127317,
INDUSINDBK,2023.0,8.108818294925246,16.04598245049358,17.94179620925618,18.7060650554596,15.431341581089676,21.42074841316457,14.07256588467416,9.626227935295418,16.860936130231472
INDUSINDBK,2024.0,16.410290098595137,15.495613083358029,18.67814919085109,46.680462139134974,22.07746495394836,20.315626837511317,45.93698581900316,15.895621875417865,15.593498374788116
INFY,2013.0,,,,,,,,,
INFY,2014.0,,,,,,,,,
INFY,2015.0,,,,,,,,,
INFY,2016.0,15.66490219435006,,,12.677717161772527,,,11.3592338632446,,
INFY,2017.0,10.957111282688103,,,10.43739595009714,,,10.461588908611908,,
INFY,2018.0,9.769294997006403,11.81289987999634,,9.015647640603586,11.195742367356232,,11.07406172153178,11.994446021554529,
INFY,2019.0,9.80820305126835,10.522347793403108,,4.538025918537669,7.656854216677544,,6.469042607881903,8.7597101915158,
INFY,2020.0,9.854510602507016,11.23261845680139,,5.049707048712104,6.105393931161118,,7.952897730893849,7.631692251481081,
INFY,2021.0,12.522699422394744,9.980335337542012,,6.611313417823994,7.564090913719279,,6.742391798827341,9.184981078954069,
INFY,2022.0,13.737041176393184,12.175540977423328,,12.848957726634367,9.061262837863616,,14.833678012614415,11.322470345537216,
INFY,2023.0,17.362280326090573,15.787255328146577,13.782726225845131,13.156104226704102,8.505299682051447,9.842283975426191,14.144361260685525,9.40703635079412,10.693181483627368
INFY,2024.0,15.216500798806363,13.199100930556227,11.852717458931128,10.558796476740762,11.23941998365794,9.433477603192465,11.86889420813968,12.474611314209485,10.60156477390728
IOC,2013.0,,,,,,,,,
IOC,2014.0,,,,,,,,,
IOC,2015.0,,,,,,,,,
IOC,2016.0,-9.169336556017438,,,50.698778897915744,,,38.672254870126935,,
IOC,2017.0,-10.052657110271191,,,43.02818747749668,,,40.94597464129783,,
IOC,2018.0,-2.12217901229298,-1.8091898452746504,,66.8399948321155,44.215535009291294,,70.99759466766969,37.97296614612149,
IOC,2019.0,15.13581194246405,1.5798163670665666,,11.644856530633051,19.913870464536583,,14.471424255333186,19.13578981670916,
IOC,2020.0,10.827353497863632,1.4797147807903863,,,,,,,
IOC,2021.0,-4.77504066085449,1.014060519872384,,-1.2894266676414134,11.883079142570097,,0.0,13.396657763302722,
IOC,2022.0,3.7200422242528175,10.645060661942974,,14.19981764263223,4.764871862967524,,14.471424255333186,5.154749679728043,
IOC,2023.0,20.277536380439187,14.836349116918468,6.187919063333669,,-12.35133491129372,12.42908488739898,,-14.137929651551106,8.842291989017026
IOC,2024.0,28.727791225279177,8.008755667240486,4.744973944880271,25.64085913541887,20.099089966731643,20.00644448186681,25.99210498948732,20.11244339814313,19.623119885131544
IRCTC,2015.0,,,,,,,,,
IRCTC,2016.0,,,,,,,,,
IRCTC,2017.0,,,,,,,,,
IRCTC,2018.0,11.449811104068884,,,19.043857872204704,,,-5.416268377977785,,
IRCTC,2019.0,11.008873959320333,,,17.80549770310449,,,-40.51116507409971,,
IRCTC,2020.0,14.203026027231868,16.411555535790434,,30.846053303040843,31.392087899378357,,-18.294205935675624,-14.327472495069038,
IRCTC,2021.0,-19.072582290439456,-10.683745846400194,,-5.416268377977785,-0.212541773517183,,-43.34836650572952,-36.25365645308462,
IRCTC,2022.0,0.1601711226295155,4.3317851665537255,,28.783972913845712,23.57815034854438,,25.99210498948732,-6.170487402194635,
IRCTC,2023.0,16.07797809845499,19.2884488377556,,25.168065030008837,35.40700785415161,,29.39893461093845,3.3975226531950176,
IRCTC,2024.0,76.46921430165466,17.955244103890912,,81.11627776293705,29.16686408659448,,91.29311827723888,28.47351571234393,
IRFC,2013.0,,,,,,,,,
IRFC,2014.0,,,,,,,,,
IRFC,2015.0,,,,,,,,,
IRFC,2016.0,10.592194921232956,,,17.601373968002854,,,-5.390454039462956,,
IRFC,2017.0,13.442128028685406,,,10.038067017269148,,,-11.882280208942664,,
IRFC,2018.0,10.123690837464272,10.797314976705527,,39.43791285989576,31.531043210254573,,-75.81226893094892,-57.718181652624125,
IRFC,2019.0,14.041153216374024,12.43303760536998,,38.488257854113385,26.32395249098518,,-78.00668393657817,-60.53821356145814,
IRFC,2020.0,14.049511302315045,14.103140488227828,,50.62787021535862,33.314913556939096,,-72.41994852393199,-57.32661649382553,
IRFC,2021.0,19.391485610581597,16.005495428865157,,29.044375284627755,39.067060484374224,,0.0,-56.288804852580384,
IRFC,2022.0,22.163408687094694,17.542252951321856,,39.25909937081023,45.4970149339337,,35.72088082974532,-48.86399528121468,
IRFC,2023.0,20.908121863020448,20.68198021788925,15.6340753161196,24.54807568670549,24.58117551431116,28.008952732834945,18.56311014966876,10.756634324829006,-31.56761078780637
IRFC,2024.0,19.101938730495597,19.06740855567788,15.702681143154496,13.23694644929214,23.245023933940367,24.774991677745327,18.56311014966876,20.11244339814313,-31.1534199107249
ITC,2013.0,,,,,,,,,
ITC,2014.0,,,,,,,,,
ITC,2015.0,,,,,,,,,
ITC,2016.0,7.420625551256488,,,7.238570128202171,,,10.064241629820891,,
ITC,2017.0,6.599902674191616,,,5.191842166756144,,,4.551591714942038,,
ITC,2018.0,3.829143769542398,6.563647692065455,,5.530902812018423,8.328673833208056,,4.0041911525952045,8.447177119769854,
ITC,2019.0,7.243193969335526,6.485782310928911,,10.548655096564818,7.356362807797945,,7.721734501594191,7.394092378577932,
ITC,2020.0,4.914174068769528,4.934885839116165,,14.17321880713054,9.780965642396078,,14.471424255333186,8.447177119769854,
ITC,2021.0,4.270804431240349,4.677684227502499,,5.205882509463722,7.091951336070168,,6.917810999860885,6.576275663547415,
ITC,2022.0,7.85231002593576,7.234668062509075,,6.494867989916275,8.152300226979946,,6.265856918261115,8.447177119769854,
ITC,2023.0,12.818517330621535,10.295187558658526,8.413364070723151,7.695476412191082,11.126524392785209,9.718681249658069,7.721734501594191,10.756634324829006,9.595822638521724
ITC,2024.0,12.890307004910628,7.950896846254429,7.215836991741997,15.743119736566346,10.083407558317958,8.711334464026654,13.30326698854094,9.856054330611784,8.618098156466525
JINDALSTEL,2013.0,,,,,,,,,
JINDALSTEL,2014.0,,,,,,,,,
JINDALSTEL,2015.0,,,,,,,,,
JINDALSTEL,2016.0,-0.57208908819526,,,,,,,,
JINDALSTEL,2017.0,3.854176821762212,,,,,,,,
JINDALSTEL,2018.0,19.714245040004677,10.94010726559529,,,,,,,
JINDALSTEL,2019.0,34.11580979207605,19.48359532161972,,,,,,,
JINDALSTEL,2020.0,20.632095903301707,14.344614348072524,,,,,,,
JINDALSTEL,2021.0,1.2784253107735788,12.174400426686717,,,,,,,
JINDALSTEL,2022.0,2.896190806178045,18.82107580889585,,,,,,,
JINDALSTEL,2023.0,11.952973262442178,9.837235785942957,10.387294195704388,,,3.0175343065679483,,,0.0
JINDALSTEL,2024.0,13.346256701428503,1.402831094774171,10.07258893564078,11.676303196350537,,12.10287216940693,17.230827599961064,,10.693181483627368
JIOFIN,2023.0,,,,,,,,,
JIOFIN,2024.0,,,,,,,,,
JSWENERGY,2013.0,,,,,,,,,
JSWENERGY,2014.0,,,,,,,,,
JSWENERGY,2015.0,,,,,,,,,
JSWENERGY,2016.0,3.4637570222804337,,,17.456220384976252,,,14.471424255333186,,
JSWENERGY,2017.0,-1.5065483639832622,,,-6.410997571621024,,,-7.168223327744416,,
JSWENERGY,2018.0,-4.861442664652715,-1.923793017825581,,-60.29550116268536,-37.6353015223954,,,,
JSWENERGY,2019.0,-2.384016709512471,1.1083666261997085,,-22.33337821969158,-2.08516376390232,,-23.685717163111207,-4.3647500209963,
JSWENERGY,2020.0,0.0403242109916046,-2.41160928133034,,20.16533893829597,-4.460011471449954,,20.507113208761503,-2.635281938483192,
JSWENERGY,2021.0,-4.903786983743197,-6.762923346846216,,113.13771385646449,-10.831923997101322,,,-11.09104638678,
JSWENERGY,2022.0,-3.6754178035583673,-0.2334485509002837,,36.588382411422,22.84623990988117,,40.10196653276936,22.423992536427463,
JSWENERGY,2023.0,7.68960675156638,5.120760469863872,1.53740917497327,11.039800750289386,77.0796104558991,5.088136878592664,8.738037300289214,,4.137974399241062
JSWENERGY,2024.0,18.3892871729012,4.679956053916468,2.878663361815992,27.976360369609463,20.322431469794555,8.541932785877826,25.99210498948732,20.11244339814313,7.177346253629313
JSWSTEEL,2013.0,,,,,,,,,
JSWSTEEL,2014.0,,,,,,,,,
JSWSTEEL,2015.0,,,,,,,,,
JSWSTEEL,2016.0,2.829421613542604,,,,,,,,
JSWSTEEL,2017.0,2.775315860808414,,,105.07336742929456,,,95.74338205844316,,
JSWSTEEL,2018.0,10.737301001569,13.488074366619983,,52.54819837059286,45.763147097236654,,54.866839700624205,45.40611511009971,
JSWSTEEL,2019.0,26.828090306897657,10.597981401367097,,,79.65716688248622,,,74.11011265922482,
JSWSTEEL,2020.0,9.66060896580898,6.719141968738929,,4.169474654299199,17.87682326651079,,4.260360145884445,19.418105281717768,
JSWSTEEL,2021.0,3.5370146463593155,13.95599418390696,,8.79993065287823,,,8.271344701570783,,
JSWSTEEL,2022.0,19.975661883306707,21.35838854644947,,40.65725452096822,43.28352944172696,,38.4914564188616,41.470384317198224,
JSWSTEEL,2023.0,31.295087581999702,18.19933974421464,15.819754182854371,1.8372635540720328,-7.502880977365567,16.11490501295203,0.0,-8.14662577923444,15.56834473676476
JSWSTEEL,2024.0,29.901036567598812,15.604695052452788,13.073630495009247,4.455778963004109,3.585216043903361,36.41783770958232,2.9428498400178693,2.3836255539609663,33.5141362540313
KOTAKBANK,2013.0,,,,,,,,,
KOTAKBANK,2014.0,,,,,,,,,
KOTAKBANK,2015.0,,,,,,,,,
KOTAKBANK,2016.0,23.473719850788036,,,16.33898554679323,,,8.198385552319753,,
KOTAKBANK,2017.0,23.036106730766196,,,25.70059051662397,,,19.05507889761495,,
KOTAKBANK,2018.0,23.569906220162085,18.318355472841485,,26.31588952916521,22.833010294153837,,18.16657504675012,17.08049129648923,
KOTAKBANK,2019.0,13.500651991387326,20.004824943182275,,26.914896948037104,23.30869241378142,,25.99210498948732,18.88654957871243,
KOTAKBANK,2020.0,14.457748677369551,20.239510229555723,,19.630671009507704,22.5791601484139,,18.56311014966876,17.607902252467355,
KOTAKBANK,2021.0,9.30573163238262,9.974796418167053,,16.871865553933674,23.17027688055957,,14.85555943044825,21.35097797182097,
KOTAKBANK,2022.0,4.190961522495429,8.61184401023458,,18.83350070274228,19.221515022302448,,17.088815555918323,17.70453993611598,
KOTAKBANK,2023.0,7.985826558635645,10.896955244101704,14.54756816025129,20.205178031376136,18.98597021337436,20.89418887638599,18.56311014966876,17.844539784792257,17.461894308801895
KOTAKBANK,2024.0,19.66335897034557,13.51960376324537,16.717180300192645,22.162712282993223,20.38200065626572,21.83655892661736,22.538513504568325,19.344070441601247,19.115090343250696
LICI,2019.0,,,,,,,,,
LICI,2020.0,,,,,,,,,
LICI,2021.0,,,,,,,,,
LICI,2022.0,8.18323111829875,,,16.230817761538695,,,,,
LICI,2023.0,7.702257779277111,,,136.82761372865951,,,,,
LICI,2024.0,6.981735429882496,8.15986061977938,,139.6168760853028,73.17556747076097,,111.2590383290876,,
LODHA,2011.0,,,,,,,,,
LODHA,2012.0,,,,,,,,,
LODHA,2015.0,,,,,,,,,
LODHA,2016.0,55.996142470333,,,38.60656454534226,,,38.672254870126935,,
LODHA,2017.0,38.95724411817181,,,15.2999955356133,,,13.040381433805548,,
LODHA,2018.0,15.77413499290854,34.814375088235415,,-0.1673643295316274,24.635946210476376,,-17.79293085565099,10.756634324829006,
LODHA,2019.0,13.014373889520137,32.15340959456483,,32.73399403212429,33.96623975562694,,9.487978497197226,18.466445254224407,
LODHA,2020.0,16.222535136393958,14.816366483085108,,8.308785518131945,-1.4446504097443524,,-11.536038067459788,-12.944943670387588,
LODHA,2021.0,-17.423078351808165,-7.958624381472812,,-60.75295966627807,-41.54021921731441,,-53.5841116638722,-42.56508225014826,
LODHA,2022.0,-8.128636778863052,3.0997835489557257,,-9.762225964928051,15.646053678074455,,-17.017346663375655,-1.588108586647574,
LODHA,2023.0,-8.699120881275668,-0.4315268098149416,15.8587998022788,-12.917532791194708,-9.202243971478053,6.379811225640086,-17.79293085565099,-12.944943670387588,-1.806695543808734
LODHA,2024.0,23.70811095275156,-2.827853564186245,13.320918056266764,218.7155543964547,-1.119685230740497,15.093978797721984,151.98420997897463,-5.293423548032761,5.922384104881218
LT,2013.0,,,,,,,,,
LT,2014.0,,,,,,,,,
LT,2015.0,,,,,,,,,
LT,2016.0,10.757630816626085,,,-4.613252756634001,,,-6.561462465235735,,
LT,2017.0,8.723735620593477,,,9.9100634954733,,,7.102630401422205,,
LT,2018.0,9.19262592982355,9.966792462191098,,17.246563281707083,8.631021572439623,,15.948637819501933,6.880494531152914,
LT,2019.0,10.170442476179108,9.715816069123928,,30.54908672417152,15.902222805442443,,26.66587237262421,12.474611314209485,
LT,2020.0,9.989345811031969,9.610821400775803,,18.8694196013278,17.01354348296713,,16.505604888837343,14.869835499703507,
LT,2021.0,4.3469578483188,6.102407546773847,,17.30855417997357,22.98689846232416,,15.658971921573418,21.47598568275417,
LT,2022.0,4.997081464441755,7.443699790639524,,0.654736181331339,9.943565902862629,,-0.5319249538303539,7.593156010932822,
LT,2023.0,8.022270030288814,8.904399787286167,9.434306913453728,4.777038653290466,9.379448678258797,9.004592788329258,3.319933242956852,7.19069301576436,7.035481400617316
LT,2024.0,17.592821624288746,10.335347989682408,10.02514597108597,6.361264204860495,8.75885858017449,12.273743409690365,5.027553928675843,8.56169392953159,10.500834061722086
LTIM,2013.0,,,,,,,,,
LTIM,2014.0,,,,,,,,,
LTIM,2015.0,,,,,,,,,
LTIM,2016.0,14.928683203908989,,,14.153698604688936,,,-34.45358491381468,,
LTIM,2017.0,9.733278403692513,,,-0.8437796701701084,,,-43.07468286896121,,
LTIM,2018.0,13.642712673496304,13.663553615808556,,13.08182681435306,14.623507637472375,,-35.119806986752685,-17.87548426345513,
LTIM,2019.0,17.344582304710478,13.93484548578321,,21.945087021923328,8.76470157317437,,21.089845255531216,-22.39098800987957,
LTIM,2020.0,18.72338491072687,16.92484877805469,,16.111379805119384,14.5996917922393,,15.136970746415225,-18.231042821629,
LTIM,2021.0,19.187307945933107,16.17219033696773,,20.341751610700463,18.312191546907464,,19.5280609088794,17.76747936916381,
LTIM,2022.0,40.33977169008729,32.05717863061026,,37.60449836243862,32.39621611581924,,37.26329560973354,31.6017100176736,
LTIM,2023.0,45.02478270713488,35.34655180923289,24.03213312800661,42.62587895390335,31.72456117454432,22.876894670369484,19.643471363879893,18.04689882786892,-1.5391224879666263
LTIM,2024.0,42.13101535214459,30.32798083513346,21.85605589762474,33.24835486418234,24.775129058601,16.495191642458163,11.772828128939317,12.24383304425547,-6.666549487610296
M&M,2013.0,,,,,,,,,
M&M,2014.0,,,,,,,,,
M&M,2015.0,,,,,,,,,
M&M,2016.0,3.354769414318137,,,-4.875837342141997,,,-8.839082067855198,,
M&M,2017.0,4.221061755777056,,,-7.713266081547188,,,-7.577179188459704,,
M&M,2018.0,8.82961347345983,6.038547593725219,,33.02080999115062,14.022828575381352,,33.88659001643391,12.700920209792542,
M&M,2019.0,11.355048135892677,7.19122605967879,,19.18479742976862,3.144748073258663,,19.814528297901845,2.503093353490349,
M&M,2020.0,-3.4569097977209085,1.0777383538855156,,,,,-67.81702051314566,-47.46944391192466,
M&M,2021.0,-6.915731902531408,-0.4156185562773529,,-42.51128268702363,-15.711781738280251,,-37.00394750525634,-9.711954855256575,
M&M,2022.0,-4.864113709642448,1.4828285717850775,,6.425546421575001,12.354659227390565,,7.218354565351115,12.05491821988536,
M&M,2023.0,17.172954352743552,5.658317806289093,5.848261966718815,,7.4043467044287326,10.664119806421011,336.20706714548373,6.705146990192867,9.66206389137454
M&M,2024.0,23.25354287403429,5.838805854237616,6.512869476923022,100.95443275430912,15.316887061047968,9.061135444778024,82.38258956284288,16.175509914303852,9.125382648287792
MARUTI,2013.0,,,,,,,,,
MARUTI,2014.0,,,,,,,,,
MARUTI,2015.0,,,,,,,,,
MARUTI,2016.0,9.135371961985772,,,30.559835605719755,,,30.44251947351704,,
MARUTI,2017.0,15.193306055999,,,38.06425837853369,,,38.364230188854776,,
MARUTI,2018.0,16.250064525861575,12.492038326904996,,27.425628680864488,26.11794187177232,,27.4745010430834,26.056525067197,
MARUTI,2019.0,14.331892236295383,14.081283722609973,,11.651395353736916,21.80155887352504,,11.604843908689212,21.89854827623421,
MARUTI,2020.0,3.578980418926614,8.292608553724467,,-8.904020746010366,8.31207678306949,,-8.941707826134415,8.33217455226456,
MARUTI,2021.0,-4.1079341493794885,4.090734083537506,,-17.726226304928883,-4.402184406721831,,-17.79293085565099,-4.443700527644112,
MARUTI,2022.0,0.8684869623523994,5.344376669695539,,-20.25480802629206,-12.375249834326508,,-20.31746365685869,-12.460890477183897,
MARUTI,2023.0,16.102262075377503,8.209976417024478,10.330235268748543,13.326542788723806,0.9535966822438846,12.83642957005322,13.37855157347525,0.9768947481887168,12.82196800283517
MARUTI,2024.0,26.323644326166008,10.510215112642584,12.2815532690568,45.38758594934527,12.007182039300378,16.801752458674525,43.55878145035321,11.139222486886505,16.394629934979687
MOTHERSON,2013.0,,,,,,,,,
MOTHERSON,2014.0,,,,,,,,,
MOTHERSON,2015.0,,,,,,,,,
MOTHERSON,2016.0,13.731605063334706,,,57.738749499655874,,,44.22495703074083,,
MOTHERSON,2017.0,11.690303939805435,,,25.569567317509943,,,14.471424255333186,,
MOTHERSON,2018.0,17.552034303678067,17.35161467491404,,20.489344539496447,37.97296614612149,,14.471424255333186,24.57309396155174,
MOTHERSON,2019.0,19.50895138539459,15.870129339266658,,5.750871745675079,13.84652298467164,,0.0,8.447177119769854,
MOTHERSON,2020.0,12.743641155283726,11.86932259609421,,-15.855677407263755,0.0309405999824985,,-12.64195352637011,0.0,
MOTHERSON,2021.0,0.6277521202438852,9.04130271469381,,-11.453479186758187,-2.426054692806645,,-12.64195352637011,-7.7892088518272224,
MOTHERSON,2022.0,0.1315377263036765,8.51873923333828,,-17.408123987968104,-11.457550766753288,,-30.663872564936533,-19.72584382397693,
MOTHERSON,2023.0,9.06564752845387,6.951211399731538,12.03078750591986,8.874807029984133,-5.871398473575439,13.961407291184049,0.0,-7.7892088518272224,7.177346253629313
MOTHERSON,2024.0,19.82084189180693,9.21195713294276,12.491793471295164,24.39263468831445,7.557399109099472,10.657290360127636,25.99210498948732,5.922384104881218,7.177346253629313
NAUKRI,2013.0,,,,,,,,,
NAUKRI,2014.0,,,,,,,,,
NAUKRI,2015.0,,,,,,,,,
NAUKRI,2016.0,16.587824820776543,,,15.794910575502929,,,11.199004528465784,,
NAUKRI,2017.0,16.129699512298636,,,,,,,,
NAUKRI,2018.0,10.513488411829686,15.921232283459895,,,45.81588119284117,,175.89241763811202,39.32590113656098,
NAUKRI,2019.0,15.449283492976315,15.212195570626983,,71.19059437399883,58.06440878854655,,64.538600212299,43.68823780140685,
NAUKRI,2020.0,13.89560252422335,12.378841526917284,,,,,,,
NAUKRI,2021.0,4.516305991129865,8.562916099524465,,41.45321900148786,64.42159040772262,,37.84186217649961,58.48931924611136,
NAUKRI,2022.0,11.348112064468662,12.342009060770032,,179.18185980408458,,,172.4535837487999,,
NAUKRI,2023.0,21.375600315728605,18.88148259878615,17.39202680989873,,,,,,
NAUKRI,2024.0,31.002640631164248,17.115610089960743,16.16000419274206,-25.13475589855664,0.1011465318701221,25.78723522526329,-26.319370027192267,-2.1296099175999395,18.58677786278009
NESTLEIND,2013.0,,,,,,,,,
NESTLEIND,2014.0,,,,,,,,,
NESTLEIND,2015.0,,,,,,,,,
NESTLEIND,2016.0,0.1462899353652957,,,-3.5889155041166187,,,-5.896397111897144,,
NESTLEIND,2017.0,0.5215437531334466,,,1.1127478048522432,,,2.704002462483968,,
NESTLEIND,2018.0,11.368157857324835,4.40861889926385,,41.85211886698417,7.54557372112743,,41.503079146259104,7.214502590085092,
NESTLEIND,2019.0,10.60640925001235,4.649122770208569,,25.274786770601462,10.678011748831228,,25.99210498948732,10.756634324829006,
NESTLEIND,2020.0,10.073403724396623,10.305889442764006,,19.33876674198114,29.89560770302369,,19.16803444819315,29.674411610965823,
NESTLEIND,2021.0,9.29124138015358,10.028868653695744,,9.640252321560029,16.171173303400877,,8.974425081854953,17.08049129648923,
NESTLEIND,2022.0,10.957927986710605,11.038888366343947,,6.7050140534975045,14.31117726718323,,7.721734501594191,13.972304907201584,
NESTLEIND,2023.0,12.732108141207288,11.114479545434808,7.709374471534969,12.935873052202474,13.290141126006615,10.380492952078612,12.11051244083128,12.767137012376306,9.955775215719797
NESTLEIND,2024.0,18.282008662499027,14.548573711802671,9.487020936359048,22.913427743605965,14.85231951299384,12.745848564103014,23.06098642720351,15.43852585822143,13.073350509641957
NHPC,2013.0,,,,,,,,,
NHPC,2014.0,,,,,,,,,
NHPC,2015.0,,,,,,,,,
NHPC,2016.0,9.396117433337391,,,-6.28009500103448,,,0.0,,
NHPC,2017.0,5.282835558354648,,,28.685916441349725,,,44.22495703074083,,
NHPC,2018.0,-1.9263396255236651,3.9773181180608352,,-0.1551130040355341,-0.6202466121244421,,0.0,0.0,
NHPC,2019.0,2.449295490710135,3.984150124326624,,6.240888435923275,11.67192648790385,,14.471424255333186,24.57309396155174,
NHPC,2020.0,5.090381881155981,4.012259228031634,,-1.3101945768037693,3.6357709277351935,,0.0,8.447177119769854,
NHPC,2021.0,7.552001673957842,2.9220824381200217,,8.932908751747304,8.766278996914423,,14.471424255333186,8.447177119769854,
NHPC,2022.0,0.5938907211133992,1.1802076244835424,,9.993044511574766,1.6352899253456288,,10.064241629820891,5.922384104881218,
NHPC,2023.0,1.9565404471107768,6.463846578139609,5.213237017628369,8.402293475047728,8.87728106871608,4.020177572197103,10.064241629820891,14.869835499703507,7.177346253629313
NHPC,2024.0,-0.0553097457965168,1.404917217643753,2.686435985014013,3.8155287821050266,7.269596517101484,9.44862948728442,10.064241629820891,5.922384104881218,14.869835499703507
NTPC,2013.0,,,,,,,,,
NTPC,2014.0,,,,,,,,,
NTPC,2015.0,,,,,,,,,
NTPC,2016.0,0.8677523966065248,,,-5.02912495340746,,,-5.416268377977785,,
NTPC,2017.0,1.5553258876010778,,,-2.056074553867737,,,-2.858721945809062,,
NTPC,2018.0,3.278963072629759,4.254629054165937,,1.6732086709522198,-3.5556351524588803,,3.228011545636722,-3.285883999939365,
NTPC,2019.0,10.966209019035157,5.066267148996562,,9.18780665551029,4.239536008202838,,8.37067626618271,3.131030647754507,
NTPC,2020.0,10.089278382076806,6.483658660598168,,3.567327097369799,3.5603487062274786,,2.9428498400178693,3.713728933664817,
NTPC,2021.0,8.185195145356472,8.728811496983235,,12.540003626275432,6.784138551726704,,10.891823393038823,6.399531281508364,
NTPC,2022.0,9.776219885898762,10.0896886146449,,6.515985999412499,9.621273019093367,,6.685884434218181,9.096607850144968,
NTPC,2023.0,17.197212187118605,14.87518184902772,9.436143349444848,12.885040668502532,10.268488784144324,3.1250423684034745,12.31106834675555,9.096607850144968,2.718946581592463
NTPC,2024.0,16.971938102031615,12.222309654337993,8.585354289701952,12.532921935042452,8.735165684951163,6.463623922795203,11.86889420813968,8.447177119769854,5.755705033825231
ONGC,2013.0,,,,,,,,,
ONGC,2014.0,,,,,,,,,
ONGC,2015.0,,,,,,,,,
ONGC,2016.0,-8.513177422485574,,,-18.264326253664454,,,-19.26122924321495,,
ONGC,2017.0,17.50567486523249,,,3.0370265949263064,,,-3.2810806630399703,,
ONGC,2018.0,26.10422573836175,14.780201866571652,,13.768041278074785,1.6719168611926791,,6.685884434218181,-2.199952867696764,
ONGC,2019.0,50.35776353338637,19.34791444347761,,37.33552226836893,4.941902057795256,,33.88659001643391,2.7066087089351765,
ONGC,2020.0,11.98376349590955,19.777417891578963,,-26.76750653785625,-8.336333013158049,,-22.047573908216588,-8.457473433049822,
ONGC,2021.0,-1.9870207580221289,19.625016807385357,,-6.423992434663428,10.268820886323391,,-8.55397960832336,5.387395206178347,
ONGC,2022.0,5.226364884007695,11.700282175161902,,13.249407481792508,11.064305194750812,,14.471424255333186,13.634388693076628,
ONGC,2023.0,16.808572292326552,14.39893778765693,14.58941125858284,41.9656086216464,4.687528684693643,3.1687051039892333,45.98397132959631,10.494795379650323,3.9538176114951584
ONGC,2024.0,24.855263957274687,7.001683761214439,13.00631751739134,38.78658467052287,10.96639922553624,7.9121170176566835,44.22495703074083,10.197228772148016,6.386012503101268
PFC,2013.0,,,,,,,,,
PFC,2014.0,,,,,,,,,
PFC,2015.0,,,,,,,,,
PFC,2016.0,17.1834902302616,,,11.69336992729566,,,13.48455252486973,,
PFC,2017.0,8.813989432062751,,,-25.748248739707343,,,-25.6039793649093,,
PFC,2018.0,24.8455485247282,22.939276768900285,,13.578981385649412,14.664625989085934,,3.5744168651286268,8.997698704834534,
PFC,2019.0,24.76216696346756,20.37545004533472,,26.909031846714605,18.271219708064777,,16.44545743112158,12.030033714161736,
PFC,2020.0,31.129736459530143,20.004191472316112,,61.83273001815508,9.558490376212593,,46.47883603394576,4.095039696925684,
PFC,2021.0,13.79782446393909,20.795615816250116,,21.33957684154286,20.50761959321708,,21.644039911467992,13.634388693076628,
PFC,2022.0,12.121161337341558,22.557427499151792,,14.083711126824316,53.03446130405689,,11.86889420813968,43.096908110525554,
PFC,2023.0,7.697594231791838,9.823727364499105,16.19659897887029,30.740915951433717,19.210407263202978,16.915425683875362,29.69986344960558,19.13578981670916,13.954056195486777
PFC,2024.0,8.493112204756725,11.081753577550923,15.635271776057436,18.9656031749176,15.923593622700729,17.09152322307048,18.56311014966876,14.869835499703507,13.441048760014528
PIDILITIND,2013.0,,,,,,,,,
PIDILITIND,2014.0,,,,,,,,,
PIDILITIND,2015.0,,,,,,,,,
PIDILITIND,2016.0,13.38215159257896,,,23.92793868003096,,,25.99210498948732,,
PIDILITIND,2017.0,9.4591613839611,,,24.241330607670687,,,23.614325642206317,,
PIDILITIND,2018.0,7.857956325501236,10.56808661335069,,23.406490694288152,17.902293677310332,,23.85623296301709,18.88654957871243,
PIDILITIND,2019.0,9.703777884345666,10.5687746801985,,4.7670737583963785,15.575849030725951,,4.0041911525952045,14.869835499703507,
PIDILITIND,2020.0,9.098918398267465,8.53063022135454,,9.14253090187891,16.897694945923437,,8.974425081854953,17.08049129648923,
PIDILITIND,2021.0,6.262942890318812,6.348674480278693,,5.2415142017369964,6.888989444074967,,5.0081546755695205,6.576275663547415,
PIDILITIND,2022.0,11.913281555906496,12.049572817433262,,9.15737869071278,6.939782106798709,,10.064241629820891,7.140202794100703,
PIDILITIND,2023.0,17.388750704087606,14.187062591288724,12.36300559667185,4.733757970627095,5.938826574488365,11.76059521412267,4.353201121161598,5.642162229904302,12.068872384564932
PIDILITIND,2024.0,19.2998469335665,11.836370175898114,11.200766251991956,15.76701574818362,13.48774998597666,14.52704073368878,15.616214441920404,13.564157249607756,14.215130617291273
PNB,2013.0,,,,,,,,,
PNB,2014.0,,,,,,,,,
PNB,2015.0,,,,,,,,,
PNB,2016.0,5.65846996919257,,,,,,,,
PNB,2017.0,2.2475483259060347,,,-30.39442083070192,,,-33.05670499178305,,
PNB,2018.0,0.0102637791955517,2.497524975258236,,,,,,,
PNB,2019.0,0.8735117677279858,3.011205394596783,,,,,,,
PNB,2020.0,4.548147013238979,2.428147129974434,,-26.8484593259259,-32.746247167458385,,-44.96787918508956,-43.90224272769003,
PNB,2021.0,18.915701840298027,10.030810019359128,,,,,,,
PNB,2022.0,13.49802836036982,9.669463127978409,,,25.827813432196976,,,-7.7892088518272224,
PNB,2023.0,16.504679348405162,12.253164864690724,7.264493516123127,90.6145676685977,,-3.938220237235957,44.22495703074083,,-20.017251806497335
PNB,2024.0,10.003199043012213,15.902076009106024,9.266703791384634,50.336631443573786,,9.562366995577731,58.74010519681994,,-8.755646344451918
POWERGRID,2013.0,,,,,,,,,
POWERGRID,2014.0,,,,,,,,,
POWERGRID,2015.0,,,,,,,,,
POWERGRID,2016.0,16.4413030734873,,,11.377630882707091,,,6.265856918261115,,
POWERGRID,2017.0,18.21451452207823,,,17.886670626535285,,,16.96070952851465,,
POWERGRID,2018.0,19.52949338993357,18.021947290818478,,17.587042823092737,13.723243763038171,,21.644039911467992,12.474611314209485,
POWERGRID,2019.0,19.29231574432686,17.648366565269136,,18.96893406514948,17.14688046227333,,22.39034103416604,17.08049129648923,
POWERGRID,2020.0,13.672435821263653,16.56379190364099,,14.06885920556955,16.991341895098742,,14.471424255333186,19.13578981670916,
POWERGRID,2021.0,9.789196527366162,13.929005368889612,,13.62803833634565,15.096404983707634,,13.040381433805548,16.723531932969316,
POWERGRID,2022.0,5.886633341500747,10.125553461447634,,18.8005326020662,17.6909149802581,,17.840146380897437,17.607902252467355,
POWERGRID,2023.0,6.507902013797606,8.769646643204698,13.301392325801784,11.717919300488376,13.451892401178478,13.587487052567536,12.31106834675555,13.564157249607756,13.018071324347936
POWERGRID,2024.0,4.965471644662767,5.510261937513361,11.414137221548938,8.967428329021487,9.189188268434778,13.098067118120916,9.354129979287684,9.096607850144968,13.018071324347936
RECLTD,2013.0,,,,,,,,,
RECLTD,2014.0,,,,,,,,,
RECLTD,2015.0,,,,,,,,,
RECLTD,2016.0,20.95245212809047,,,14.081858803819404,,,13.617128057248994,,
RECLTD,2017.0,12.217010575956122,,,10.015854931114166,,,10.064241629820891,,
RECLTD,2018.0,3.3186815152052462,10.692872231645213,,-5.912835243148063,3.034757907311003,,-5.273176281409042,2.534857565773274,
RECLTD,2019.0,1.742183283115084,8.086719475284987,,0.2920065631696111,3.901906929110988,,0.0,4.095039696925684,
RECLTD,2020.0,7.151594915280923,7.824923806375206,,-7.651089345201633,-1.4326832563657743,,-7.491681618140877,-1.0206218313011497,
RECLTD,2021.0,16.20759495981052,8.066617435404822,,23.469850013527505,8.041437551389885,,23.47158379972165,7.781806771272581,
RECLTD,2022.0,15.625136079482704,10.044533302339254,,20.464117089444688,9.71473858501366,,19.983162620797668,9.626227935295418,
RECLTD,2023.0,9.661482237118625,11.74917195172258,11.219768084833625,30.958934233994874,20.197596741976675,11.2858044916339,30.266245583805727,19.828486453496662,10.8449222600272
RECLTD,2024.0,10.147497322590194,13.338042247865678,10.68124131180972,19.07507541943736,19.763114350230797,11.5509567899718,19.05507889761495,19.67245924901726,11.612317403390438
RELIANCE,2013.0,,,,,,,,,
RELIANCE,2014.0,,,,,,,,,
RELIANCE,2015.0,,,,,,,,,
RELIANCE,2016.0,-11.702125928871231,,,12.654797506701131,,,13.617128057248994,,
RELIANCE,2017.0,-11.161904202830897,,,9.781619696760458,,,11.199004528465784,,
RELIANCE,2018.0,1.4438176812272552,-0.2606765955461276,,15.134731424593696,11.55325602881736,,16.673335619846075,12.474611314209485,
RELIANCE,2019.0,27.752396121588173,5.564807025835683,,10.08481731323796,12.056155908410538,,9.645742373189425,12.630393921616268,
RELIANCE,2020.0,25.21152260870416,9.770964142825743,,10.158853476505092,11.025192664189357,,9.645742373189425,11.273004664881793,
RELIANCE,2021.0,6.063008125694136,11.335748602866923,,14.202168526519788,12.470091024108363,,13.040381433805548,12.13169452916456,
RELIANCE,2022.0,6.919806216822311,17.976229281293964,,19.42000189198505,17.859388570391822,,15.772347264219457,15.387288143462309,
RELIANCE,2023.0,13.67192407462241,17.5287330506158,8.269276875072439,22.931799941979317,15.477206264039168,13.498274682326826,19.10574063943058,12.65914817451428,12.566841929221884
RELIANCE,2024.0,24.46173600944801,9.606097094616972,7.566474743054807,13.714491828409226,14.680632603495592,13.360799426840895,9.354129979287684,11.952664832522045,12.29101807652131
SBILIFE,2013.0,,,,,,,,,
SBILIFE,2014.0,,,,,,,,,
SBILIFE,2015.0,,,,,,,,,
SBILIFE,2016.0,9.12611314269931,,,10.238670196813192,,,10.064241629820891,,
SBILIFE,2017.0,20.966218859038644,,,9.468877314238576,,,12.624788044360605,,
SBILIFE,2018.0,13.33997531496387,18.034002454357516,,12.16225803614428,12.79022374519736,,14.471424255333186,14.869835499703507,
SBILIFE,2019.0,32.157635372902035,20.914022283789848,,16.281196551717002,12.75814138877427,,17.566734386037865,13.179836563100178,
SBILIFE,2020.0,12.760544874167046,13.357796775948216,,14.191052254509874,11.775957166118744,,11.86889420813968,11.842691472014463,
SBILIFE,2021.0,33.96830556888257,33.49074616664105,,8.181876796257548,11.522831061243789,,7.721734501594191,13.396657763302722,
SBILIFE,2022.0,22.990558812047706,22.124070110590345,,4.3080955924506,9.5378771581915,,4.885624628838681,8.447177119769854,
SBILIFE,2023.0,22.562675336949468,18.80547842049878,18.41911218834682,6.568067729851812,8.396836061922741,10.571711539144337,6.685884434218181,7.214502590085092,10.97617886603237
SBILIFE,2024.0,17.235877577119997,24.231614182367544,22.56159335451695,9.162347526806492,7.374662152227485,10.03348279743188,8.198385552319753,7.8852443962371455,10.500834061722086
SBIN,2013.0,,,,,,,,,
SBIN,2014.0,,,,,,,,,
SBIN,2015.0,,,,,,,,,
SBIN,2016.0,9.515202786698062,,,-11.140154028496529,,,-14.941925943401968,,
SBIN,2017.0,6.820745275391649,,,,,,,,
SBIN,2018.0,3.257874185104748,6.391337774342953,,,,,,,
SBIN,2019.0,4.713050741747504,6.026330755969744,,-36.388993560299575,-25.70809917762056,,-42.764287872333405,-30.8688899062997,
SBIN,2020.0,5.402649407435978,5.347278157008639,,,3.4620276583760656,,,-0.8850950183580175,
SBIN,2021.0,6.696115822707616,4.739570467341814,,,12.90688679490788,,,9.336207394327811,
SBIN,2022.0,4.607193641659868,4.702560044345239,,123.04371989756773,,,137.12622029933752,,
SBIN,2023.0,9.143166656461576,8.90989554205488,7.64325098947527,39.79200541726018,,12.023491123571528,41.250394538704384,,9.079172381880763
SBIN,2024.0,16.450765315782267,11.63380022632805,8.7939438863327,42.78783556410384,83.4069542329295,16.72896493162048,44.22495703074083,90.36539387158786,14.717788514978626
SHREECEM,2013.0,,,,,,,,,
SHREECEM,2014.0,,,,,,,,,
SHREECEM,2015.0,,,,,,,,,
SHREECEM,2016.0,0.5871694192625121,,,4.416910521050244,,,4.430442600971185,,
SHREECEM,2017.0,14.567043229101962,,,19.381018992893416,,,19.32760619002813,,
SHREECEM,2018.0,16.25019655633777,12.65991200677763,,48.106969950003496,6.630261792239867,,48.18704074005345,6.630047777528425,
SHREECEM,2019.0,31.55781498238161,17.04694867780463,,-3.88158426752464,5.219991403224067,,-4.1317794449036604,5.040766139510367,
SHREECEM,2020.0,14.403304116144875,15.505115875457598,,4.862990699644598,29.374158914062964,,3.5204437355713214,28.41328431421859,
SHREECEM,2021.0,11.307531177630858,19.717760896069716,,19.080561577951748,15.37786448689804,,17.619863324237993,14.517467399637262,
SHREECEM,2022.0,6.134030811830393,11.79878108764747,,7.728809356106958,-1.068132079337214,,6.794349214527684,-1.7251730343853966,
SHREECEM,2023.0,11.530061577037907,12.66789173934042,12.663901802410704,15.3380456562489,11.348864890629384,8.964024400517424,15.945214071852764,10.834639879628272,8.712018405371902
SHREECEM,2024.0,14.80997180241832,10.325615915556586,13.6365993151649,-9.486515671324725,11.2926552609119,8.213734016506091,-9.426133758215006,10.67987982673917,7.823463927058194
SHRIRAMFIN,2013.0,,,,,,,,,
SHRIRAMFIN,2014.0,,,,,,,,,
SHRIRAMFIN,2015.0,,,,,,,,,
SHRIRAMFIN,2016.0,13.90792073570404,,,-6.810039978644056,,,-9.143970358393016,,
SHRIRAMFIN,2017.0,8.755614848577654,,,-2.3112291423315057,,,-3.127069384853576,,
SHRIRAMFIN,2018.0,13.736307343403208,14.011434159366654,,35.35020158792932,11.744228615295228,,35.72088082974532,10.756634324829006,
SHRIRAMFIN,2019.0,14.465284797216626,12.88328854393026,,29.57803371094609,13.66040985190624,,30.49558803896213,12.700920209792542,
SHRIRAMFIN,2020.0,14.951201510418445,12.532292167201753,,25.65949492839823,19.56534025314376,,25.99210498948732,20.11244339814313,
SHRIRAMFIN,2021.0,8.867930802405022,10.95733961561598,,-0.6581736045456754,16.113552024963205,,-3.451061539437028,14.869835499703507,
SHRIRAMFIN,2022.0,7.41578421475495,12.046811444085236,,1.842150434587042,16.53569410007547,,0.0,14.869835499703507,
SHRIRAMFIN,2023.0,22.564994850987507,17.694877574792244,15.838515984594448,33.82141531523914,18.753202713907747,15.195421058570746,16.96070952851465,9.856054330611784,10.30542524220699
SHRIRAMFIN,2024.0,27.82625310142639,18.556070052776757,15.684912864219292,43.59376752249222,23.49387942502037,18.47516596168881,29.39893461093845,14.289655141156077,13.492507703672384
SIEMENS,2011.0,,,,,,,,,
SIEMENS,2014.0,,,,,,,,,
SIEMENS,2015.0,,,,,,,,,
SIEMENS,2016.0,-3.2198039267691048,,,49.734981780159096,,,,,
SIEMENS,2017.0,1.193783502912393,,,23.54193070579873,,,23.47158379972165,,
SIEMENS,2018.0,6.598477888646781,1.3673614071062712,,-8.444262631263689,0.7490623997655987,,-8.839082067855198,,
SIEMENS,2019.0,6.482233989415653,4.14780560352479,,-27.75029996608148,12.755069257055474,,-27.69262194621529,12.767137012376306,
SIEMENS,2020.0,-3.4914748224880943,-1.1965214353366616,,-12.221405026476695,-8.113512860093364,,-11.741291616848423,-7.7892088518272224,
SIEMENS,2021.0,1.039055522473986,4.020709132474987,,6.520786136539347,-17.868894894686548,,7.433707098896636,-17.679202652317393,
SIEMENS,2022.0,7.243190352062467,7.839945218238031,,11.975431464533193,6.297020703908007,,11.524149667113528,6.087373042094901,
SIEMENS,2023.0,25.274415560826657,8.852664484885441,5.043359528177049,36.644101013409866,16.840886231483097,8.497049442736483,35.72088082974532,17.08049129648923,
SIEMENS,2024.0,18.99870072744285,11.193358902067896,7.612937546261267,35.646062247422265,19.85339817550189,16.250067578355253,34.83955155292464,19.643850003755613,16.15461431239702
SUNPHARMA,2013.0,,,,,,,,,
SUNPHARMA,2014.0,,,,,,,,,
SUNPHARMA,2015.0,,,,,,,,,
SUNPHARMA,2016.0,36.784696435759166,,,17.711677206135334,,,10.715524489384997,,
SUNPHARMA,2017.0,25.22744658989391,,,26.46669663064487,,,24.57634352146796,,
SUNPHARMA,2018.0,-1.111162061551163,18.934068669904768,,-22.570931319614477,-6.028913273042247,,-25.76535952600708,-8.457473433049822,
SUNPHARMA,2019.0,0.6729630665407882,12.569268760264052,,-17.23301430719112,-3.7273522971935424,,-16.654972401380764,-6.014623565001143,
SUNPHARMA,2020.0,1.3127318460437687,3.6932749659858377,,-18.985019465835016,-5.294288306122463,,-17.982348736861454,-6.170487402194635,
SUNPHARMA,2021.0,8.139520190442262,3.2938423054365678,,-3.673837205125996,-16.680035395059534,,10.064241629820891,-8.780953350850574,
SUNPHARMA,2022.0,9.968860363153144,4.126666314649863,,1.846412653809848,-15.455637638926811,,8.37067626618271,-13.55378004868154,
SUNPHARMA,2023.0,10.14964456279115,10.62469519395506,14.70416337162803,26.8370437626152,27.34485916122502,9.39257198033008,29.81235254627761,31.20944756784505,9.595822638521724
SUNPHARMA,2024.0,13.126755589483484,10.78116321985565,11.67163711556578,61.722961970425125,24.536829642931245,9.496531115092145,49.38015821857216,29.45936165164078,10.30542524220699
TATACONSUM,2013.0,,,,,,,,,
TATACONSUM,2014.0,,,,,,,,,
TATACONSUM,2015.0,,,,,,,,,
TATACONSUM,2016.0,-3.3485297241104828,,,,,,,,
TATACONSUM,2017.0,-4.309904173920942,,,-3.732341905258707,,,-5.008574840700353,,
TATACONSUM,2018.0,-5.1759102605060665,-1.5027994128252953,,26.7566389001366,4.55455456174807,,25.99210498948732,5.922384104881218,
TATACONSUM,2019.0,2.997968585509492,-1.288940354193968,,,-2.170641708505328,,,-3.0359733904420927,
TATACONSUM,2020.0,12.435655206180174,3.8117253809679896,,0.3649667386361743,10.998992517000872,,-5.896397111897144,4.563955259127317,
TATACONSUM,2021.0,19.404950704602157,11.818125796841253,,18.705102034038458,,,4.0041911525952045,,
TATACONSUM,2022.0,19.659229119605516,12.8790487021206,,30.471788004139388,17.4061722440779,,18.56311014966876,10.756634324829006,
TATACONSUM,2023.0,12.668012266323302,15.126573553688294,6.487770228471579,42.10369364157536,18.87754506830248,11.486271675083358,33.88659001643391,8.447177119769854,7.177346253629313
TATACONSUM,2024.0,9.436125385661253,15.96086282879563,6.988876278201839,9.319535187362147,21.59956338772886,9.068818893153164,10.064241629820891,14.869835499703507,5.537868966683179
TATAMOTORS,2013.0,,,,,,,,,
TATAMOTORS,2014.0,,,,,,,,,
TATAMOTORS,2015.0,,,,,,,,,
TATAMOTORS,2016.0,13.088031298199422,,,5.391117653187827,,,4.551591714942038,,
TATAMOTORS,2017.0,5.020583040318338,,,-18.674944939029537,,,-18.483779224854192,,
TATAMOTORS,2018.0,3.474087716238228,9.080075940842017,,-13.554646081362032,-1.840792487847298,,-13.561580205987331,-2.3979971134338363,
TATAMOTORS,2019.0,3.4095508396228658,5.335382093506746,,,,,,,
TATAMOTORS,2020.0,-1.0775973772057412,-0.1594228356451621,,,,,,,
TATAMOTORS,2021.0,-5.021880825628477,-1.7642456393607842,,,,,,,
TATAMOTORS,2022.0,-2.662864296641687,0.6414203484642833,,,,,,,
TATAMOTORS,2023.0,9.83995454764286,3.4818837767886857,6.244113911658644,,-21.61587323833696,-12.283845476121302,,-25.74131244826602,-14.86600774792154
TATAMOTORS,2024.0,20.579364569370973,7.720159538623927,6.521097272673915,,,8.513716630198353,,,6.951938763952748
TATAPOWER,2013.0,,,,,,,,,
TATAPOWER,2014.0,,,,,,,,,
TATAPOWER,2015.0,,,,,,,,,
TATAPOWER,2016.0,-3.8464061686669937,,,85.56916412979658,,,,,
TATAPOWER,2017.0,-8.25580215679419,,,350.88987149920666,,,,,
TATAPOWER,2018.0,-7.207849349046624,-4.150670375923127,,78.77092635804233,84.23848428973332,,108.0083823051904,,
TATAPOWER,2019.0,0.4354779305501211,-3.510035476297202,,49.11361135927026,193.33145270993197,,65.09636244473134,,
TATAPOWER,2020.0,1.836446614309395,-2.806722437128961,,6.1584090624637655,23.557165830019542,,10.064241629820891,31.95079107728942,
TATAPOWER,2021.0,6.807486340619606,2.087080431529009,,-18.011808397185234,12.856778608364404,,-23.685717163111207,14.869835499703507,
TATAPOWER,2022.0,12.73799879268256,9.188569156258652,,-6.12323506908986,14.406635585872296,,-17.79293085565099,10.756634324829006,
TATAPOWER,2023.0,23.66995440372486,15.475008740465078,5.205523505698095,42.52455558146231,7.850862052512575,40.9619783980632,35.72088082974532,2.129568760013512,
TATAPOWER,2024.0,23.398271146138303,15.511158201876407,5.573043704303959,43.81173474053719,10.431728917459004,79.98083083658562,44.22495703074083,5.922384104881218,
TATASTEEL,2013.0,,,,,,,,,
TATASTEEL,2014.0,,,,,,,,,
TATASTEEL,2015.0,,,,,,,,,
TATASTEEL,2016.0,-8.865752232175971,,,,,,,,
TATASTEEL,2017.0,-8.916707372207,,,,,,,,
TATASTEEL,2018.0,-4.045448177001654,-1.7629247393143754,,,,,,,
TATASTEEL,2019.0,15.637420803615475,1.1899352303948565,,,20.00607116912128,,,24.57309396155174,
TATASTEEL,2020.0,7.579130582814586,0.0448330472133218,,,,,,,
TATASTEEL,2021.0,8.239630398977393,8.917643492126203,,-22.716707436712547,,,-20.62994740159002,,
TATASTEEL,2022.0,15.661861342639316,16.785302798093515,,66.02952924085908,,,54.20216697275806,,
TATASTEEL,2023.0,20.288905982534036,14.57520950725002,6.092099043107546,90.17706677081614,-14.56750384775095,,91.29311827723888,-10.219223176287471,
TATASTEEL,2024.0,13.607181258352965,7.766224835881497,4.426324799674042,,,,,,
TCS,2013.0,,,,,,,,,
TCS,2014.0,,,,,,,,,
TCS,2015.0,,,,,,,,,
TCS,2016.0,19.926826807058266,,,20.024123427360266,,,19.866105802463508,,
TCS,2017.0,12.975756084679247,,,10.88506703657599,,,10.992314452464358,,
TCS,2018.0,9.157498447600322,14.340869430011583,,8.862369038731167,12.95280041634883,,9.52204445412388,13.228162727841198,
TCS,2019.0,10.468399359516331,12.353179810852332,,9.050219206448704,10.3005164255062,,10.652831653505787,11.382417860287909,
TCS,2020.0,9.98511159265576,10.644395991959788,,7.1748433498890485,10.09528600904459,,8.677894568274303,11.01602038533911,
TCS,2021.0,10.072809184198906,8.607474456825258,,7.956534114685509,5.994965305597044,,9.513911226375726,7.255160357783463,
TCS,2022.0,9.397022598968086,10.204039995433668,,6.800555392457164,7.844453615982827,,7.721734501594191,9.40140494061652,
TCS,2023.0,12.832886661793674,12.864846978115496,13.600460965450932,9.244321791670718,10.32689076721931,11.632124737398254,10.170789848949212,11.410111155073954,12.315458399071622
TCS,2024.0,13.632864555506409,10.463614801716602,11.404391189817977,12.286310199806591,7.871172131953608,9.07908137484088,13.007434657986106,8.618771612987096,9.991915190476195
TECHM,2013.0,,,,,,,,,
TECHM,2014.0,,,,,,,,,
TECHM,2015.0,,,,,,,,,
TECHM,2016.0,56.7955487379131,,,32.305818681909585,,,7.433707098896636,,
TECHM,2017.0,15.726672906617312,,,-2.3518521200349807,,,-3.2280839843050857,,
TECHM,2018.0,10.803295935107226,34.95988471064084,,12.50040625912472,23.70321997995626,,13.040381433805548,9.301197394385865,
TECHM,2019.0,9.455039320798452,13.06551195018606,,12.317615570062143,6.972013871466487,,12.382061455639448,6.576275663547415,
TECHM,2020.0,8.155441871080571,10.262429096201808,,10.979917123756987,7.9449709259688195,,13.140240479934253,9.238846414037294,
TECHM,2021.0,7.14809923360793,7.397740303281619,,4.761735846681758,7.536339520356772,,5.6568701546746425,8.212947767693679,
TECHM,2022.0,8.719950583113057,8.906956332092818,,9.492435519915189,14.5782633758762,,9.011937795689429,14.470972269648552,
TECHM,2023.0,13.066004941889808,11.607961702305758,22.729774888300035,7.616591469841638,5.108417819260591,14.027407807251093,5.983983294832651,5.09476404473832,7.177346253629313
TECHM,2024.0,11.160091311747644,8.398437919098868,10.707384026194822,-18.03537511985728,-10.985163688218591,-2.418770735811082,-19.49593629635379,-11.416728965524282,-2.835834213692645
TITAN,2013.0,,,,,,,,,
TITAN,2014.0,,,,,,,,,
TITAN,2015.0,,,,,,,,,
TITAN,2016.0,3.660972000702678,,,-2.353820578699717,,,0.0,,
TITAN,2017.0,6.665779299482688,,,-1.7539391806391635,,,0.0,,
TITAN,2018.0,10.60666521345115,9.75167577733258,,10.53432036112838,8.73483945710749,,13.040381433805548,10.197228772148016,
TITAN,2019.0,20.600679407337232,12.600592944675014,,27.19386305027598,13.575061677025646,,25.99210498948732,14.869835499703507,
TITAN,2020.0,16.65562785115986,12.060987161710424,,28.906755177527145,12.84281972282322,,28.564079532911755,13.564157249607756,
TITAN,2021.0,10.320823733506334,13.929578754150128,,-4.032145097295469,7.6096048922942305,,-5.416268377977785,6.576275663547415,
TITAN,2022.0,13.342040185867754,16.777783146243497,,16.53109144132707,25.822694676390647,,14.471424255333186,24.57309396155174,
TITAN,2023.0,24.4481339871518,20.275922953840663,14.893359685620444,29.91908576120292,24.330996964851504,16.27171192734391,29.593812818957765,23.26837598530007,16.549703683978834
TITAN,2024.0,33.14221885428872,20.897163953120245,16.675157366300255,53.11021124836826,20.27457629679304,16.876825851348286,52.4838939608516,19.50578386760935,17.164882683060824
TORNTPHARM,2013.0,,,,,,,,,
TORNTPHARM,2014.0,,,,,,,,,
TORNTPHARM,2015.0,,,,,,,,,
TORNTPHARM,2016.0,27.808026287085408,,,58.52694922655446,,,57.71594697396814,,
TORNTPHARM,2017.0,11.710338046466262,,,12.045116443623805,,,11.86889420813968,,
TORNTPHARM,2018.0,8.67371479602963,13.185815797308445,,-3.351173414807851,9.281862314917324,,-3.127069384853576,8.997698704834534,
TORNTPHARM,2019.0,4.6914685002155565,12.95986890486316,,-36.87094200917074,-8.068640631432466,,-36.59487076693295,-8.254943738950193,
TORNTPHARM,2020.0,10.929520237082356,11.358782714354444,,3.147568877915652,6.418414862657307,,2.3264108093813185,6.399531281508364,
TORNTPHARM,2021.0,10.394674554860403,3.663532160847671,,22.685021965474505,-6.295347760786285,,22.760102619214862,-6.216527420737561,
TORNTPHARM,2022.0,3.503275619504187,7.904763366322975,,21.23969724041905,-3.613806691730504,,20.94692408966412,-3.8578209936383057,
TORNTPHARM,2023.0,6.611263407477397,10.08588072171932,11.625087759217422,6.6960877514604,12.92443635197773,11.088220371947966,7.240827497169455,13.09264089979596,11.026292374959578
TORNTPHARM,2024.0,10.251830698592634,6.932744476678732,9.904998966029122,9.770422181784769,30.591457402327848,9.569385326916846,9.815788772150768,30.391879544001377,9.374632912519695
TRENT,2013.0,,,,,,,,,
TRENT,2014.0,,,,,,,,,
TRENT,2015.0,,,,,,,,,
TRENT,2016.0,-7.52518809134517,,,,,,,,
TRENT,2017.0,-8.079054079373371,,,,,,,,
TRENT,2018.0,-1.888929318039312,0.2334292448919805,,-12.304660425977742,,,-9.143970358393016,,
TRENT,2019.0,15.975448153813687,2.425525767846892,,19.983162620797668,,,14.471424255333186,,
TRENT,2020.0,24.372127426923896,8.824393804055731,,7.637180515122499,-3.85134110013694,,0.0,-5.591248870509801,
TRENT,2021.0,6.328770127869321,8.990586420337365,,,,,,,
TRENT,2022.0,19.588082085555246,19.94226657928973,,-28.311722349272085,-16.260604064943717,,0.0,0.0,
TRENT,2023.0,33.21968705894829,30.74843312034483,14.478660981200232,54.90429238399499,35.26810123045472,,63.0324415502916,34.080129120845726,
TRENT,2024.0,68.36335197744833,36.30691600183056,18.15797703617492,,73.11367578503176,,,69.52182030724354,
TVSMOTOR,2013.0,,,,,,,,,
TVSMOTOR,2014.0,,,,,,,,,
TVSMOTOR,2015.0,,,,,,,,,
TVSMOTOR,2016.0,14.84954360004187,,,29.39893461093845,,,31.03706971044482,,
TVSMOTOR,2017.0,14.127536208442605,,,39.62356584881101,,,40.10196653276936,,
TVSMOTOR,2018.0,16.795115371787837,16.821404430992427,,26.56567331322244,27.418148765476342,,25.99210498948732,28.47351571234393,
TVSMOTOR,2019.0,21.00990590185301,19.18122682070169,,19.1132948748284,31.12916025204036,,18.56311014966876,30.258554234867606,
TVSMOTOR,2020.0,14.785907770291695,12.9437128647647,,8.325033690406602,14.552899791135475,,5.726427034643122,13.179836563100178,
TVSMOTOR,2021.0,5.926960825407179,11.288109784327238,,-2.9428998718965427,7.223321748104405,,-2.440004365244264,7.631692251481081,
TVSMOTOR,2022.0,6.503987667929678,14.338662531121994,,0.2751045498121218,7.507786190936239,,2.174590985807079,7.781806771272581,
TVSMOTOR,2023.0,19.26221894569402,14.369173773190113,15.588786237231057,26.477067834219813,14.504775670698656,20.78901663962076,29.14320482462449,14.869835499703507,21.48140440390669
TVSMOTOR,2024.0,26.31887127852206,14.192387704277063,16.660142551691372,43.02900681569186,19.665122106676503,25.266064731460137,40.427786232989085,19.13578981670916,24.57309396155174
ULTRACEMCO,2013.0,,,,,,,,,
ULTRACEMCO,2014.0,,,,,,,,,
ULTRACEMCO,2015.0,,,,,,,,,
ULTRACEMCO,2016.0,7.031878208045295,,,-2.6489129180985893,,,-2.798684057809042,,
ULTRACEMCO,2017.0,6.971704577836202,,,7.0391889669969565,,,7.361458450947067,,
ULTRACEMCO,2018.0,9.951177365161756,8.593394456772563,,1.8983981857512375,-3.7188866290975175,,2.146574918873223,-3.738685338024994,
ULTRACEMCO,2019.0,18.12817256145285,14.870943725647257,,-1.0870426164858005,1.6356257924207809,,-0.7462964697448338,1.9244876491456564,
ULTRACEMCO,2020.0,18.692240239950664,12.730402575813947,,28.443217103482745,22.298781818613065,,26.20385682486148,21.229383561229252,
ULTRACEMCO,2021.0,13.022320994473358,12.200309196155557,,34.91874857994872,17.10623081780229,,32.63524026321307,15.996225865400127,
ULTRACEMCO,2022.0,8.25361634512134,15.694919255660356,,45.11419198616045,21.9961744940381,,42.38044572021613,20.736812022717423,
ULTRACEMCO,2023.0,14.228097395396077,15.34131363243958,11.916508024731677,-4.095165938003975,17.930466334523064,6.557386412381638,-4.193496484624215,16.656946874257585,5.969576155461764
ULTRACEMCO,2024.0,16.60353732306259,11.329176790681371,13.086195453490234,8.642098869214877,23.887354515179137,12.211268613797069,8.738037300289214,22.52500256873036,11.751054183072917
UNIONBANK,2013.0,,,,,,,,,
UNIONBANK,2014.0,,,,,,,,,
UNIONBANK,2015.0,,,,,,,,,
UNIONBANK,2016.0,8.688571182809746,,,-14.37919776442288,,,-17.79293085565099,,
UNIONBANK,2017.0,3.7401159508085646,,,-30.22821297485865,,,-33.333333333333336,,
UNIONBANK,2018.0,0.8100681883976835,5.536615780456833,,,,,,,
UNIONBANK,2019.0,2.019826941026226,3.1436584221808506,,,,,,,
UNIONBANK,2020.0,4.527293601505411,3.1059167954082145,,,,,,,
UNIONBANK,2021.0,28.126843941749247,16.486853135582002,,,16.276178640938753,,,-27.52203363223045,
UNIONBANK,2022.0,25.748073847125696,15.764472945062558,,,55.82916757413889,,,0.0,
UNIONBANK,2023.0,29.376887512379124,19.755443231769632,12.421457916047252,,,14.773120539399386,,,-10.404154015923783
UNIONBANK,2024.0,13.13819352004819,23.945769366938308,13.067325512094309,68.90964095388033,,23.386304826378318,65.09636244473134,,-3.973549920778197
UNITDSPR,2013.0,,,,,,,,,
UNITDSPR,2014.0,,,,,,,,,
UNITDSPR,2015.0,,,,,,,,,
UNITDSPR,2016.0,-6.455863094246849,,,,,,,,
UNITDSPR,2017.0,-5.677201660487341,,,,,,,,
UNITDSPR,2018.0,-2.447573903672029,-3.708930474264216,,,,,,,
UNITDSPR,2019.0,3.215121854442793,-2.3269697664245026,,68.48969912071338,,,70.99759466766969,,
UNITDSPR,2020.0,1.8809334364648267,0.1529783936474738,,88.30833809323696,,,108.0083823051904,,
UNITDSPR,2021.0,-1.817651976136403,-0.8720521319704244,,-17.809745556292732,20.413313294963963,,-17.79293085565099,20.11244339814313,
UNITDSPR,2022.0,1.3067618530007374,1.9501140254200244,,5.841239571365331,54.20824021347388,,3.228011545636722,61.53942662021781,
UNITDSPR,2023.0,4.403758549931669,4.315946864267861,0.2232213219580003,21.94076917114449,11.547067887011783,,21.14137285547597,12.195514544619956,
UNITDSPR,2024.0,11.664110250021874,3.919795554934913,0.7480090776196935,57.26474005381643,15.533867236488664,,56.04907507078847,13.697448881013807,
VBL,2012.0,,,,,,,,,
VBL,2013.0,,,,,,,,,
VBL,2014.0,,,,,,,,,
VBL,2015.0,23.541568517898128,,,65.34058818899288,,,-20.62994740159002,,
VBL,2016.0,22.216490883907248,,,,,,,,
VBL,2017.0,16.968500157294653,17.339521465052155,,,53.63662311304851,,,-12.944943670387588,
VBL,2018.0,14.576258482797222,19.271608154633,,38.467421108344425,,,0.0,,
VBL,2019.0,22.68644321525435,23.299252840525053,,114.23984909035065,,,,,
VBL,2020.0,17.225442814054958,13.702385227112648,,18.60003419757117,25.86876022413229,,0.0,0.0,
VBL,2021.0,20.007073258113216,17.973182558066327,,35.479169043334856,73.10097657498386,,25.99210498948732,,
VBL,2022.0,22.70578947575912,26.893134264624187,22.022865282747773,48.63801602079545,48.58794794141399,51.09119946911631,70.99759466766969,37.97296614612149,9.595822638521724
VBL,2023.0,35.49043058566919,25.735515711694568,22.46092095475167,80.5738392562424,47.60541542199497,,81.71205928321396,43.096908110525554,
VEDL,2013.0,,,,,,,,,
VEDL,2014.0,,,,,,,,,
VEDL,2015.0,,,,,,,,,
VEDL,2016.0,185.93007135785797,,,,,,,,
VEDL,2017.0,2.9709826436481235,,,-0.3073969859711645,,,3.0788379107201225,,
VEDL,2018.0,7.61582313828979,101.74185666916912,,,43.12200402720605,,,1.4931978945393665,
VEDL,2019.0,12.724946959136773,6.8302575856560965,,,-3.217773342809549,,,-1.9817687750063429,
VEDL,2020.0,5.349438468631784,2.7570346394068856,,,,,,,
VEDL,2021.0,-1.4150780092516355,6.494311982679424,,3.1612570593021694,,,3.450966906825137,,
VEDL,2022.0,12.976234057497727,12.9425574439602,,34.715155909592774,15.943851521684005,,38.97569622033383,17.265016233415587,
VEDL,2023.0,20.378068072400303,9.904204025000984,48.903586846492274,,1.1575241360980204,20.324010807439485,,0.0,0.7438325132309798
VEDL,2024.0,17.75626461493056,9.32130335133765,8.068603195484346,-20.549068731046795,-4.911868676433484,-4.068560533232346,-29.203737570730283,-10.354639745865136,-6.261642591532213
WIPRO,2013.0,,,,,,,,,
WIPRO,2014.0,,,,,,,,,
WIPRO,2015.0,,,,,,,,,
WIPRO,2016.0,11.038707641336654,,,13.15607056637802,,,11.86889420813968,,
WIPRO,2017.0,8.488911866105408,,,2.151677224223936,,,5.272659960939663,,
WIPRO,2018.0,5.08708613134583,7.798970660561544,,-2.797279422872956,5.299125211580291,,0.0,6.961037572506879,
WIPRO,2019.0,4.821316051672309,6.329165183804464,,0.2264971349613453,2.447607372168892,,0.0,3.131030647754507,
WIPRO,2020.0,3.3098618017272763,5.422491572990795,,4.684393402678055,2.3182681317617693,,8.738037300289214,5.154749679728043,
WIPRO,2021.0,4.363286837226377,3.862464582829861,,10.738576777152332,3.9435178903299617,,12.624788044360605,7.394092378577932,
WIPRO,2022.0,10.352544522746898,7.421349294259794,,10.72844631866976,7.525146453068232,,16.260329205681458,9.460878422315757,
WIPRO,2023.0,13.961962795018,10.677570810288572,9.22878836900336,5.165848736245859,7.268193553736402,6.27909928219621,3.5744168651286268,7.394092378577932,7.177346253629313
WIPRO,2024.0,13.165896258558462,8.747228996316725,7.531400415089795,0.7428426173168301,4.26448450032566,3.352053540077038,3.228011545636722,9.460878422315757,6.248826851415057
ZOMATO,2018.0,,,,,,,,,
ZOMATO,2019.0,,,,,,,,,
ZOMATO,2020.0,,,,,,,,,
ZOMATO,2021.0,62.347801726280494,,,,,,,,
ZOMATO,2022.0,47.24894186860358,,,,,,,,
ZOMATO,2023.0,39.547286132601855,72.31266492619419,,,,,,,
ZOMATO,2024.0,82.46831928496725,55.95689089373501,,,,,,,
ZYDUSLIFE,2013.0,,,,,,,,,
ZYDUSLIFE,2014.0,,,,,,,,,
ZYDUSLIFE,2015.0,,,,,,,,,
ZYDUSLIFE,2016.0,14.029615829087216,,,41.71988706316756,,,46.84780191517228,,
ZYDUSLIFE,2017.0,9.080374535988756,,,21.97189403246413,,,23.31060371652352,,
ZYDUSLIFE,2018.0,11.229767451424388,13.365726422520918,,15.067862241552056,21.273495858608648,,15.616214441920404,23.15712275705608,
ZYDUSLIFE,2019.0,11.778972860955438,12.75484769930275,,-1.115589895383462,17.832132484055506,,-1.7860974765877446,17.607902252467355,
ZYDUSLIFE,2020.0,14.98192153947464,10.501454517229147,,-7.413648865906397,0.2679207868901967,,-9.822025700158656,0.0,
ZYDUSLIFE,2021.0,6.557634516296651,8.84836780453444,,6.477445184083464,2.155555931001629,,7.297628793540656,2.0218369075211573,
ZYDUSLIFE,2022.0,4.697634908637549,10.014359114543293,,34.47544433251404,24.93774685683561,,34.70800068740634,24.01444770294936,
ZYDUSLIFE,2023.0,6.541416238426434,7.682828934874331,10.487746494505368,20.220463426843605,2.9382121483014334,11.730375657918612,19.983162620797668,2.2494394759551506,12.217408495208026
ZYDUSLIFE,2024.0,10.713097138388727,8.224416370673238,10.466409307178925,22.05503734065768,15.909416636626528,16.866820514962953,21.858202395720227,16.11871423331621,16.860936130231472
