company_id,year_normalized,net_profit_margin_pct,operating_profit_margin_pct,return_on_equity_pct,return_on_assets_pct,return_on_capital_employed_pct,debt_to_equity,debt_to_assets_pct,interest_coverage,asset_turnover,fixed_asset_turnover,free_cash_flow_cr,cash_flow_to_profit,earnings_per_share,book_value_per_share,dividend_payout_ratio_pct,total_debt_cr,cash_from_operations_cr,net_working_capital_proxy,total_liabilities_to_assets_pct,revenue_growth_pct,profit_growth_pct,operating_profit_growth_pct,revenue_cagr_3y_pct,profit_cagr_3y_pct,revenue_cagr_5y_pct,profit_cagr_5y_pct
ABB,2012.0,8.771929824561402,12.220205686630369,22.411128284389488,15.986769570011026,31.221020092735703,0.0,0.0,,1.822491730981257,15.1651376146789,42.0,0.696551724137931,68.0,30.80952380952381,25.0,0,101.0,-109,100.0,,,,,,,
ABB,2014.0,8.699472759226714,11.731107205623902,25.12690355329949,17.383669885864794,33.88324873096447,0.0,0.0,,1.9982440737489024,23.224489795918366,11.0,0.7828282828282829,93.0,37.523809523809526,25.0,0,155.0,-98,100.0,37.68905021173623,36.55172413793104,32.178217821782184,,,,
ABB,2014.0,8.699472759226714,11.731107205623902,25.12690355329949,17.383669885864794,33.88324873096447,0.0,0.0,,1.9982440737489024,23.224489795918366,0.0,0.0,93.0,37.523809523809526,25.0,0,0.0,-98,100.0,0.0,0.0,0.0,,,,
ABB,2015.0,10.004368719965049,13.630406290956751,24.439701173959445,16.666666666666664,33.26226012793177,0.0,0.0,,1.665938864628821,23.84375,28.0,0.9388646288209607,108.0,44.61904761904762,29.0,0,215.0,-96,100.0,0.5711775043936829,15.656565656565657,16.85393258426966,11.461353640566884,16.454379771010252,,
ABB,2015.0,10.004368719965049,13.630406290956751,24.439701173959445,16.666666666666664,33.26226012793177,0.0,0.0,,1.665938864628821,23.84375,-1899.0,-0.15283842794759825,108.0,44.61904761904762,29.0,0,-35.0,-96,100.0,0.0,0.0,0.0,0.19003115432261186,4.967961701163293,,
ABB,2016.0,9.755164498852334,13.963274674827849,21.338912133891213,15.77970297029703,30.543933054393307,0.0,0.0,133.66666666666666,1.6175742574257426,24.203703703703702,172.0,0.9764705882352941,120.0,56.904761904761905,29.0,0,249.0,-108,100.0,14.19833988641328,11.353711790393017,16.987179487179493,4.723570737018634,8.799023312682186,9.598988478517612,11.952664832522043
ABB,2016.0,9.755164498852334,13.963274674827849,21.338912133891213,15.77970297029703,30.543933054393307,0.0,0.0,133.66666666666666,1.6175742574257426,24.203703703703702,728.0,6.0549019607843135,120.0,56.904761904761905,29.0,0,1544.0,-108,100.0,0.0,0.0,0.0,4.524940785488929,3.6497437403097077,2.8079418899369823,5.19013150122396
ABB,2017.0,9.541853255253187,13.709955218739237,19.971160778658977,13.407550822846078,28.69502523431867,0.0,0.0,219.0,1.40513068731849,26.39090909090909,152.0,1.108303249097473,130.0,66.04761904761905,31.0,0,307.0,-110,100.0,11.05585309869932,8.627450980392148,9.041095890410954,8.243148041968308,6.548685357397055,4.986862128546998,6.94559862302222
ABB,2017.0,9.541853255253187,13.709955218739237,19.971160778658977,13.407550822846078,28.69502523431867,0.0,0.0,219.0,1.40513068731849,26.39090909090909,459.0,7.902527075812275,130.0,66.04761904761905,31.0,0,2189.0,-110,100.0,0.0,0.0,0.0,3.557244068772114,2.7968632747906508,4.867339162652584,3.8792624255490793
ABB,2018.0,12.15888417222559,15.918738629472406,23.685764914353218,16.5976821192053,31.010041346721795,0.0,0.0,156.25,1.365066225165563,40.71604938271605,-62.0,0.38154613466334164,189.0,80.61904761904762,29.0,0,153.0,-81,100.0,13.60661384774371,44.7653429602888,31.909547738693476,8.055867924105797,16.287954329497833,7.577382156075796,11.856642163663711
ABB,2018.0,12.15888417222559,15.918738629472406,23.685764914353218,16.5976821192053,31.010041346721795,0.0,0.0,156.25,1.365066225165563,40.71604938271605,-994.0,5.4812967581047385,189.0,80.61904761904762,29.0,0,2198.0,-81,100.0,0.0,0.0,0.0,4.34409383504466,13.124029882744148,4.758437844738639,9.476483366769584
ABB,2019.0,12.231584669747214,16.444686055993476,22.410358565737052,15.300918055083304,30.11448481831757,0.0,0.0,350.5,1.2509350561033663,35.03809523809524,242.0,1.1088888888888888,212.0,95.61904761904762,31.0,0,499.0,-105,100.0,11.552456033959979,12.219451371571077,15.238095238095228,8.216691130318864,17.555850592753508,7.074200652857265,12.030033714161736
ABB,2019.0,12.231584669747214,16.444686055993476,22.410358565737052,15.300918055083304,30.11448481831757,0.0,0.0,350.5,1.2509350561033663,35.03809523809524,-459.0,5.757777777777778,212.0,95.61904761904762,31.0,0,2591.0,-105,100.0,0.0,0.0,0.0,3.7113718208107604,3.9176651632752524,4.851959335178502,10.19110772401981
ABB,2020.0,14.488150500855118,18.49499144881505,24.39325380501851,16.718353538201296,29.037207518220175,0.07198683669271905,4.93374682830561,90.22222222222223,1.153932901043135,15.15925925925926,225.0,1.0556492411467115,279.0,115.76190476190476,90.0,175,626.0,-270,100.0,11.25305789616744,31.77777777777777,25.123966942148755,7.464172231078736,13.929652723863928,7.112200565968996,16.443428704614593
ABB,2020.0,14.488150500855118,18.49499144881505,24.39325380501851,16.718353538201296,29.037207518220175,0.07198683669271905,4.93374682830561,90.22222222222223,1.153932901043135,15.15925925925926,-206.0,9.168634064080944,279.0,115.76190476190476,90.0,175,5437.0,-270,100.0,0.0,0.0,0.0,3.6185042627263186,9.634538598281495,4.413876226445623,8.138929027021513
ABB,2021.0,16.03248259860789,21.392111368909514,26.5564950038432,17.994791666666668,33.47857661583152,0.058800922367409685,3.9843749999999996,52.44444444444444,1.1223958333333333,17.171314741035857,655.0,1.0520984081041969,325.0,123.9047619047619,85.0,153,727.0,-251,100.0,5.301734668946989,16.526138279932546,21.796565389696166,5.418256075123251,15.368836082165704,5.498266550875042,11.497912112933939
ABB,2021.0,16.03248259860789,21.392111368909514,26.5564950038432,17.994791666666668,33.47857661583152,0.058800922367409685,3.9843749999999996,52.44444444444444,1.1223958333333333,17.171314741035857,-225.0,5.476121562952243,325.0,123.9047619047619,85.0,153,3784.0,-251,100.0,0.0,0.0,0.0,1.7369019416007436,5.230374986933262,3.216587486171396,8.95649064968671
ABB,2022.0,16.26297577854671,22.023203745165887,28.333333333333332,18.915719696969695,36.418714237630425,0.05390070921985816,3.5984848484848486,57.8421052631579,1.1631155303030303,18.129151291512915,552.0,1.1864831038798498,376.0,134.28571428571428,73.0,152,948.0,-271,100.0,13.990719257540608,15.629522431259035,17.353579175704994,6.275952614613001,10.449569803037594,5.95547316730245,12.167451631016934
ABB,2022.0,16.26297577854671,22.023203745165887,28.333333333333332,18.915719696969695,36.418714237630425,0.05390070921985816,3.5984848484848486,57.8421052631579,1.1631155303030303,18.129151291512915,161.0,5.127659574468085,376.0,134.28571428571428,73.0,152,4097.0,-271,100.0,0.0,0.0,0.0,4.461557789146919,4.9597797373167385,3.7196407615144977,6.14472523954761
ABB,2023.0,17.74163395027108,22.546270330902974,29.767879548306148,20.82967515364355,36.52331920048456,0.03544542032622334,2.4802458296751535,80.625,1.1740561896400352,22.569620253164558,745.0,0.9409905163329821,447.0,151.8095238095238,73.0,113,893.0,-237,100.0,8.874414817830246,18.77346683354193,11.460258780036959,7.46452149237673,11.155098625825088,5.498472273973998,9.860685308384355
ABB,2023.0,17.74163395027108,22.546270330902974,29.767879548306148,20.82967515364355,36.52331920048456,0.03544542032622334,2.4802458296751535,80.625,1.1740561896400352,22.569620253164558,-922.0,3.9799789251844047,447.0,151.8095238095238,73.0,113,3777.0,-237,100.0,0.0,0.0,0.0,2.874706989619291,5.902564681455491,4.414079834968243,6.551025272922528
ABB,2024.0,20.533424517011454,24.84185330825782,32.46823465801568,23.127286732139417,38.41882601797991,0.022438496891051634,1.5983054111303678,135.83333333333334,1.1263238975544,25.995555555555555,797.0,1.009991673605329,565.0,176.14285714285714,73.0,83,1213.0,-225,100.0,9.347541596560106,26.55426765015807,20.480928689883914,5.985133797122355,14.55096251345318,6.296966359200318,11.689665946634943
ABB,2024.0,20.533424517011454,24.84185330825782,32.46823465801568,23.127286732139417,38.41882601797991,0.022438496891051634,1.5983054111303678,135.83333333333334,1.1263238975544,25.995555555555555,1095.0,5.027477102414655,565.0,176.14285714285714,73.0,83,6038.0,-225,100.0,0.0,0.0,0.0,3.023509761069776,8.166372417902457,3.549253283074605,8.49238229475886
ABB,2024.0,20.533424517011454,24.84185330825782,34.10962794660608,23.721113964052932,40.56393076493579,0.017040613462084634,1.1850681414181317,135.83333333333334,1.1552439265257752,27.078703703703702,797.0,1.009991673605329,565.0,167.66666666666666,73.0,60,1213.0,-216,100.0,0.0,0.0,0.0,3.023509761069776,8.166372417902457,3.549253283074605,8.49238229475886
ABB,2024.0,20.533424517011454,24.84185330825782,34.10962794660608,23.721113964052932,40.56393076493579,0.017040613462084634,1.1850681414181317,135.83333333333334,1.1552439265257752,27.078703703703702,1095.0,5.027477102414655,565.0,167.66666666666666,73.0,60,6038.0,-216,100.0,0.0,0.0,0.0,0.0,0.0,1.8032879542759783,4.8227041087123945
ADANIENSOL,2014.0,,,0.0,,,0.0,,,,,0.0,,0.0,1.0,,0,0.0,0,,,,,,,,
ADANIENSOL,2015.0,-5.343511450381679,77.09923664122137,-0.6463527239150507,-0.06091193873999304,0.936572700296736,8.95752539242844,84.41524538809607,0.9315068493150684,0.011399234249912982,0.012390050127683723,-1899.0,5.0,0.0,0.9935779816513761,0.0,9701,-35.0,-10573,100.0,inf,-inf,inf,,,,
ADANIENSOL,2016.0,16.773017319963536,87.83044667274385,13.77245508982036,3.1329814404903797,17.118237541085545,3.2129491017964074,73.08871105057041,1.5015673981191222,0.18678699131619275,0.21809145129224652,728.0,4.195652173913044,3.0,2.429090909090909,0.0,8585,1544.0,-10060,100.0,1574.8091603053435,-5357.142857142857,1807.920792079208,,,,
ADANIENSOL,2017.0,14.464534075104313,68.94993045897078,14.116050220563285,3.2472094293966123,16.6345105276403,3.045469969460468,70.0569822808524,1.5884955752212389,0.22449457497463118,0.2918907946818228,459.0,5.262019230769231,4.0,2.679090909090909,0.0,8975,2189.0,-9853,100.0,31.084776663628077,13.043478260869556,2.906071613907635,,,,
ADANIENSOL,2018.0,28.98073022312373,71.65314401622717,18.87072808320951,6.620330147697655,17.14389711235137,1.7216443784051512,60.39965247610773,2.6613995485327315,0.22843903851723138,0.42449682488429663,-994.0,1.9230096237970253,10.0,5.506363636363637,0.0,10428,2198.0,-9291,100.0,37.134909596662034,174.7596153846154,42.51134644478063,211.09178071953335,,,
ADANIENSOL,2019.0,7.652292950034223,38.02874743326489,6.950142981474575,1.716935929725413,9.858405195358246,2.50366778565212,61.849622212666624,1.603882099209202,0.2243688187235088,0.2992380796329674,-459.0,4.635062611806798,5.0,7.3118181818181816,0.0,20137,2591.0,-24412,100.0,85.21805273833671,-51.0936132983377,-1.698513800424628,49.32339852079905,14.95326996489721,,
ADANIENSOL,2020.0,6.184302733006307,37.29852838121934,8.30685963054477,1.7778449296164793,13.003511986562835,2.8528062124955875,61.05613054317443,1.4946380697050938,0.2874770214801944,0.4580324185523993,-206.0,7.701133144475921,7.0,7.7263636363636365,0.0,24246,5437.0,-24924,100.0,56.27652292950034,26.296958855098396,53.27573794096472,58.33430720140576,19.280776269879674,144.37036240267406,
ADANIENSOL,2021.0,12.996171670360667,39.79447914567802,14.46350487722839,2.9837627792940737,10.967652367069276,3.0378966251821953,62.670583337188326,1.7652338214454417,0.22958782439746495,0.367806721754919,-225.0,2.933333333333333,11.0,8.108181818181817,0.0,27095,3784.0,-26987,100.0,-13.051857042747017,82.71954674220963,-7.233442930953505,36.02303315044746,4.115285245860001,35.240737223764505,28.513389561027825
ADANIENSOL,2022.0,10.978859477704743,37.360099484810796,12.46847573892868,2.604078880836002,10.564123172753302,3.016443054574801,62.999325804820494,1.7188160676532769,0.23719029158941513,0.3718948202959831,161.0,3.3147249190938513,11.0,9.011818181818182,0.0,29902,4097.0,-30272,100.0,13.419302841023573,-4.1860465116279055,6.481012658227847,15.508428339343316,30.277341516191925,31.381577615305556,24.332603568890065
ADANIENSOL,2023.0,9.636650868878357,33.98781313473256,10.90305557919823,2.3752132314766743,9.81768400008692,2.916843986722274,63.542980048950525,1.6156058971592953,0.24647704516798932,0.4071986521672538,-922.0,2.9484777517564402,11.0,10.537219730941704,0.0,34270,3777.0,-32645,100.0,18.076034819683784,3.6407766990291357,7.41797432239657,5.204992130714481,21.968629219492808,27.507937149916796,2.3058763473555732
ADANIENSOL,2024.0,7.201782380923707,34.38911302462817,9.461276797721698,2.043117291332126,11.488402969161756,2.93252116130053,63.32638627899826,1.6432959884351284,0.2836960606785336,0.42669578622816035,1095.0,5.048494983277592,10.0,11.337219730941705,0.0,37070,6038.0,-38920,100.0,24.93041450387421,-6.635441061670566,26.405489154493146,18.715011322879892,-2.4904490462308027,17.85124994851739,16.42972571572392
ADANIENSOL,2024.0,7.201782380923707,34.38911302462817,5.69930903025971,1.730649572402217,9.519285261859519,1.8588992137240887,56.447248469764276,1.6432959884351284,0.24030850709768908,0.4348976064526266,1095.0,5.048494983277592,10.0,17.472939217318903,0.0,39009,6038.0,-38186,100.0,0.0,0.0,0.0,13.835218926737603,-1.090599485034427,7.7842849968541294,11.118225088356049
ADANIENT,2013.0,2.6264150943396225,12.983288409703503,5.692652832305104,1.0887540113166057,6.636319548540694,3.240418769863526,61.974953294419464,1.5741695303550973,0.41453996120531683,0.95089194176748,-7124.0,6.293924466338259,15.0,194.5090909090909,10.0,69332,7666.0,-48770,100.0,,,,,,,
ADANIENT,2014.0,4.815549529546654,17.07645549347553,11.1377699204445,2.240436233086654,9.800808464856846,3.0298438355011155,60.94731672621971,1.283008942661757,0.4652503767929417,0.7785176893976962,221.0,3.109599395313681,20.0,215.97272727272727,7.0,71980,8228.0,-70579,100.0,18.484097035040435,117.24137931034484,55.83790068095,,,,
ADANIENT,2015.0,3.564725044597844,19.312805398278137,8.931902985074627,1.757982833274683,11.390876319786273,3.248250932835821,63.93228170565644,1.377409297052154,0.4931608500742055,0.7689600877925424,-2933.0,3.7127937336814623,18.0,233.8909090909091,8.0,83571,8532.0,-83834,100.0,17.322146796003413,-13.151927437641719,32.686773952893525,,,,
ADANIENT,2016.0,2.9404845918607387,4.951776052693484,7.4749588877261175,2.399289810216176,5.174055980581928,1.4328748691882194,45.99198637203388,1.7781871775976419,0.8159504786583172,3.2472071039816672,3287.0,5.112,9.0,121.61818181818182,4.0,19169,5112.0,-10473,100.0,-47.245792290390135,-56.48389904264578,-86.47389558232932,-9.822320328171163,-6.3622641625924015,,
ADANIENT,2017.0,2.5319574083705145,5.206251881860236,6.543576683644596,1.9428283379891202,5.4372373574226005,1.4746745897000566,43.78399949591481,1.858392999204455,0.7673226775325029,2.6728855721393034,-686.0,0.8367567567567568,9.0,128.5090909090909,4.0,20846,774.0,-13668,100.0,7.424723594448368,-7.499999999999996,12.945368171021387,-12.720191700604078,-29.554925791176643,,
ADANIENT,2018.0,1.653490702594366,5.673087629439929,3.936642587315263,1.0530981295984398,6.227464401393387,1.1688647359003248,31.268504565198118,1.3896,0.6368938923854268,3.4035054476551396,-4707.0,4.952861952861953,7.0,137.1727272727273,6.0,17637,2942.0,-10555,100.0,-1.666986012646099,-35.78378378378378,7.150368033648791,-17.708767504438207,-36.29911390169962,-4.9788782627487205,-13.378074899332725
ADANIENT,2019.0,1.2531266252259838,4.876297085118502,3.429113580916238,1.1895805905585857,7.57336820646948,0.7619273515857956,26.431728418280986,1.2824615384615385,0.9492900131653188,4.476607538802661,5723.0,6.395256916996048,7.0,134.14545454545456,6.0,11243,3236.0,-9020,100.0,12.401180269457734,-14.814814814814813,-3.3856722276741857,5.890782050790433,-20.313728713037616,-5.975222430379501,-28.168963139116254
ADANIENT,2020.0,2.3961477317236133,5.285348939013432,6.136779370980115,2.2186666666666666,7.811755090921474,0.7328140673865581,26.493866666666666,1.713740458015267,0.9259306666666667,4.143088965253914,1372.0,2.3596153846153847,10.0,154.06363636363636,10.0,12419,2454.0,-10476,100.0,7.489041333366364,105.53359683794467,16.505840528186887,5.911910945095755,3.9833653228128707,-7.606982238213844,-14.663139176416905
ADANIENT,2021.0,2.645623087234742,6.338366593317652,6.0959263360335685,2.026464149408141,7.506140298328641,0.9456844804475786,31.43731716295019,1.7886710239651415,0.7659685762442606,3.6479977855692933,-4568.0,3.8652007648183555,8.0,155.9909090909091,12.0,16227,4043.0,-10838,100.0,-8.907218395041816,0.5769230769230749,9.241499564080202,3.2459461046949967,20.757768726443793,3.058667787307945,0.9035246758499982
ADANIENT,2022.0,1.135119562085854,5.3500432152117545,3.5404591813811384,0.7756974386234324,5.8158471656749136,1.8692546165251382,40.95446222904731,1.376880443388757,0.6833618805740949,2.3045513395080173,-15656.0,1.7576142131979695,7.0,202.33636363636364,14.0,41604,1385.0,-30123,100.0,75.58236588512027,-24.665391969407267,48.20430965682363,19.796192956691726,15.911155042442072,13.699840248771,-3.155068356762114
ADANIENT,2023.0,1.899012074643249,6.913909361768857,7.328068742246831,1.7143504296493437,10.223649580874424,1.6096335965628876,37.65625221195091,1.81809019904258,0.9027590990812441,2.2422249960443734,2167.0,7.277456647398844,22.0,289.92105263157896,6.0,53200,17626.0,-56881,100.0,83.72227023912417,207.36040609137058,137.4259558427571,43.2327140592222,32.55016311333752,28.84048322057997,32.45780037178554
ADANIENT,2024.0,3.458790097592848,11.799296833677312,8.534650424813185,2.076768834144944,10.89897112639626,1.671358378544375,40.6697968689674,2.081448957189901,0.6004321671876751,1.4614113795507593,-8455.0,3.0920539730134933,28.0,342.7719298245614,5.0,65310,10312.0,-65978,100.0,-24.39940410851498,37.69611890999174,29.02018598321614,34.60338228109774,47.182006037517255,19.015414753081238,45.81058899665285
ADANIENT,2024.0,3.458790097592848,11.799296833677312,7.960187130036281,1.8347563927644028,9.300785624943797,1.91968206988734,44.24706218916421,2.081448957189901,0.5304619074864663,1.1376974902950998,-8455.0,3.0920539730134933,28.0,367.50877192982455,5.0,80427,10312.0,-84751,100.0,0.0,0.0,0.0,11.573829814996728,61.754562833069706,17.308741726242836,26.24450964266549
ADANIGREEN,2017.0,-9.362549800796813,80.2788844621514,-3.906899418121363,-0.762987012987013,7.261261261261261,3.6134663341645887,70.56818181818181,0.4491017964071856,0.08149350649350649,0.11564155724487445,-1483.0,-0.5957446808510638,0.0,0.9442700156985872,0.0,4347,28.0,-4341,100.0,,,,,,,
ADANIGREEN,2018.0,-9.324324324324325,56.95945945945946,-10.290827740492169,-0.8784773060029283,7.522755666607174,7.355704697986577,62.792030046470174,0.6195652173913043,0.09421350818002419,0.16228070175438597,-3779.0,-4.702898550724638,-1.0,0.8574168797953964,0.0,9864,649.0,-9120,100.0,194.8207171314741,193.61702127659575,109.18114143920596,,,,
ADANIGREEN,2019.0,-23.080660835762874,74.14965986394559,-24.573202276254527,-3.240551234820576,11.670235546038544,5.764097258147957,76.01309864920181,0.47814451382694023,0.14040114613180515,0.19811320754716982,-1041.0,-3.4210526315789473,-3.0,1.235933503836317,0.0,11142,1625.0,-10388,100.0,39.05405405405404,244.20289855072465,81.02016607354685,,,,
ADANIGREEN,2020.0,-2.6677128285602194,56.88505296194586,-2.8850233347475602,-0.36908380373425964,8.418974626952332,6.307170131523122,80.68823273990448,0.949748743718593,0.13835214937038645,0.20304285486697468,-1778.0,-28.897058823529413,0.0,1.5070332480818414,0.0,14866,1965.0,-12554,100.0,23.85811467444121,-85.68421052631578,-4.980340760157276,71.87869176489616,,,
ADANIGREEN,2021.0,5.8258642765685025,71.73495518565942,8.272727272727273,0.6343231562804963,8.485743496535273,11.004090909090909,84.37543566150843,1.0988223246287763,0.10888052418792694,0.1901515612636192,-7536.0,8.796703296703297,1.0,1.4066496163682864,0.0,24209,1601.0,-16429,100.0,22.557865829737157,-367.6470588235294,54.55172413793103,28.277288090725804,,,
ADANIGREEN,2022.0,9.526592635885448,68.42002727449834,18.706962509563887,0.8294602571496421,6.334090827111064,20.211170619739864,89.61563252705498,1.211310661062285,0.08706788343454218,0.18040911008013497,-15603.0,6.394683026584867,3.0,1.6713554987212276,0.0,52832,3127.0,-28452,100.0,64.30857874519846,168.68131868131866,56.7157518964748,35.615281969114456,,59.19649782184464,
ADANIGREEN,2023.0,12.512860082304528,63.91460905349794,13.321467688937568,1.4542139323558863,8.07775448177223,7.423740416210296,81.0399198911955,1.4898660254208176,0.11621754920862665,0.1608738828202582,3408.0,7.466598150051388,6.0,4.611111111111111,0.0,54223,7265.0,-48336,100.0,51.490356516656924,98.97750511247443,41.51480637813212,45.03143324246328,,39.347412006991476,
ADANIGREEN,2024.0,13.665943600867678,79.3709327548807,12.812690665039659,1.430420271098699,9.797568682054303,6.595281675818589,73.63031582771382,1.3337994406711946,0.10467043571055559,0.14803159719992293,-13347.0,6.121428571428571,7.0,6.208333333333333,0.0,64858,7713.0,-62284,100.0,18.569958847736622,29.496402877697836,47.24346076458752,43.44099813858789,90.58982840512462,34.976172926382844,
ADANIGREEN,2024.0,13.665943600867678,79.3709327548807,11.913767019667171,1.2823383337743492,9.381329641309643,6.375756429652042,68.62545543365425,1.3337994406711946,0.09383459870951984,0.1426537937863597,-13347.0,6.121428571428571,7.0,6.6767676767676765,0.0,67430,7713.0,-64632,100.0,0.0,0.0,0.0,21.558841449934853,37.094667312680144,29.321941827543373,
ADANIPORTS,2013.0,45.820519988817445,66.59211629857423,25.633406318423525,7.791775612075114,13.22378282351635,1.817328745699093,55.24126455906821,4.250922509225092,0.17004991680532447,0.31426814268142683,-3757.0,0.8413666870042709,8.0,15.945137157107231,12.0,11620,1379.0,-11382,100.0,,,,,,,
ADANIPORTS,2013.0,45.820519988817445,66.59211629857423,25.633406318423525,7.791775612075114,13.22378282351635,1.817328745699093,55.24126455906821,4.250922509225092,0.17004991680532447,0.31426814268142683,-3757.0,0.8413666870042709,8.0,15.945137157107231,12.0,11620,1379.0,-11382,100.0,0.0,0.0,0.0,,,,
ADANIPORTS,2014.0,36.04554865424431,60.43478260869565,19.86309184255562,7.055152571220165,13.42439293598234,1.4807758128921849,52.59553430319731,3.024564994882293,0.19572881630668235,0.3669376282002583,-1378.0,0.6502010338885698,8.0,21.17149758454106,12.0,12979,1132.0,-13163,100.0,35.029354207436405,6.223306894447833,22.54408060453401,,,,
ADANIPORTS,2014.0,36.04554865424431,60.43478260869565,19.86309184255562,7.055152571220165,13.42439293598234,1.4807758128921849,52.59553430319731,3.024564994882293,0.19572881630668235,0.3669376282002583,-1378.0,0.6502010338885698,8.0,21.17149758454106,12.0,12979,1132.0,-13163,100.0,0.0,0.0,0.0,10.528954884225827,2.0328315733676883,,
ADANIPORTS,2015.0,37.77633289986996,63.42652795838751,21.58848118903855,7.243937410385887,13.67156021162538,1.651277287505806,55.40801695654884,3.1285106382978722,0.19175861853999127,0.29970283041847323,572.0,1.3154044750430292,11.0,26.002415458937197,10.0,17776,3057.0,-20527,100.0,27.370600414078684,33.486502010338896,33.67591640972935,19.81167199756988,12.344648571071826,,
ADANIPORTS,2015.0,37.77633289986996,63.42652795838751,21.58848118903855,7.243937410385887,13.67156021162538,1.651277287505806,55.40801695654884,3.1285106382978722,0.19175861853999127,0.29970283041847323,572.0,1.3154044750430292,11.0,26.002415458937197,10.0,17776,3057.0,-20527,100.0,0.0,0.0,0.0,8.398448282685123,10.10637148719069,11.454979757599148,7.23373527215907
ADANIPORTS,2016.0,40.17442678295119,64.38317625545083,21.147723065531284,7.44040640875342,12.768153541440007,1.6543502406516104,58.20502800573141,3.7749110320284696,0.18520255308063047,0.34042043767657904,-1772.0,0.8336834733893558,14.0,32.6207729468599,8.0,22342,2381.0,-20883,100.0,15.555916775032518,22.891566265060238,17.298821117375706,13.750625769058878,17.93783306655532,14.724959965718654,11.746994126072362
ADANIPORTS,2016.0,40.17442678295119,64.38317625545083,21.147723065531284,7.44040640875342,12.768153541440007,1.6543502406516104,58.20502800573141,3.7749110320284696,0.18520255308063047,0.34042043767657904,-1772.0,0.8336834733893558,14.0,32.6207729468599,8.0,22342,2381.0,-20883,100.0,0.0,0.0,0.0,4.937503784570962,7.112632514891026,8.036940449945785,10.405799341037358
ADANIPORTS,2017.0,46.23770588932338,64.20191965872733,22.264064817984707,8.997209988701607,13.633618520382488,1.2674883030925481,51.220918167354554,4.744623655913978,0.19458599460444095,0.40082644628099173,1434.0,1.0412608918503332,19.0,42.333333333333336,7.0,22214,4063.0,-21054,100.0,18.708679139119422,36.62464985994398,18.374481101157958,11.111297740860726,18.854887995215908,11.806942477840332,17.516188935843637
ADANIPORTS,2017.0,46.23770588932338,64.20191965872733,22.264064817984707,8.997209988701607,13.633618520382488,1.2674883030925481,51.220918167354554,4.744623655913978,0.19458599460444095,0.40082644628099173,1434.0,1.0412608918503332,19.0,42.333333333333336,7.0,22214,4063.0,-21054,100.0,0.0,0.0,0.0,5.883305523413362,10.962530940216087,6.525831302677854,10.92009382535597
ADANIPORTS,2018.0,32.588536606906295,63.20763048662016,17.652968473424867,7.812334596574429,16.539181475747004,1.0701813136870306,47.360955264327906,4.314756174794174,0.23972646243092752,0.49947066607851787,1762.0,1.5197831978319782,18.0,50.490338164251206,11.0,22370,5608.0,-22670,100.0,34.17466524469723,-5.43311122501281,32.096714654854196,16.78426479715933,8.915424298756047,12.97673929926555,9.687729920647747
ADANIPORTS,2018.0,32.588536606906295,63.20763048662016,17.652968473424867,7.812334596574429,16.539181475747004,1.0701813136870306,47.360955264327906,4.314756174794174,0.23972646243092752,0.49947066607851787,1762.0,1.5197831978319782,18.0,50.490338164251206,11.0,22370,5608.0,-22670,100.0,0.0,0.0,0.0,10.295257802785063,-1.8448629678093464,9.75658823887844,5.257641021151249
ADANIPORTS,2019.0,37.02517162471396,60.37528604118994,16.596914492040046,7.183321198344907,12.664401052166735,1.1370425077958313,49.21240965353128,4.701083032490975,0.19401182717408677,0.38849969773478893,1661.0,1.4904820766378244,19.0,58.869565217391305,1.0,27712,6029.0,-28121,100.0,-3.5149695310430107,9.620596205962052,-7.838479809976251,8.987532351429195,1.2069694020479638,8.97392318743755,7.209202288368943
ADANIPORTS,2019.0,37.02517162471396,60.37528604118994,16.596914492040046,7.183321198344907,12.664401052166735,1.1370425077958313,49.21240965353128,4.701083032490975,0.19401182717408677,0.38849969773478893,1661.0,1.4904820766378244,19.0,58.869565217391305,1.0,27712,6029.0,-28121,100.0,0.0,0.0,0.0,-1.1856588192523887,3.1091927148514387,5.299447324852458,0.7224432867230846
ADANIPORTS,2020.0,31.8790533142424,50.08843594710688,14.868209136976077,6.113022271750893,10.676840215439857,1.1879640177554307,48.84280569149022,3.175294720656074,0.1917567065587803,0.36292220693871313,6653.0,1.9556142668428005,19.0,62.70197044334975,17.0,30242,7402.0,-32715,100.0,8.67734553775743,-6.427688504326334,-9.83929654335961,1.5935930311228086,0.8509141623496586,7.06657157921331,-0.6070172667238083
ADANIPORTS,2020.0,31.8790533142424,50.08843594710688,14.868209136976077,6.113022271750893,10.676840215439857,1.1879640177554307,48.84280569149022,3.175294720656074,0.1917567065587803,0.36292220693871313,6653.0,1.9556142668428005,19.0,62.70197044334975,17.0,30242,7402.0,-32715,100.0,0.0,0.0,0.0,2.8125996866097402,-2.190181586182194,0.9531308209521416,0.5096830642101091
ADANIPORTS,2021.0,40.23107569721115,69.22709163346613,16.586183108307875,6.769729961652946,13.10466536947373,1.1778522387569397,48.07460245099354,3.790243902439024,0.16827116462417205,0.2598827938953428,-6508.0,1.4965339671222024,25.0,74.97783251231527,20.0,35855,7556.0,-48291,100.0,5.702012970605574,33.39498018494056,46.09046578106608,4.730721005877125,7.670223589466851,2.0790086488496007,6.472095331739425
ADANIPORTS,2021.0,40.23107569721115,69.22709163346613,16.586183108307875,6.769729961652946,13.10466536947373,1.1778522387569397,48.07460245099354,3.790243902439024,0.16827116462417205,0.2598827938953428,-6508.0,1.4965339671222024,25.0,74.97783251231527,20.0,35855,7556.0,-48291,100.0,0.0,0.0,0.0,1.865648106471518,10.081201801164008,2.812153517074356,4.533951843552342
ADANIPORTS,2022.0,28.93276476429698,55.65745662713943,11.843332297171278,5.037222357822797,10.615446321137306,1.1461944955883407,48.75010170043121,3.247248427672956,0.1741009681881051,0.2736719262065768,4927.0,2.103775489602261,23.0,99.10189573459715,22.0,47935,10420.0,-62553,100.0,36.40637450199202,-1.9013666072489555,9.66850828729282,12.972474478928863,9.37905025485184,9.398505536455115,4.133378871870397
ADANIPORTS,2022.0,28.93276476429698,55.65745662713943,11.843332297171278,5.037222357822797,10.615446321137306,1.1461944955883407,48.75010170043121,3.247248427672956,0.1741009681881051,0.2736719262065768,4927.0,2.103775489602261,23.0,99.10189573459715,22.0,47935,10420.0,-62553,100.0,0.0,0.0,0.0,10.90340716317666,-0.6378487287779011,7.592892919250205,5.526246010980218
ADANIPORTS,2023.0,25.85363514291195,52.498561289084975,11.8773271056864,4.789317981930119,11.077380771682705,1.1772455881380952,47.47030551779892,3.322048243757935,0.18524737258246493,0.28871289322108995,-4816.0,2.2073826748284175,25.0,105.06712962962963,20.0,53434,11900.0,-72224,100.0,21.806180267539,8.843125378558447,14.892947103274556,18.440799456596935,2.208728840330454,11.922512192942625,7.329891318843562
ADANIPORTS,2023.0,25.85363514291195,52.498561289084975,11.8773271056864,4.789317981930119,11.077380771682705,1.1772455881380952,47.47030551779892,3.322048243757935,0.18524737258246493,0.28871289322108995,-4816.0,2.2073826748284175,25.0,105.06712962962963,20.0,53434,11900.0,-72224,100.0,0.0,0.0,0.0,6.796357737080361,2.8648509846956216,10.688065693230886,1.3194426780221313
ADANIPORTS,2024.0,30.339560480700833,58.36172363445772,15.3548827162833,6.926554927819896,15.246263985603631,0.9373223691689719,42.282412670193764,4.526893523600439,0.22830109659056916,0.35544525469739713,8250.0,1.8531589338598222,38.0,122.17129629629629,16.0,49470,15018.0,-75148,100.0,28.098024170343372,50.324615099239466,42.40431168356626,15.985558606498085,17.8357403511616,16.307918725385086,9.925591786693033
ADANIPORTS,2024.0,30.339560480700833,58.36172363445772,14.173779208059326,6.430980438836646,14.479709458392549,0.882975374282916,40.06269094949014,4.526893523600439,0.21196682934571281,0.33753285483218765,8250.0,1.8531589338598222,38.0,132.35185185185185,16.0,50485,15018.0,-79136,100.0,0.0,0.0,0.0,8.604414105619984,14.553940654318698,9.305584537998545,10.34844583640242
ADANIPORTS,2024.0,30.339560480700833,58.36172363445772,15.3548827162833,6.926554927819896,15.246263985603631,0.9373223691689719,42.282412670193764,4.526893523600439,0.22830109659056916,0.35544525469739713,8250.0,1.8531589338598222,38.0,122.17129629629629,16.0,49470,15018.0,-75148,100.0,0.0,0.0,0.0,8.604414105619984,14.553940654318698,9.305584537998545,10.34844583640242
ADANIPORTS,2024.0,30.339560480700833,58.36172363445772,14.173779208059326,6.430980438836646,14.479709458392549,0.882975374282916,40.06269094949014,4.526893523600439,0.21196682934571281,0.33753285483218765,8250.0,1.8531589338598222,38.0,132.35185185185185,16.0,50485,15018.0,-79136,100.0,0.0,0.0,0.0,0.0,0.0,5.077198699749141,8.494074662471164
ADANIPOWER,2013.0,-34.294680215182304,14.34548714883443,-53.459119496855344,-4.1965330602691635,2.0829265117490072,9.735616119263918,76.42444411936805,-0.06752789195537287,0.12236688121708601,0.23005259720169136,-1063.0,-1.3076252723311548,-10.0,1.7939824488090264,0.0,41795,3001.0,-29089,100.0,,,,,,,
ADANIPOWER,2014.0,-1.8984864300626305,29.964770354906058,-4.447501146263182,-0.49541190691023,9.060243815836195,6.747669264863212,75.16300924428404,0.6708313310908217,0.2609509865676978,0.3305941982098566,-1462.0,-11.127147766323024,-1.0,2.2782033426183843,0.0,44150,3238.0,-46365,100.0,129.0496114763897,-87.3202614379085,378.4375,,,,
ADANIPOWER,2015.0,-4.367606915377617,25.03880533104962,-14.253275109170305,-1.3954920135444813,9.26960726033369,7.815196506550218,76.51605841912645,0.8322368421052632,0.3195095256011219,0.4144409937888199,1087.0,-7.137254901960785,-3.0,1.9933844011142061,0.0,44742,5824.0,-45080,100.0,21.888048016701454,180.4123711340206,1.8506422817330614,,,,
ADANIPOWER,2016.0,2.171257437837412,34.6849509398274,7.378146759507231,0.7269704725967755,14.621991129126036,7.06065881092662,69.56883130590812,1.0674460431654675,0.33481542074570547,0.44567183575982156,2565.0,9.540834845735027,2.0,2.2399520095980803,0.0,52729,5257.0,-56941,100.0,35.829363592570786,-167.52450980392157,88.15733219324497,55.9414072705229,,,
ADANIPOWER,2017.0,-27.299257163070394,26.44145737530951,-205.79999999999998,-8.633636783152241,10.77788191190253,17.494666666666667,73.39290458810532,-0.06065740426973907,0.31625903707121983,0.41580408523468954,3513.0,-0.7653061224489796,-16.0,0.77780658542909,0.0,52484,4725.0,-54391,100.0,-10.879930645860425,-1220.508166969147,-32.0608952510793,13.84398810447287,,,
ADANIPOWER,2018.0,-10.35756501182033,26.773049645390074,-236.55793025871765,-3.0246807041767347,10.118382845655573,59.43194600674916,75.99096766770222,0.6267504488330341,0.29202623403520883,0.3894355256343863,4581.0,-2.425582501188778,-5.0,0.23049001814882034,0.0,52835,5101.0,-52137,100.0,-10.222851078882211,-65.93780369290573,-9.09698996655518,2.812281577801401,,24.854768715819798,
ADANIPOWER,2019.0,-4.119912912409982,20.86333947412494,-12.759336099585061,-1.4473780981098772,9.11102172164119,6.091804979253112,69.10347870853865,0.827470390666431,0.3513127895859381,0.47371030762212657,4626.0,-5.701219512195122,-3.0,1.9994814622763806,0.0,46980,5610.0,-50419,100.0,17.63199369582349,-53.20970042796005,-8.333333333333337,-2.0008608070737233,,9.27588040271312,
ADANIPOWER,2020.0,-8.595284872298626,21.66389602538915,-35.102607622280516,-3.032322559146951,9.296519074563465,8.517049837987965,73.57414195268244,0.5738476011288806,0.3527890703098967,0.47394620921820724,3294.0,-2.4606593406593404,-6.0,1.6803214933886441,0.0,55199,5598.0,-55846,100.0,10.818958298442482,131.1991869918699,15.07124222356011,5.382486975545575,,7.214840153417179,
ADANIPOWER,2021.0,4.84344609282636,33.13374775942947,9.685045374818882,1.6115524198665077,13.237646843717146,4.005109433386716,66.64340278658986,1.4482961222091657,0.3327284724513362,0.49613063139770297,4826.0,5.522834645669291,3.0,3.399792584910552,0.0,52519,7014.0,-52851,100.0,-0.9332023575638559,-155.82417582417582,51.51726543425183,8.898663210215553,,0.6564928179288998,18.176309784358757
ADANIPOWER,2022.0,17.725812854101257,35.6573201977554,26.613209080565635,5.991632207462705,14.61643146652466,2.662675407704394,59.94681694538978,2.606105006105006,0.33801734548248985,0.5201599279198108,11007.0,2.0832654723127035,13.0,4.785325382421571,0.0,49145,10233.0,-53274,100.0,5.682468250638806,286.7716535433071,13.731583793738489,5.078785671226016,,4.14712377692581,
ADANIPOWER,2023.0,27.666159440848016,26.038738297268715,35.90507430713616,12.499271740017011,13.978539286950504,1.4175257731958764,49.3468964472565,3.3020395920815835,0.4517891891262045,0.7535907951254591,9976.0,0.7859606600167801,28.0,7.745916515426497,0.0,42350,8431.0,-51451,100.0,39.919165674280976,118.38355048859937,2.175893128225881,13.571516896859581,,13.812394373753722,
ADANIPOWER,2024.0,41.36759945184802,36.20186292228556,48.27674122146251,22.638002804073516,23.441056570774553,0.8023177656738903,37.622406503711595,7.136953955135773,0.5472399439185297,0.7990192966865558,17651.0,0.6803015027125642,54.0,11.186155042779362,0.0,34616,14170.0,-63016,100.0,29.860985737497735,94.17358068425467,80.54675118858954,24.294797156226156,154.07088459944453,16.086096410440966,
ADANIPOWER,2024.0,41.36759945184802,36.20186292228556,37.22522071701755,18.801451473136915,19.462091203194568,0.6738570969010258,34.034698151357595,7.136953955135773,0.4544970392836511,0.7077037682544591,17651.0,0.6803015027125642,54.0,14.507129893699767,0.0,37705,14170.0,-71147,100.0,0.0,0.0,0.0,22.025885347732356,61.85893827504354,13.725379533957604,
AMBUJACEM,2012.0,13.252641296543235,25.36670427736178,14.686825053995682,10.46577561765897,27.918265974260553,0.006820506991019666,0.48602673147023084,25.307692307692307,0.7897124341838802,1.638212065199126,1472.0,1.4396284829721362,8.0,28.56168831168831,43.0,60,1860.0,-5951,100.0,,,,,,,
AMBUJACEM,2013.0,13.950442091474729,18.218535094422005,13.506658211794548,9.864155603581352,17.549947423764458,0.0050729232720355105,0.3704847175054029,23.35820895522388,0.7070855202222909,1.4903204815357085,771.0,0.9913928012519562,8.0,30.62135922330097,44.0,48,1267.0,-6147,100.0,-6.0313878346497045,-1.0835913312693513,-32.51112009704812,,,,
AMBUJACEM,2014.0,14.937217478653944,19.427423405323957,14.766633565044687,10.714800403516357,19.1409342834521,0.0033763654419066533,0.24499207378584809,27.87878787878788,0.7173223807465052,1.5776545166402536,1219.0,1.1264290517821116,10.0,32.483870967741936,46.0,34,1675.0,-6310,100.0,8.667176072481176,16.353677621283257,15.877771120431404,,,,
AMBUJACEM,2015.0,8.562043022146868,16.33993853979019,7.866809463538117,5.717115969716267,14.962157966233262,0.0034076526141563626,0.24764735017335313,13.75,0.6677280124531239,1.5294975688816856,1474.0,1.926980198019802,5.0,33.13225806451613,54.0,35,1557.0,-6170,100.0,-5.203415369161224,-45.66240753194351,-20.26887280248191,-1.0783629462939648,-14.483559496590082,,
AMBUJACEM,2016.0,7.136458644371454,15.830596197870012,7.234751021643711,4.368754569826956,16.025188916876573,0.00146309469754301,0.08834998781379479,14.124183006535947,0.6121740190104802,0.9385333956095283,-1355.0,1.9595536959553697,6.0,49.92695214105793,50.0,29,2810.0,-21410,100.0,112.92783723640989,77.47524752475248,106.29053177691313,29.929521264588832,3.913689722316227,,
AMBUJACEM,2017.0,8.238383667245541,16.34122580371892,9.408862229102168,5.477484581373736,18.641283339775804,0.0011609907120743034,0.06758849869047284,14.436893203883495,0.6648736939930722,1.12972533256771,2678.0,1.7562982005141388,8.0,52.07052896725441,47.0,24,3416.0,-20898,100.0,17.4927839155967,35.63458856345885,21.28261552970765,33.355861476067375,9.362781071446658,19.350297077682033,8.52540579140837
AMBUJACEM,2018.0,11.416612265273992,15.402634307438271,13.29012069736254,7.951111229975128,17.89825970548862,0.001788109074653554,0.10697761493407504,18.17058823529412,0.6964510176245621,1.2619209149059896,938.0,0.5728220652539522,11.0,56.34760705289673,14.0,40,1703.0,-20636,100.0,10.301156338684404,52.853470437018004,3.965785381026432,40.26238980107533,54.38123689114178,23.237521356132795,18.394849848210313
AMBUJACEM,2019.0,10.267857142857142,16.960596221959857,11.558268959215882,6.926676290507243,19.059662506737425,0.0017027992358169283,0.10204589576385086,23.794117647058822,0.6745980387276619,1.3093087290469059,3548.0,1.7028386633129715,11.0,60.649874055415616,14.0,41,4739.0,-20701,100.0,4.082024499827197,-6.390850992263708,14.609822986786348,10.48983632828422,24.73491008967228,22.179522882798295,13.354938999207233
AMBUJACEM,2020.0,12.673356175558819,20.41931799641051,13.65294195192688,7.822649680245733,21.551575684518685,0.02069692841762974,1.1858603152223175,29.514285714285716,0.6172516239488394,1.1967197110221615,3515.0,1.5551979401351785,12.0,57.322418136020154,151.0,471,4832.0,-20486,100.0,-9.548406139315235,11.642112827883588,8.897106808788347,1.2645273918070687,16.89803632525486,21.038388124060383,30.913965581917104
AMBUJACEM,2021.0,12.812014500258934,21.439668565510097,14.636743709079436,8.209268886185155,24.04088111184236,0.01881359943204228,1.0551930096228295,36.36986301369863,0.6407477048999004,1.3015637638177406,3302.0,1.4306116949609269,14.0,63.8639798488665,45.0,477,5309.0,-22254,100.0,18.14733235438082,19.43997425168973,24.051138633639635,3.610863166801348,7.670983912476048,7.587403635446233,20.945123020866106
AMBUJACEM,2023.0,7.766391863779952,13.154583044405063,9.540034071550256,5.846754703118656,15.896958410924892,0.016499463688560794,1.011194679143868,20.123076923076923,0.7528276715454071,1.6533055921192306,-13746.0,0.24305555555555555,13.0,79.84382871536523,19.0,523,735.0,-23551,100.0,34.42775763852926,-18.512530315278898,-17.520128824476654,12.834792045164045,2.807041173311098,10.524097931492026,9.22761131697618
AMBUJACEM,2024.0,14.288299155609169,19.300361881785282,11.428984947896565,7.2600787606687,15.182426341509704,0.01686125048243921,1.0710838019644198,22.380434782608695,0.5081135747230352,1.023835988637767,-3295.0,1.1916420430561419,16.0,94.21818181818182,12.0,699,5646.0,-32388,100.0,-14.836787631301851,56.679894179894184,24.95119094103866,10.591471422496257,15.102458796546347,4.952158000173124,9.769081298428105
AMBUJACEM,2024.0,14.288299155609169,19.300361881785282,9.40527235191361,6.187640390743352,12.510995992571598,0.015463712879148802,1.017343154155566,22.380434782608695,0.43305646972783784,0.811611229409893,-3295.0,1.1916420430561419,16.0,102.18255578093306,12.0,779,5646.0,-40857,100.0,0.0,0.0,0.0,4.611716860010384,8.484585512022203,4.115700788754739,11.228574154296279
APOLLOHOSP,2013.0,8.039267710267975,16.23772884054126,11.030214779759739,6.294142085583713,15.454545454545453,0.4415726246814707,25.197341088491896,4.87378640776699,0.7829248026589115,1.6099957283212303,-290.0,1.462046204620462,22.0,39.24285714285714,25.0,1213,443.0,-2341,100.0,,,,,,,
APOLLOHOSP,2014.0,7.229745237548772,15.515262795501492,10.581121934833725,5.887850467289719,15.64452672992363,0.4514612025529056,25.121495327102807,4.420168067226891,0.814392523364486,1.6251398731816487,17.0,1.1841269841269841,23.0,42.52857142857143,25.0,1344,373.0,-2681,100.0,15.600955160520025,3.960396039603964,10.457516339869288,,,,
APOLLOHOSP,2015.0,6.531487619418989,14.369272762721778,10.561160151324085,5.1865613872116425,14.274646523339143,0.6279949558638083,30.840687412912217,4.8559322033898304,0.7940857717912989,1.5810727496917385,-289.0,1.4029850746268657,24.0,45.31428571428572,24.0,1992,470.0,-3244,100.0,17.718613725040157,6.349206349206349,9.023668639053263,,,,
APOLLOHOSP,2016.0,3.8211382113821135,11.121951219512196,7.052821128451381,3.192934782608696,11.094890510948906,0.8505402160864346,38.505434782608695,2.8444444444444446,0.8355978260869565,1.5386539904928695,-291.0,2.5404255319148934,17.0,47.6,35.0,2834,597.0,-3997,100.0,19.906414505751613,-29.850746268656714,-7.191316146540028,17.728874672474994,-8.122660403959724,,
APOLLOHOSP,2017.0,1.8054024255788312,10.115766262403527,3.952926976463488,1.6166851783290141,11.401056228642435,0.9429692214846107,38.56596322349747,1.8638132295719845,0.8954708132790324,1.5804835547810934,-529.0,4.755725190839694,16.0,47.34285714285714,38.0,3125,623.0,-4591,100.0,17.98373983739838,-44.25531914893617,7.309941520467844,18.53226174654161,-25.357373304445886,,
APOLLOHOSP,2018.0,0.7278903311901006,9.717335921387845,1.8450184501845017,0.6979990693345742,11.992813295403504,1.0538130381303814,39.86738017682644,1.5796610169491525,0.9589343880874825,1.7270060758432852,132.0,8.95,8.0,46.457142857142856,59.0,3427,537.0,-4773,100.0,13.602535832414553,-54.19847328244275,9.128065395095364,17.134330674561184,-43.631629406150786,16.942354195434504,-27.66612615683105
APOLLOHOSP,2019.0,2.0796506186960593,11.126130810023916,5.9988002399520095,2.181976871045167,15.270443841872414,1.1016796640671866,40.07200523674449,2.140672782874618,1.0492035784420686,1.930349257326375,194.0,4.525,17.0,47.628571428571426,35.0,3673,905.0,-4982,100.0,16.6686885842533,233.33333333333334,33.58302122347065,16.070405074738446,-5.233673848257103,17.157585093393312,-8.68462890526146
APOLLOHOSP,2020.0,3.841024273139504,14.145994487418868,12.934131736526947,3.826733988838692,22.941600576784428,1.0766467065868264,31.854017184870226,2.2382739212007503,0.996279564177518,1.5133207750269106,1004.0,2.9930555555555554,33.0,47.714285714285715,18.0,3596,1293.0,-7432,100.0,16.94915254237288,116.00000000000001,48.69158878504673,15.73013872152047,48.84610815040138,17.004024260020856,5.217453808791128
APOLLOHOSP,2021.0,1.2973484848484849,10.795454545454545,2.976319791440365,1.2025983146067416,13.009243409791168,0.9037584184227677,36.51685393258427,1.4922048997772828,0.9269662921348315,1.557981705517852,385.0,9.233576642335766,10.0,63.93055555555556,29.0,4160,1265.0,-6778,100.0,-6.108295545478793,-68.28703703703704,-28.346951602765557,8.607430608703194,31.680996855786447,11.418616248778267,-10.230141427470674
APOLLOHOSP,2022.0,7.556434563186251,14.928732183045762,19.704783923172684,8.355327652514893,22.587968217934165,0.723457229237062,30.676419576200892,5.163588390501319,1.1057235502601614,1.7674783027965284,949.0,1.5306859205776173,73.0,78.09722222222223,16.0,4068,1696.0,-8296,100.0,38.85416666666666,708.7591240875913,92.01754385964914,15.096223210672456,76.94430456361536,15.107895036926532,53.268777339201364
APOLLOHOSP,2023.0,5.080664579821816,12.430772935227546,13.617295901903839,5.854605993340733,19.610636277302945,0.6989351403678606,30.049944506104325,4.002624671916011,1.152330743618202,1.9497652582159624,520.0,1.6315165876777251,57.0,86.08333333333333,26.0,4332,1377.0,-8520,100.0,13.291959353474736,-23.826714801444048,-5.664687071722252,13.883745577885165,25.01234445988669,15.04488770509953,69.6829630130583
APOLLOHOSP,2024.0,4.905818773282963,12.56099480560365,13.480392156862745,5.5847568988173455,19.51418324095207,0.7688869665513264,31.85401983036674,4.033407572383074,1.1383944570541153,1.9721647350993377,383.0,2.053475935828877,63.0,96.33333333333333,26.0,5333,1920.0,-9664,100.0,14.730315434625574,10.781990521327023,15.932203389830502,21.752736351876713,89.6838465061924,14.660042602193135,36.13077689773863
APOLLOHOSP,2024.0,4.905818773282963,12.56099480560365,12.465004666044527,4.783098015142214,16.09736417428725,0.9826689774696707,37.70718232044199,4.033407572383074,0.9749846531614488,1.8683462405646505,383.0,2.053475935828877,63.0,104.18055555555556,26.0,7371,1920.0,-10201,100.0,0.0,0.0,0.0,9.133753356149565,-5.501709916460706,11.125232591552248,16.698580341989878
ASIANPAINT,2013.0,11.043412033511043,16.536557501904035,34.2789598108747,17.099056603773587,47.785419532324624,0.0741725768321513,3.699882075471698,40.404761904761905,1.5483490566037736,4.303154444899631,724.0,1.0232758620689655,12.0,35.25,40.0,251,1187.0,-2441,100.0,,,,,,,
ASIANPAINT,2013.0,11.043412033511043,16.536557501904035,34.2789598108747,17.099056603773587,47.785419532324624,0.0741725768321513,3.699882075471698,40.404761904761905,1.5483490566037736,4.303154444899631,724.0,1.0232758620689655,12.0,35.25,40.0,251,1187.0,-2441,100.0,0.0,0.0,0.0,,,,
ASIANPAINT,2014.0,10.335515548281506,16.399345335515548,31.27011636543699,15.640866873065015,46.73507462686567,0.06164892300074276,3.08359133126935,39.208333333333336,1.513312693498452,4.7697111631537865,816.0,1.110055423594616,13.0,42.072916666666664,42.0,249,1402.0,-2562,100.0,16.336633663366328,8.879310344827584,15.371329879101904,,,,
ASIANPAINT,2014.0,10.335515548281506,16.399345335515548,31.27011636543699,15.640866873065015,46.73507462686567,0.06164892300074276,3.08359133126935,39.208333333333336,1.513312693498452,4.7697111631537865,816.0,1.110055423594616,13.0,42.072916666666664,42.0,249,1402.0,-2562,100.0,0.0,0.0,0.0,5.173299203496495,2.8762488834240374,,
ASIANPAINT,2015.0,10.481087036356959,16.47447668013221,30.09278785322649,16.008525914292125,43.468992248062015,0.08814846056516237,4.689252860668612,50.45238095238095,1.5273726722010321,5.118421052631579,723.0,0.8325157673440785,15.0,49.395833333333336,42.0,418,1188.0,-2660,100.0,11.41571194762685,12.98495645288995,11.926147704590818,9.032083435456673,7.14913300220934,,
ASIANPAINT,2015.0,10.481087036356959,16.47447668013221,30.09278785322649,16.008525914292125,43.468992248062015,0.08814846056516237,4.689252860668612,50.45238095238095,1.5273726722010321,5.118421052631579,723.0,0.8325157673440785,15.0,49.395833333333336,42.0,418,1188.0,-2660,100.0,0.0,0.0,0.0,3.6689770704006808,4.153421382643163,5.325271312078517,4.230110162011158
ASIANPAINT,2016.0,12.634013033424427,19.09466750753276,27.632183908045977,17.075480632635667,39.79264018691589,0.04950191570881226,3.0590017994128234,54.3469387755102,1.351548442087319,4.177693208430913,1377.0,1.2440377149195785,18.0,67.96875,41.0,323,2243.0,-3416,100.0,4.818215203819309,26.348983882270495,21.48907712884529,5.307927735880358,12.59802995638648,6.321216882599234,9.221351833552994
ASIANPAINT,2016.0,12.634013033424427,19.09466750753276,27.632183908045977,17.075480632635667,39.79264018691589,0.04950191570881226,3.0590017994128234,54.3469387755102,1.351548442087319,4.177693208430913,1377.0,1.2440377149195785,18.0,67.96875,41.0,323,2243.0,-3416,100.0,0.0,0.0,0.0,1.5809461150240622,8.107855182902913,3.151759438963686,7.3787824427182125
ASIANPAINT,2017.0,13.384676669764971,19.87783826849024,26.512361914781696,16.251511487303507,36.67319941205292,0.07364544976328248,4.514308746473196,81.0,1.2141878274889157,4.558716707021792,846.0,0.7574404761904762,20.0,79.20833333333333,51.0,560,1527.0,-3304,100.0,5.54270899025997,11.813643926788675,9.871559633027527,3.4240798827283925,12.207577137282488,4.270699609600048,9.803816525561015
ASIANPAINT,2017.0,13.384676669764971,19.87783826849024,26.512361914781696,16.251511487303507,36.67319941205292,0.07364544976328248,4.514308746473196,81.0,1.2141878274889157,4.558716707021792,846.0,0.7574404761904762,20.0,79.20833333333333,51.0,560,1527.0,-3304,100.0,0.0,0.0,0.0,1.8144483175193793,3.7922516799944184,2.0405990403505214,7.155214732870574
ASIANPAINT,2018.0,12.469539375928678,19.043090638930163,24.94649227110583,15.243769526992661,35.826903723582696,0.0633769322235434,3.8727021724914628,77.53658536585365,1.2224805638305603,4.508306538049303,557.0,1.0071496663489037,21.0,87.60416666666667,41.0,533,2113.0,-3732,100.0,11.704952861505769,4.067460317460325,7.01402805611222,5.641255894168373,5.1808280935900175,4.324781897495056,8.013068051809814
ASIANPAINT,2018.0,12.469539375928678,19.043090638930163,24.94649227110583,15.243769526992661,35.826903723582696,0.0633769322235434,3.8727021724914628,77.53658536585365,1.2224805638305603,4.508306538049303,557.0,1.0071496663489037,21.0,87.60416666666667,41.0,533,2113.0,-3732,100.0,0.0,0.0,0.0,3.7586095489263727,1.337842075029605,3.34753758565578,3.0770430229961843
ASIANPAINT,2019.0,11.476091476091476,19.56860706860707,23.3132720937599,13.588528524832297,34.89341983317887,0.13937282229965156,8.123576835497568,31.054545454545455,1.1840728660225244,2.9613667846698477,1552.0,1.118659420289855,22.0,98.65625,47.0,1320,2470.0,-6497,100.0,14.353640416047542,5.243088655862715,17.509363295880153,8.502765648931664,3.0788379107201225,6.157365543622895,4.135946438981142
ASIANPAINT,2019.0,11.476091476091476,19.56860706860707,23.3132720937599,13.588528524832297,34.89341983317887,0.13937282229965156,8.123576835497568,31.054545454545455,1.1840728660225244,2.9613667846698477,1552.0,1.118659420289855,22.0,98.65625,47.0,1320,2470.0,-6497,100.0,0.0,0.0,0.0,4.5723011522896595,1.7180115542637209,5.018179356511587,1.83608813392091
ASIANPAINT,2020.0,13.725199148978279,20.568007520657066,27.38400789733465,17.189242781013757,36.95439594630634,0.11036525172754195,6.927748172016359,36.57843137254902,1.2523856735654977,3.2224170918367347,2520.0,1.0951694304253785,28.0,105.52083333333333,43.0,1118,3038.0,-6272,100.0,5.046777546777537,25.6340579710145,10.411686586985391,6.302687192954726,9.757361326318259,6.057413575229509,6.591650199049304
ASIANPAINT,2020.0,13.725199148978279,20.568007520657066,27.38400789733465,17.189242781013757,36.95439594630634,0.11036525172754195,6.927748172016359,36.57843137254902,1.2523856735654977,3.2224170918367347,2520.0,1.0951694304253785,28.0,105.52083333333333,43.0,1118,3038.0,-6272,100.0,0.0,0.0,0.0,1.6547269416449906,7.903565601816531,3.7352948843929035,5.745085958779739
ASIANPAINT,2021.0,14.769953484087875,22.36448210749321,25.042948617835393,15.755342667649227,34.93776530685661,0.0853506168983289,5.369688037337263,47.78260869565217,1.0667157946450503,3.705922512374125,3142.0,1.1484253196133458,33.0,133.39583333333334,55.0,1093,3683.0,-5859,100.0,7.431596655286721,15.609228550829135,16.815010825114275,4.112990595010602,13.24871866545443,5.233242400031091,8.857584981777178
ASIANPAINT,2021.0,14.769953484087875,22.36448210749321,25.042948617835393,15.755342667649227,34.93776530685661,0.0853506168983289,5.369688037337263,47.78260869565217,1.0667157946450503,3.705922512374125,3142.0,1.1484253196133458,33.0,133.39583333333334,55.0,1093,3683.0,-5859,100.0,0.0,0.0,0.0,2.418248248088628,4.953638958848194,2.447874610533418,7.750669718269987
ASIANPAINT,2022.0,10.60101027456101,16.50802377925157,22.335650159281784,13.437581670877256,31.198856994414857,0.11490008688097307,6.912623050788397,45.084210526315786,1.2675755727850857,5.2728755209277045,669.0,0.3196110210696921,32.0,143.875,61.0,1587,986.0,-5519,100.0,34.02569889006586,-3.804178359837851,-1.0708401976935789,12.920650233246779,3.6055221636726476,8.627696206402069,6.918096895025205
ASIANPAINT,2022.0,10.60101027456101,16.50802377925157,22.335650159281784,13.437581670877256,31.198856994414857,0.11490008688097307,6.912623050788397,45.084210526315786,1.2675755727850857,5.2728755209277045,669.0,0.3196110210696921,32.0,143.875,61.0,1587,986.0,-5519,100.0,0.0,0.0,0.0,10.25442454328851,-1.2844879020384892,7.563276330481639,2.1479704853091253
ASIANPAINT,2023.0,12.163298442981821,18.150714720635566,26.231865932966482,16.272935334962565,34.92329149232915,0.12087293646823412,7.498351371271189,40.50694444444444,1.3378719112455875,5.977296360485268,2911.0,0.999523241954708,43.0,166.58333333333334,60.0,1933,4193.0,-5770,100.0,18.514827669152268,35.98055105348461,30.30807660283097,16.677448472428313,9.364826525116321,11.280369758126652,8.623827508929693
ASIANPAINT,2023.0,12.163298442981821,18.150714720635566,26.231865932966482,16.272935334962565,34.92329149232915,0.12087293646823412,7.498351371271189,40.50694444444444,1.3378719112455875,5.977296360485268,2911.0,0.999523241954708,43.0,166.58333333333334,60.0,1933,4193.0,-5770,100.0,0.0,0.0,0.0,5.825638250570164,10.787883485410932,9.696344125001865,5.518012171832298
ASIANPAINT,2024.0,15.658543456824905,21.3692069305536,29.677488252883382,18.588007090063876,35.77323963590058,0.1321016659547202,8.273970770208354,36.84390243902439,1.187084044011906,4.966419476703512,3556.0,1.0982367758186398,57.0,195.08333333333334,58.0,2474,6104.0,-7147,100.0,2.9168720461596465,32.491060786650785,21.16613418530351,6.844725882814395,21.680538965480057,10.328946090045733,11.625628329214077
ASIANPAINT,2024.0,15.658543456824905,21.3692069305536,30.836662228140256,18.857297957521883,36.92794547224927,0.13959165557035064,8.536337110673815,36.84390243902439,1.2042817398385017,4.505013326564285,3556.0,1.0982367758186398,57.0,187.75,58.0,2516,6104.0,-7879,100.0,0.0,0.0,0.0,0.962987466072529,9.831991673984387,4.052340514233932,12.494858770303697
ASIANPAINT,2024.0,15.658543456824905,21.3692069305536,29.677488252883382,18.588007090063876,35.77323963590058,0.1321016659547202,8.273970770208354,36.84390243902439,1.187084044011906,4.966419476703512,3556.0,1.0982367758186398,57.0,195.08333333333334,58.0,2474,6104.0,-7147,100.0,0.0,0.0,0.0,0.962987466072529,9.831991673984387,4.052340514233932,12.494858770303697
ASIANPAINT,2024.0,15.658543456824905,21.3692069305536,30.836662228140256,18.857297957521883,36.92794547224927,0.13959165557035064,8.536337110673815,36.84390243902439,1.2042817398385017,4.505013326564285,3556.0,1.0982367758186398,57.0,187.75,58.0,2516,6104.0,-7879,100.0,0.0,0.0,0.0,0.0,0.0,0.5766846380249602,5.788221396206494
ATGL,2018.0,11.790393013100436,26.637554585152838,15.94488188976378,5.779521940777738,15.501905972045742,1.3238188976377954,47.98430253300035,3.072,0.49018908312522297,1.5317725752508362,,,6.0,3.953307392996109,0.0,1345,,-897,100.0,,,,,,,
ATGL,2019.0,13.321698662012798,26.46887725421757,20.780399274047188,11.181640625,30.414438502673796,0.35753176043557167,19.23828125,4.966666666666667,0.83935546875,1.7540816326530613,,,2.0,10.018181818181818,12.0,394,,-980,100.0,25.109170305676855,41.35802469135803,24.316939890710376,,,,
ATGL,2020.0,23.253333333333334,31.733333333333334,29.63970088375255,17.60904684975767,31.332280147446024,0.2909585316111489,17.2859450726979,14.341463414634147,0.7572697899838449,1.5651085141903172,,,4.0,13.372727272727273,6.0,428,,-1198,100.0,9.075043630017454,90.39301310043668,30.76923076923077,,,,
ATGL,2021.0,27.299528301886795,41.509433962264154,23.94002068252327,14.450686641697876,28.583028826634187,0.27352637021716647,16.510611735330833,16.775,0.529338327091136,1.229876722262509,,,4.0,17.581818181818182,6.0,529,,-1379,100.0,-9.54666666666667,6.192660550458706,18.31932773109244,7.270351835657896,41.91293829015616,,
ATGL,2022.0,16.754443712969056,25.44437129690586,21.06788079470199,11.528878822197056,22.39930454940597,0.4283940397350993,23.44280860702152,13.90566037735849,0.6881087202718007,1.7530294287362955,,,5.0,21.963636363636365,5.0,1035,,-1733,100.0,79.12735849056605,9.935205183585305,9.801136363636353,20.903061342616457,30.50508484330676,,
ATGL,2023.0,12.47144814984011,19.872087711283694,18.56511390683441,9.67227635075288,19.94040797616319,0.48350901054063244,25.190434012400353,10.397435897435898,0.7755535872453498,1.8749464668094218,,,5.0,26.736363636363638,5.0,1422,,-2335,100.0,44.10796576695195,7.269155206286837,12.548512289780067,32.66554996268296,7.787579098981068,26.083369020953363,27.507439777296128
ATGL,2024.0,14.927374301675977,24.670391061452516,18.65921787709497,10.133495145631068,21.486959906578434,0.43491620111731844,23.619538834951456,9.072072072072071,0.6788531553398058,1.409892879647133,,,6.0,32.54545454545455,4.0,1557,,-3174,100.0,2.215623572407499,22.344322344322354,26.89655172413794,38.18335427451367,12.99654305433795,21.08864867789759,23.8762916927858
ATGL,2024.0,14.927374301675977,24.670391061452516,17.08003068268985,9.763227126571177,20.566318926974663,0.3725389925850166,21.294942999123062,9.072072072072071,0.6540485238234435,1.308097047646887,,,6.0,35.554545454545455,4.0,1457,,-3421,100.0,0.0,0.0,0.0,13.78065338542267,9.484564040184562,19.00312157009796,8.90755161506085
AXISBANK,2013.0,19.05234889452967,30.58161350844278,15.6191567645817,1.52073949224508,2.5235798222899524,8.93461608058387,86.99076221965127,2.152953747519463,0.07981900293048468,12.108240534521158,-8366.0,0.4968140567677158,22.0,70.85042735042735,16.0,296254,2573.0,-2245,100.0,,,,,,,
AXISBANK,2014.0,20.293071374955126,31.474168597630626,16.194395249505156,1.6094215089944353,2.5947330470624954,8.680070840712574,86.26375048531123,2.262525320729237,0.0793089167852983,13.060954816709293,298.0,2.326149887423609,26.0,81.6936170212766,15.0,333280,14464.0,-2346,100.0,12.721186035389763,20.061787989959456,16.01106700348851,,,,
AXISBANK,2015.0,20.739028721215366,31.36221426759492,16.369663396293575,1.5747694454491559,2.46397704096885,9.046652873256358,87.0292331827336,2.321817095038852,0.07593265174652161,14.4989783408255,-23134.0,-2.060614297363414,31.0,94.82911392405063,15.0,406638,-15162.0,-2447,100.0,15.789301915733823,18.333869411386306,15.377436748237239,,,,
AXISBANK,2016.0,20.064409095344978,32.611983995315704,15.355029033402415,1.5051602618656739,2.5426614343676825,8.815511865419444,86.41311012158049,2.3225909721481166,0.07501642608627218,12.206075044669445,-25284.0,-4.19443093385214,35.0,112.28301886792453,14.0,472150,-34495.0,-3358,100.0,15.527495137968938,11.769502582223424,20.131212366316163,14.670871756878734,16.66638206993023,,
AXISBANK,2017.0,8.259620133806294,53.450675766692115,6.525363604114934,0.6016727122862908,4.077983207095362,9.355037247250799,86.2583447540485,1.4677102044307586,0.07284508276883928,12.66117111995452,19751.0,8.754824680619734,15.0,117.7035490605428,33.0,527437,32209.0,-3518,100.0,8.670830486971791,-55.265077821011666,78.11027156430015,13.2806136390887,-16.048906631446414,,
AXISBANK,2018.0,0.6028833551769331,63.11708169506335,0.42985967262136526,0.0392210918526708,4.276736448244015,9.522715591757908,86.8867974131132,1.0111242819367192,0.06505585452953874,12.383013253989722,-48397.0,-139.09420289855072,1.0,125.1598440545809,0.0,611425,-38390.0,-3697,100.0,2.7793992187149286,-92.49796140255503,21.366767473118276,8.868307834335031,-66.52532009439784,10.987911870151823,-44.36698022375808
AXISBANK,2019.0,8.505801476739535,49.385298075873855,6.898026606884752,0.574537556845682,3.482312085950464,10.501106162060116,87.46385339403425,1.5311500380807312,0.06754655142338394,14.31181676210307,18451.0,7.937780628608082,18.0,131.91050583657588,6.0,711996,37125.0,-3842,100.0,20.109217999126262,1594.5652173913043,-6.021803080117671,10.288898702805383,-17.14957204060279,12.406089291127099,-5.536652756116112
AXISBANK,2020.0,2.5975892073122058,55.984673106090845,1.8844104702339586,0.17534746171885776,3.968187507214166,9.234850590687978,85.93178800524211,1.3156336487095321,0.06750392295489033,16.0109918200409,20931.0,18.694529809465273,6.0,153.08510638297872,0.0,797337,30416.0,-3912,100.0,13.910813661659338,-65.21274321146034,29.132756398453317,12.033814435110845,-23.812114278115104,12.038978942135437,-26.05214961079477
AXISBANK,2021.0,10.400025258106274,50.119976004799035,6.359441666505782,0.6581385707364099,3.3274781846803316,8.210427244821128,84.96970544602675,1.7180365296803652,0.06328240118680725,14.073761386358587,-41655.0,1.9175774134790529,22.0,168.99510603588908,0.0,850551,12633.0,-4501,100.0,1.135148080146875,304.9170251997541,-9.459305309986888,11.4331659108585,187.92641034453732,9.096920986218016,-4.3391803379436595
AXISBANK,2022.0,19.33152262641554,44.4691808777476,11.01377461716035,1.0892480968473273,2.6300843659997386,8.632964375406939,85.37890362684074,2.1420406018001446,0.056345695985629454,14.175678518830212,1025.0,2.1602303262955855,42.0,192.6074918566775,2.0,1020943,28137.0,-4753,100.0,6.3634641492754,97.70795385549485,-5.628523733030965,7.008887096847105,40.69223237842095,8.629652750055783,28.76848580321414
AXISBANK,2023.0,11.248884505189986,34.15645108261707,7.381666037401469,0.712575999428749,2.2693513909909346,8.876784737365254,85.69046234132539,2.047265068450722,0.06334636995339248,17.0328,-10276.0,2.3042797494780793,31.0,211.0260162601626,3.0,1152038,22075.0,-5000,100.0,26.399216349792965,-26.44913627639155,-2.9136906748548186,10.784666971087532,80.57570483973764,13.218149586033778,103.27842418477906
AXISBANK,2024.0,22.73130411725443,34.69264599658038,15.832712405189048,1.6374892227113123,2.6125677017418956,8.249122739980766,85.31608001111815,2.4731307370109614,0.0720367478374617,18.663651877133105,-14556.0,-0.2234423394071035,81.0,254.49432739059966,1.0,1295302,-5555.0,-5860,100.0,28.42163355408389,159.50939457202503,30.437622468974524,19.966046890428714,55.68795030685318,14.743587120514379,39.67228711897934
BAJAJ-AUTO,2013.0,15.645443196004994,18.257178526841447,38.84686918784873,24.782471127986078,44.688913335778025,0.014383137011779294,0.917576332858725,4278.0,1.5840056953013764,8.503184713375797,824.0,0.7079476540057453,108.0,27.906574394463668,42.0,116,2218.0,-2355,100.0,,,,,,,
BAJAJ-AUTO,2013.0,15.645443196004994,18.257178526841447,38.84686918784873,24.782471127986078,44.688913335778025,0.014383137011779294,0.917576332858725,4278.0,1.5840056953013764,8.503184713375797,824.0,0.7079476540057453,108.0,27.906574394463668,42.0,116,2218.0,-2355,100.0,0.0,0.0,0.0,,,,
BAJAJ-AUTO,2014.0,16.785022595222724,20.673387297015445,33.24481164551982,22.07995819179514,40.705974381539065,0.0058030884233303826,0.3854193885550039,4656.0,1.3154559707342566,7.570300751879699,1430.0,1.036094674556213,117.0,35.17993079584775,43.0,59,3502.0,-2660,100.0,0.5593008739076089,7.883817427385886,13.867614879649892,,,,
BAJAJ-AUTO,2014.0,16.785022595222724,20.673387297015445,33.24481164551982,22.07995819179514,40.705974381539065,0.0058030884233303826,0.3854193885550039,4656.0,1.3154559707342566,7.570300751879699,1430.0,1.036094674556213,117.0,35.17993079584775,43.0,59,3502.0,-2660,100.0,0.0,0.0,0.0,0.18608712565575392,2.561752969545883,,
BAJAJ-AUTO,2015.0,14.012502894188469,19.115536003704563,27.273546642631818,18.95277464612301,36.83083511777302,0.010094637223974764,0.7014906676687962,681.5,1.3525616935988976,8.821486928104575,1734.0,0.6986120290812955,105.0,38.391003460207614,48.0,112,2114.0,-2448,100.0,7.240403237820936,-10.473372781065093,-0.840739851068939,2.547929121675252,-1.1516305993297449,,
BAJAJ-AUTO,2015.0,14.012502894188469,19.115536003704563,27.273546642631818,18.95277464612301,36.83083511777302,0.010094637223974764,0.7014906676687962,681.5,1.3525616935988976,8.821486928104575,1734.0,0.6986120290812955,105.0,38.391003460207614,48.0,112,2114.0,-2448,100.0,0.0,0.0,0.0,2.35745507563061,-3.6206319230700723,1.5210583792935717,-0.6925784759900688
BAJAJ-AUTO,2016.0,17.989722689820148,21.23239124656685,28.96576319543509,23.55568445475638,33.901541943697836,0.008416547788873038,0.6844547563805105,5680.0,1.3093967517401393,11.142152023692004,3622.0,0.9086431913321842,140.0,48.5121107266436,39.0,118,3690.0,-2026,100.0,4.533456818708026,34.20356906807667,16.109496124031008,3.881429406175929,6.309505102302837,2.425289276361453,5.325739960209375
BAJAJ-AUTO,2016.0,17.989722689820148,21.23239124656685,28.96576319543509,23.55568445475638,33.901541943697836,0.008416547788873038,0.6844547563805105,5680.0,1.3093967517401393,11.142152023692004,3622.0,0.9086431913321842,140.0,48.5121107266436,39.0,118,3690.0,-2026,100.0,0.0,0.0,0.0,1.4888747765556154,10.303177146219378,2.3110990838341117,3.7392867802711116
BAJAJ-AUTO,2017.0,18.7497127097219,20.358538267065043,22.843862007168457,18.8510952953138,24.637036212938753,0.006720430107526882,0.554579905721416,5589.0,1.0054071540807838,10.866633366633367,-343.0,0.8009316008825692,141.0,61.78546712802768,39.0,120,3267.0,-2002,100.0,-3.6280676884911878,0.4432405811376494,-7.594408512413942,0.24636330220213498,10.465906436227158,1.5577015817239248,3.8310870892639404
BAJAJ-AUTO,2017.0,18.7497127097219,20.358538267065043,22.843862007168457,18.8510952953138,24.637036212938753,0.006720430107526882,0.554579905721416,5589.0,1.0054071540807838,10.866633366633367,-343.0,0.8009316008825692,141.0,61.78546712802768,39.0,120,3267.0,-2002,100.0,0.0,0.0,0.0,-1.2242834272121805,0.14752910497948246,0.1477452310824523,6.154144902210867
BAJAJ-AUTO,2018.0,16.735422451408173,19.22253074176914,20.656058751529986,16.781353168131737,23.586099484084492,0.005924112607099143,0.48128554950081537,5934.0,1.0027445209021122,13.423855165069222,2374.0,1.0258355060440862,146.0,70.67474048442907,41.0,121,4328.0,-1878,100.0,15.881406573201563,3.432213777886739,9.415217882140436,3.750000701980971,1.2804242700574786,3.143989978218742,6.87302948752222
BAJAJ-AUTO,2018.0,16.735422451408173,19.22253074176914,20.656058751529986,16.781353168131737,23.586099484084492,0.005924112607099143,0.48128554950081537,5934.0,1.0027445209021122,13.423855165069222,2374.0,1.0258355060440862,146.0,70.67474048442907,41.0,121,4328.0,-1878,100.0,0.0,0.0,0.0,5.035938287046093,1.131226277076136,2.2334142479074615,0.7662988446591079
BAJAJ-AUTO,2019.0,16.2329534224916,17.12234007510376,21.211208195239532,17.09093431365749,22.25361760424694,0.005380278052769767,0.43351598806964003,1740.0,1.0528542692654506,17.209750566893423,2214.0,0.5046672077922078,170.0,80.39100346020761,35.0,125,2487.0,-1764,100.0,20.420468068226903,16.804930078217595,7.263722657862148,11.747553279728917,6.505572524396719,6.1042859857100895,3.945942618532561
BAJAJ-AUTO,2019.0,16.2329534224916,17.12234007510376,21.211208195239532,17.09093431365749,22.25361760424694,0.005380278052769767,0.43351598806964003,1740.0,1.0528542692654506,17.209750566893423,2214.0,0.5046672077922078,170.0,80.39100346020761,35.0,125,2487.0,-1764,100.0,0.0,0.0,0.0,6.389827236408441,5.314230277991605,6.891411952326165,3.85404076217688
BAJAJ-AUTO,2020.0,17.42036832781844,17.076105484808984,24.06056689133044,19.660505469634103,23.448687350835325,0.005816637429600221,0.4752923425122595,2231.6666666666665,1.1285929837797057,17.60977045320777,5616.0,0.7386799693016116,180.0,74.95501730103807,67.0,126,3850.0,-1699,100.0,-1.4460768166545845,5.762987012987009,-1.7121969988457053,5.874509021200058,7.299647168662338,6.580461695167883,5.024383370426677
BAJAJ-AUTO,2020.0,17.42036832781844,17.076105484808984,24.06056689133044,19.660505469634103,23.448687350835325,0.005816637429600221,0.4752923425122595,2231.6666666666665,1.1285929837797057,17.60977045320777,5616.0,0.7386799693016116,180.0,74.95501730103807,67.0,126,3850.0,-1699,100.0,0.0,0.0,0.0,-0.4843679406145607,1.88523135518337,3.484390381958602,4.317933757752002
BAJAJ-AUTO,2021.0,17.508381096571863,17.800367686817346,17.808821911780882,14.454496756145469,18.02518707793393,0.0044366223004436624,0.3600976132373073,892.5714285714286,0.8255758585798464,16.631294964028775,251.0,0.6423718344657195,168.0,94.37024221453287,83.0,121,3120.0,-1668,100.0,-7.279655068685454,-6.811204911742131,-3.347034644744573,-2.9602538202145423,-0.48257394787829533,1.9318375311510039,2.8564937357427267
BAJAJ-AUTO,2021.0,17.508381096571863,17.800367686817346,17.808821911780882,14.454496756145469,18.02518707793393,0.0044366223004436624,0.3600976132373073,892.5714285714286,0.8255758585798464,16.631294964028775,251.0,0.6423718344657195,168.0,94.37024221453287,83.0,121,3120.0,-1668,100.0,0.0,0.0,0.0,-2.487936647101341,-2.3239926646554165,-1.7868159182936383,-0.2898244530251226
BAJAJ-AUTO,2022.0,18.60310755770101,15.866646553024587,20.650390167118793,17.561447979265758,17.540524314588755,0.004119360996684417,0.3503175642960895,851.2222222222222,0.9440061519182023,18.052832244008716,4473.0,0.6806681803438209,213.0,103.31833910034602,66.0,123,4197.0,-1836,100.0,19.48019177390865,26.950792670372657,6.500607533414349,3.4721920944658757,5.762823824603913,1.7721556215431145,4.584316929227628
BAJAJ-AUTO,2022.0,18.60310755770101,15.866646553024587,20.650390167118793,17.561447979265758,17.540524314588755,0.004119360996684417,0.3503175642960895,851.2222222222222,0.9440061519182023,18.052832244008716,4473.0,0.6806681803438209,213.0,103.31833910034602,66.0,123,4197.0,-1836,100.0,0.0,0.0,0.0,6.112196313595963,8.279225072637741,2.0690775663230188,3.4188782155789577
BAJAJ-AUTO,2023.0,16.62323412426279,17.734192840488273,20.638921054424088,17.247267759562842,21.926403255892826,0.004223145562291397,0.35291438979963574,197.05,1.037539845173042,12.827234342012668,6488.0,0.8707920792079208,214.0,103.75265017667844,65.0,124,5277.0,-2842,100.0,9.986423291597536,-1.7191047680830351,22.93211637193382,9.533003534581596,7.655157392853806,4.030816174665253,3.06083182656105
BAJAJ-AUTO,2023.0,16.62323412426279,17.734192840488273,20.638921054424088,17.247267759562842,21.926403255892826,0.004223145562291397,0.35291438979963574,197.05,1.037539845173042,12.827234342012668,6488.0,0.8707920792079208,214.0,103.75265017667844,65.0,124,5277.0,-2842,100.0,0.0,0.0,0.0,3.22376441146881,-0.5763503380868285,5.615339167046884,4.525175193348052
BAJAJ-AUTO,2024.0,17.178515712057056,19.534209939826162,26.61418410330778,19.59129727531517,28.389583468290468,0.06601754022512257,4.859699064660431,168.33333333333334,1.1404534363562424,13.947777432390426,6486.0,0.8508043591074209,276.0,103.80645161290323,29.0,1912,6558.0,-3217,100.0,23.083253326018372,27.194719471947202,35.576179427687535,10.623148605615729,7.724063821633442,10.094796092820824,9.67678731932875
BAJAJ-AUTO,2024.0,17.178515712057056,19.534209939826162,26.61418410330778,19.59129727531517,28.389583468290468,0.06601754022512257,4.859699064660431,168.33333333333334,1.1404534363562424,13.947777432390426,6486.0,0.8508043591074209,276.0,103.80645161290323,29.0,1912,6558.0,-3217,100.0,0.0,0.0,0.0,7.168295243188005,8.348530946053124,6.244781876402494,4.56531187595588
BAJAJ-AUTO,2024.0,17.178515712057056,19.534209939826162,24.881371251492947,16.81427511888661,24.196665194346288,0.16930824106652895,11.441472885127176,168.33333333333334,0.978796736617076,13.9607965152458,6486.0,0.8508043591074209,276.0,111.03584229390681,29.0,5245,6558.0,-3214,100.0,0.0,0.0,0.0,7.168295243188005,8.348530946053124,6.244781876402494,4.56531187595588
BAJAJ-AUTO,2024.0,17.178515712057056,19.534209939826162,24.881371251492947,16.81427511888661,24.196665194346288,0.16930824106652895,11.441472885127176,168.33333333333334,0.978796736617076,13.9607965152458,6486.0,0.8508043591074209,276.0,111.03584229390681,29.0,5245,6558.0,-3214,100.0,0.0,0.0,0.0,0.0,0.0,4.241293888844111,4.928585019304088
BAJAJFINSV,2013.0,27.48603351955307,48.80198634388579,28.377339143809277,3.386874713171179,18.906310119276647,1.6650858754165598,19.87303044209882,3.249169435215947,0.12322166131252868,6.668046357615894,-3969.0,-3.1264679313459802,10.0,97.525,2.0,12991,-6922.0,-1208,100.0,,,,,,,
BAJAJFINSV,2014.0,36.37722065415906,74.5641706790636,23.528780068728523,2.9455655190029977,15.584009993753902,2.0948238831615122,26.225078310904372,2.8578745198463507,0.08097280292539961,4.772583201267829,-6043.0,-4.476038338658147,10.0,116.4,2.0,19507,-9807.0,-1262,100.0,-25.226567349472372,-1.0388437217705548,14.24573899771051,,,,
BAJAJFINSV,2015.0,21.25275694750772,48.619320688134096,21.724231220128054,2.730425715192456,14.734900136359991,2.372801875732708,29.822732012513036,2.457847533632287,0.12847395384685134,8.988897700237906,-7022.0,-4.454545454545454,11.0,138.6125,2.0,26312,-10731.0,-1261,100.0,88.19525153577952,9.949794614331363,22.71209084836339,,,,
BAJAJFINSV,2016.0,13.514829786197827,32.82033799249987,20.405912199426428,2.6695269886773576,13.570004631400897,2.651812633281859,34.69134496060644,2.3222106360792494,0.19752575732797184,16.11695447409733,-10681.0,-3.5297297297297296,12.0,169.9875,1.0,36062,-9795.0,-1274,100.0,81.14689016321128,15.193026151930255,22.28270731264743,36.60364489627841,7.818956336406568,,
BAJAJFINSV,2017.0,14.077610478638755,35.553107275472314,21.360906445421335,2.6824451459405663,13.522573836388185,2.989412420283574,37.54023667718911,2.3253498385360603,0.19054690780163902,14.897872340425533,-10771.0,-3.165797101449275,14.0,201.8875,1.0,48282,-10922.0,-1645,100.0,19.354210295621677,24.32432432432432,29.29217984864223,59.64638755773664,16.339065907810024,,
BAJAJFINSV,2018.0,12.707686689793682,32.82819061530034,20.387638529512277,2.585534380920539,12.518421388537545,3.2072938534394377,40.674492613643395,2.3460604723019203,0.20346223856755452,18.338169642857142,-20502.0,-4.688697318007663,17.0,256.0375,1.0,65695,-19580.0,-1792,100.0,34.0923001591382,21.043478260869563,23.814989096751972,42.590575644232565,20.127165594600594,32.47248687895197,13.531551973703415
BAJAJFINSV,2019.0,12.61354301138364,35.29397957986152,22.636899747262003,2.5783483984877273,12.176300063160964,4.201937657961246,47.860172337689754,2.2250262881177707,0.20441111558907632,20.3171196948021,-33979.0,-5.038332713062895,20.0,296.75,1.0,99754,-27076.0,-2097,100.0,29.648225914430036,28.687739463601524,39.38635520949203,27.546747240431422,24.645965188450305,47.886844128078664,19.65505670127323
BAJAJFINSV,2020.0,11.028315946348734,33.59275818292212,19.148936170212767,2.385159010600707,11.518298183745182,4.0640214682767875,50.62076210486105,1.8738947368421053,0.21627590488014517,16.90018656716418,-33317.0,-3.898732065398732,21.0,391.275,2.0,127212,-23369.0,-3216,100.0,27.569534092242698,11.53703014514329,21.420496109596332,30.408468934381293,20.216998664314545,36.82239962434755,19.998547079802954
BAJAJFINSV,2021.0,12.158370742012146,32.415170319514125,20.56098241696902,2.63252872125641,11.955006665002953,3.585291655037678,45.904339902446,2.0634030623247788,0.21651985920777572,19.042111879321183,863.0,0.6172118908646668,28.0,447.875,1.0,128461,4547.0,-3182,100.0,11.48276940626667,22.90623957290623,7.574761748274739,22.62351626435901,20.830542848802104,24.16310828398638,21.56415523979378
BAJAJFINSV,2022.0,12.153904628248984,31.364207818027655,20.657440306109773,2.4936040286371557,10.651554417006743,4.004745695331329,48.342146227051735,2.170526534427251,0.20516896461745643,19.07585052983826,-32225.0,-4.049795525619437,29.0,503.0875,1.0,161179,-33670.0,-3586,100.0,12.89609189331924,12.854621962807112,9.235782292143991,17.09666929216691,15.656697198945091,22.789380725671737,19.233470493317984
BAJAJFINSV,2023.0,14.877181011794521,36.39243590993274,26.310685887904846,3.011832728582317,11.546669140842457,4.573986683043507,52.359268970722816,2.3579159935379645,0.2024464665849369,18.928044280442805,-53425.0,-3.2334152334152333,40.0,291.8679245283019,2.0,212265,-39480.0,-4336,100.0,19.97777972692454,46.860716863122455,39.212304824050335,14.726169254286315,26.765082025379726,20.088164014065278,23.934162063099084
BAJAJFINSV,2024.0,14.128209309488865,37.04045949520755,25.850351412279537,2.9018542467180857,11.706431579821395,4.789368120938867,53.763478875729184,2.1487612188961145,0.2053943414307379,20.23501374885426,-79634.0,-4.403590894517474,51.0,379.42138364779873,2.0,288933,-68674.0,-5455,100.0,34.4941027390584,27.723177723177717,36.88897817061738,22.131490415528443,28.399964328592418,20.97274568418761,23.74781614270227
BAJAJFINSV,2024.0,14.128209309488865,37.04045949520755,22.824734723746797,2.5940002827701494,10.56485788113695,4.66410537870472,53.00692786866158,2.1487612188961145,0.18360432139322516,18.250992063492063,-79634.0,-4.403590894517474,51.0,427.03125,2.0,318675,-68674.0,-6048,100.0,0.0,0.0,0.0,17.2918998536322,23.32708116122717,15.2227255113065,21.07479101648002
BAJAJHLDNG,2013.0,550.7418397626113,95.54896142433235,17.941034316094733,17.22505800464037,3.112614789753504,0.0,0.0,,0.03127610208816705,0.6334586466165414,104.0,0.2548491379310345,167.0,93.1981981981982,15.0,0,473.0,-532,100.0,,,,,,,
BAJAJHLDNG,2014.0,469.97635933806146,94.56264775413712,16.56804733727811,15.97043701799486,3.3336111342611883,0.0,0.0,,0.03398136246786632,0.7951127819548872,353.0,0.4386317907444668,179.0,108.09909909909909,17.0,0,872.0,-532,100.0,25.519287833827885,7.1120689655172376,24.22360248447204,,,,
BAJAJHLDNG,2015.0,387.2137404580153,92.36641221374046,15.149705069812589,14.604477074785862,3.6138281191667287,0.0,0.0,,0.037716835816598286,0.9632352941176471,332.0,0.39231148348940365,182.0,120.65765765765765,19.0,0,796.0,-544,100.0,23.87706855791962,2.062374245472842,20.999999999999996,,,,
BAJAJHLDNG,2016.0,481.9148936170213,91.27659574468086,14.810697704832275,14.639348500517062,2.8050215770890548,0.0,0.0,,0.030377456049638055,0.8639705882352942,2166.0,0.506401766004415,204.0,137.77477477477478,16.0,0,1147.0,-544,100.0,-10.305343511450381,11.631345490389355,-11.363636363636365,11.726446395904455,6.863668315512261,,
BAJAJHLDNG,2017.0,293.70546318289786,74.58432304038006,13.879223257380177,13.824137738274917,3.5245257604669433,0.0,0.0,,0.047068030633350105,3.7927927927927927,-1295.0,-0.3732308936514355,222.0,160.52252252252254,15.0,0,-923.0,-222,100.0,79.14893617021276,9.183222958057403,46.386946386946384,25.793222093748636,7.548059497443393,,
BAJAJHLDNG,2018.0,632.1428571428571,84.52380952380952,10.535296218404032,10.506945268906566,1.408674258957978,0.0,0.0,,0.016621156357592308,1.9534883720930232,508.0,0.6143126177024482,239.0,227.03603603603602,17.0,0,1631.0,-215,100.0,-50.1187648456057,7.359482410028306,-43.47133757961783,-7.109207560626629,9.377374111537629,4.501825711228924,7.423008401181019
BAJAJHLDNG,2019.0,707.1925754060325,80.51044083526682,11.308993766696348,11.285545023696683,1.2874740279014545,0.0,0.0,,0.0159582345971564,2.233160621761658,465.0,0.20603674540682415,274.0,242.8108108108108,12.0,0,628.0,-193,100.0,2.6190476190476097,14.802259887005654,-2.2535211267605604,-2.846197283724139,10.403350150778756,0.37542116762430133,8.923030643192643
BAJAJHLDNG,2020.0,708.0459770114943,69.19540229885057,11.093901955840508,9.410614439793456,1.077617070027209,0.006051219248640277,0.5133062421705521,255.92307692307693,0.013290965199058938,1.1631016042780749,1120.0,0.6233766233766234,269.0,250.11711711711712,15.0,168,1920.0,-374,100.0,0.9280742459396807,1.049868766404205,-13.256484149855908,-19.759728685377564,7.590898258064227,-3.654464709185068,8.706054659623618
BAJAJHLDNG,2021.0,799.562363238512,77.02407002188184,9.831301961417386,8.032534622994064,0.9435985417113447,0.0036591600075335648,0.2989668058914047,942.5,0.010046163992086172,1.3362573099415205,-36.0,0.07443897099069513,328.0,334.8378378378378,12.0,136,272.0,-342,100.0,5.057471264367819,18.63636363636363,16.9435215946844,2.8542645677026357,11.23326177170767,-0.5594154876097823,10.037335934785352
BAJAJHLDNG,2022.0,852.4793388429752,75.82644628099173,9.630736193455022,7.69948495931925,0.8543626035943757,0.0026609401988702676,0.21273419422258716,1409.6666666666667,0.009031872807344929,1.5612903225806452,1459.0,0.39020843431895297,364.0,385.963963963964,32.0,114,1610.0,-310,100.0,5.908096280087527,12.917350848385322,4.2613636363636465,3.9415918822640172,10.621129107396609,-10.482766082359095,10.779913437105648
BAJAJHLDNG,2023.0,947.5095785440614,72.79693486590038,11.194604137431535,9.299090020305332,0.8582721626199887,0.0021049296093431716,0.17485147025644882,717.0,0.009814243814394224,1.8776978417266188,1591.0,0.3493732308936514,436.0,398.036036036036,28.0,93,1728.0,-278,100.0,7.851239669421495,19.873969946679605,3.542234332425065,6.265856918261115,17.10293995992722,4.444179509050206,13.24992350033174
BAJAJHLDNG,2024.0,432.7262044653349,91.7743830787309,13.576787656460265,11.302773131167417,2.8760817529000184,0.0011613545449517945,0.09668359908534246,3747.5,0.026119918356071883,6.975409836065574,1469.0,0.26354378818737273,653.0,488.7117117117117,20.0,63,1941.0,-244,100.0,226.0536398467433,48.90820865345733,311.0526315789474,55.00574158769729,26.318822706492305,31.612293448969165,19.297559063731295
BAJAJHLDNG,2024.0,432.7262044653349,91.7743830787309,12.311318389248282,10.1539988694801,2.608942559836983,0.0007856510037945271,0.06479809190299587,3747.5,0.02346518136572319,7.497797356828194,1469.0,0.26354378818737273,653.0,538.9459459459459,20.0,47,1941.0,-227,100.0,0.0,0.0,0.0,52.06808073278197,21.305690938350843,31.36935262542171,19.04863136633319
BAJFINANCE,2015.0,16.654302670623146,32.49258160237389,18.708333333333332,2.7394752898108603,5.569861707200763,5.553125,81.31482611348383,53.19230769230769,0.16449054301403296,21.396825396825395,-7424.0,-7.866369710467706,18.0,96.0,10.0,26655,-7064.0,-252,100.0,,,,,,,
BAJFINANCE,2016.0,17.522948349088914,32.25099328675161,17.220950585700823,2.7228407808741193,5.295718881464984,4.985189174633096,78.82187639707917,57.142857142857146,0.1553871372916356,25.16896551724138,-10557.0,-7.716966379984362,24.0,137.53703703703704,10.0,37025,-9870.0,-290,100.0,35.367210682492576,42.42761692650334,34.360730593607315,,,,
BAJFINANCE,2017.0,18.415245737211634,32.59779338014042,19.125,2.8808586088402817,5.52251486830926,5.130208333333333,77.27793381556857,129.04545454545453,0.15643878175456213,27.240437158469945,-13486.0,-5.685729847494553,33.0,88.07339449541284,11.0,49250,-10439.0,-366,100.0,36.59405397999726,43.54964816262705,38.062871707731524,,,,
BAJFINANCE,2018.0,19.58261415345991,32.28463831790366,15.749621403331652,2.9434656477747114,4.993629027364845,4.1997097425542655,78.48887945470412,385.3,0.15031014882426472,27.119148936170212,-19491.0,-8.239583333333334,43.0,137.80869565217392,9.0,66557,-20566.0,-470,100.0,27.843530591775334,35.94771241830066,26.61538461538462,33.21138495410443,40.60132544346444,,
BAJFINANCE,2019.0,21.609779845296696,29.501812084167252,20.2822764888054,3.215731729894634,4.496846271179454,5.1575366807127985,81.7721539365547,476.3076923076923,0.1488090925921454,26.6,-34441.0,-7.27459324155194,69.0,171.27826086956523,9.0,101588,-29062.0,-695,100.0,45.041581672681616,60.05608974358974,32.53948967193197,36.312084519203715,46.17802158544861,,
BAJFINANCE,2020.0,19.959050580116784,34.72738302874043,16.283098243009157,3.2021217706565444,5.649031048392071,4.015280871071517,78.9617436477666,814.5555555555555,0.1604345736688748,19.965177895533685,-33170.0,-4.637537993920972,87.0,269.4,11.0,129806,-24412.0,-1321,100.0,42.66241142424407,31.76470588235294,67.93179317931792,38.30151828250958,42.06302823437693,37.36788880500222,42.432110255975644
BAJFINANCE,2021.0,16.5710643722116,40.63659880778315,11.972479549271359,2.577710386656558,6.43065641463762,3.5655777669429547,76.7679477459614,1998.3333333333333,0.15555490756400536,20.268237082066868,-1236.0,-0.18257918552036198,73.0,307.65,14.0,131634,-807.0,-1316,100.0,1.133692272692799,-16.033434650455924,18.342613822469712,27.90847378892014,20.983430860396002,29.58707889397152,28.147561056594416
BAJFINANCE,2022.0,22.211687367655887,37.546221674409786,16.07759705350811,3.3072007378615194,5.685733976567884,3.779928167821929,77.75403988593264,-558.0588235294117,0.14889461944603918,18.43881118881119,-30743.0,-5.277461582242458,116.0,361.26446280991735,17.0,165232,-37090.0,-1716,100.0,18.625576425598922,59.00452488687782,9.604207030168844,19.617462835163792,20.717895695390954,25.982728075047355,30.795202682788812
BAJFINANCE,2023.0,27.7897177078554,30.65127623095313,21.16530567203708,4.181291011750343,4.682692520530359,3.985323328183624,78.73166052625842,-3104.6,0.15046180230065473,17.942374350086656,-52506.0,-3.659367396593674,190.0,449.35537190082647,16.0,216690,-42112.0,-2308,100.0,30.877658733921187,63.74501992031873,6.843434343434351,16.22866210873941,29.786042786224588,26.57512378511282,35.75350595334395
BAJFINANCE,2024.0,26.287928399912687,29.285818234737686,18.841921351830603,3.845990067652804,4.350587230638684,3.824788776468134,78.07112327075492,3219.3333333333335,0.14630251608816688,16.914461538461538,-79931.0,-5.034945678499758,233.0,618.516129032258,15.0,293346,-72760.0,-3250,100.0,32.74733766390572,25.573514077163708,26.833687859450084,27.259405758095312,48.41981202939976,24.352642739542006,29.323134825979015
BAJFINANCE,2024.0,26.287928399912687,29.285818234737686,16.648042118359964,3.4353485983796737,3.916831500093669,3.7351013213829014,77.0743790650793,3219.3333333333335,0.13068160206914914,16.059596844872917,-79931.0,-5.034945678499758,233.0,700.0241935483871,15.0,324218,-72760.0,-3423,100.0,0.0,0.0,0.0,20.216416770520816,27.161424023128333,15.822545966065693,22.38167813652685
BANKBARODA,2013.0,13.251193677624718,30.047747104988748,14.509344390361157,0.8632663969666795,2.0185336413056505,15.299320954269575,91.026784676798,2.151629350476613,0.06514631194503984,14.290980392156863,22682.0,4.803478981155519,23.0,78.68085106382979,19.0,509192,23196.0,-2550,100.0,,,,,,,
BANKBARODA,2014.0,12.4459382645874,29.777821713664338,13.306206568552328,0.744855820997953,1.8400476466815308,16.301767643406347,91.25415616532368,2.079387938793879,0.059847301598570636,14.202527202527202,41503.0,8.386219221604447,23.0,87.81206496519721,19.0,616973,42233.0,-2849,100.0,11.033971790790842,4.286601780907029,10.036529680365302,,,,
BANKBARODA,2015.0,8.794389402204164,29.981075364577535,9.400733019182256,0.5381720679159525,1.903318864566976,15.838045599504975,90.66945880326882,2.097999632960176,0.06119493273530382,15.08226997985225,17282.0,4.5159493670886075,18.0,94.63513513513513,18.0,665483,17838.0,-2978,100.0,11.00264439117218,-21.5647339158062,11.760312059092048,,,,
BANKBARODA,2016.0,-10.98932291098059,55.440075110810284,-11.841517069383338,-0.7281823798093965,3.8294881598216692,14.599816483542337,89.78012740659719,-0.04022029372496662,0.06626271570214692,7.202233055511873,-14016.0,1.9890721239817206,-22.0,91.9978354978355,0.0,620536,-10011.0,-6359,100.0,1.9681620839363312,-227.41772151898735,88.55636417644436,7.915691324568752,,,
BANKBARODA,2017.0,4.171070087468801,43.28468958694039,4.307242204007709,0.25791973482236213,2.7835336272552045,15.057909768500243,90.16748793130297,1.3810003779765654,0.06183538742185936,7.4996627318718385,17314.0,9.630727762803234,8.0,93.21861471861472,15.0,648499,17865.0,-5930,100.0,-2.895259721827992,-136.8567454798331,-24.18573510298925,3.1999410378006132,-28.316467717502725,,
BANKBARODA,2018.0,-3.986451276706618,56.654941809970474,-3.9427908774642444,-0.24552150586523597,3.6296890845026337,14.437808701627796,89.90566946065505,0.7364864864864865,0.061588989510508216,8.325379609544468,-60106.0,32.5119825708061,-7.0,87.86037735849057,0.0,672311,-59692.0,-5532,100.0,3.559463044993594,-198.97574123989216,35.54805194805195,0.8397137390901088,,4.794092847280318,
BANKBARODA,2019.0,2.203908819415567,48.79408762711223,2.1201541930322207,0.14225236985616163,3.2699856736246486,13.354716706669576,89.60386497004892,1.193356155699252,0.06454548781826833,7.180510314875136,-3986.0,-1.2427101200686106,4.0,103.76603773584905,0.0,734456,-1449.0,-7368,100.0,14.873197846100394,-163.50762527233115,-1.0654198444027152,4.9259662751175215,,5.50896667929075,-25.36843206737871
BANKBARODA,2020.0,1.2434248051207302,51.439254705621394,1.2890255439924314,0.08175442836486976,3.5441037128248123,14.046318196152633,89.08657552284082,0.8987777868919695,0.06574939475888278,8.512624082865775,18392.0,18.889908256880734,2.0,82.27459459459459,0.0,1068981,18531.0,-9268,100.0,49.12297281971798,-15.866209262435682,57.20705016463297,21.055451361047428,-19.13231120017117,11.92616288690813,-24.314204084211188
BANKBARODA,2021.0,2.1799391770056786,51.22857065963344,1.9662580410243962,0.13470062785459316,3.3116932260345884,12.95270057045758,88.73387230214182,1.4339211547627153,0.061791002829544674,8.803933183272123,-1358.0,-0.5475308641975308,3.0,79.52702702702703,0.0,1067173,-887.0,-8441,100.0,-5.8064516129032295,65.1376146788991,-6.192247985609733,17.290131688095723,,10.16481983224744,
BANKBARODA,2022.0,10.810111058118144,51.12488928255093,8.635121749447583,0.5919614721357251,2.9375218740384232,12.902404510770772,88.44955045104136,1.6952414032650225,0.05475998062861488,6.612452694179131,2565.0,0.7828060002521114,15.0,88.67664092664093,19.0,1185331,6210.0,-11098,100.0,-1.2501009231100424,389.69135802469134,-1.4499605988967712,11.52377382660912,89.48709364432959,10.535600363888875,33.726878745525866
BANKBARODA,2023.0,15.877802821074463,40.45480037670762,14.282994621864736,0.9833727752870327,2.6409062430274783,12.77989624482414,87.98856521947137,2.263594470046083,0.06193380698630487,9.579624936644704,-22450.0,-1.423125624791736,29.0,101.40444015444015,19.0,1342592,-21354.0,-9865,100.0,28.776998024119372,89.14660279843692,1.9004211311903552,6.201839296583267,148.23079839806036,15.460085773662335,
BANKBARODA,2024.0,15.93948250956673,37.4889127294537,15.761863790899902,1.1402758683204666,2.8204487779580583,12.143718727289434,87.85248749830036,2.102568485832728,0.07153782236255685,13.074773580737796,-7559.0,-0.3325030473263024,36.0,115.5530888030888,21.0,1453761,-6274.0,-9054,100.0,25.264806408262164,25.751416194601795,16.08119065679685,16.788839489625307,126.679000994827,17.477297665890944,74.50588066551305
BEL,2013.0,14.522556990275785,10.664753706360592,15183.333333333334,2024.4444444444443,2230.0,4.0,53.333333333333336,164.85714285714286,139.4,522.75,214.0,-1.6893523600439078,1.0,3.0,20.0,24,-1539.0,-12,100.0,,,,,,,
BEL,2014.0,14.605707272169377,14.191469776004908,13600.0,2069.5652173913045,3303.5714285714284,3.0,45.65217391304348,173.28571428571428,141.69565217391303,931.1428571428571,190.0,-0.5976890756302521,1.0,3.5,20.0,21,-569.0,-7,100.0,3.9056272915670265,4.500548847420416,38.26606875934231,,,,
BEL,2015.0,16.875793035387,16.622021711546594,17100.0,2442.8571428571427,3572.7272727272725,3.7142857142857144,53.06122448979592,217.14285714285714,144.75510204081633,1182.1666666666667,595.0,1.1979949874686717,2.0,3.5,20.0,26,1434.0,-6,100.0,8.821724455354406,25.735294117647058,27.459459459459467,,,,
BEL,2016.0,18.18058199619255,18.94207234158281,11141.666666666668,2571.153846153846,3764.8648648648646,2.0833333333333335,48.07692307692308,177.4,141.42307692307693,1225.6666666666667,790.0,1.6903515332834704,2.0,1.3333333333333333,31.0,25,2260.0,-6,100.0,3.679684195685895,11.695906432748536,18.150975402883795,5.442601569598193,13.641688204753134,,
BEL,2017.0,17.594731977818853,20.70240295748614,10153.333333333334,1977.922077922078,3982.222222222222,1.9333333333333333,37.66233766233766,111.16666666666667,112.41558441558442,1442.6666666666667,3054.0,-0.04005252790544977,2.0,1.6666666666666667,33.0,29,-61.0,-6,100.0,17.70465053032364,13.91174270755422,28.643216080402013,9.917699553493264,16.95559022577564,,
BEL,2018.0,13.758292471877704,19.603884241899816,4616.129032258064,1182.6446280991736,2581.012658227848,1.5483870967741935,39.66942148760331,327.1666666666667,85.95867768595042,945.5454545454545,-693.0,-0.480083857442348,2.0,3.1,34.0,48,-687.0,-11,100.0,20.15942698706099,-6.040709126723575,13.783482142857139,13.609603856628038,6.132524460899758,10.641985771580508,9.452138507365305
BEL,2019.0,15.512989148306477,23.914830647813222,3851.020408163265,1497.6190476190477,3030.208333333333,0.9591836734693877,37.301587301587304,165.25,96.53968253968254,1105.8181818181818,618.0,0.8023317435082141,3.0,4.454545454545454,44.0,47,1514.0,-11,100.0,16.95029324103452,31.865828092243188,42.667974497302595,18.263554701554696,12.170889633500014,13.290217628332757,14.663974255941326
BEL,2020.0,14.073103022825418,21.275447254781,3318.181818181818,1495.9016393442623,2786.868686868687,0.8,36.0655737704918,310.75,106.29508196721312,926.2857142857143,1921.0,1.4082191780821918,3.0,5.0,37.0,44,2570.0,-14,100.0,6.609667872410396,-3.2856385797562226,-5.15641113784806,14.42438442087881,6.215440643406667,12.825848528166572,8.801214612767193
BEL,2021.0,14.88411652136934,22.779785952229073,3559.322033898305,1381.578947368421,2948.623853211009,0.8305084745762712,32.23684210526316,295.2,92.82236842105263,940.6,2498.0,2.4252380952380954,3.0,5.363636363636363,46.0,49,5093.0,-15,100.0,8.798581122763727,15.068493150684926,16.491482421167092,10.69815409586161,13.638777662966838,13.918569182308293,9.450456554239306
BEL,2022.0,15.616866215512754,21.759500260281104,3478.260869565217,1472.3926380368098,2612.5,0.8405797101449275,35.58282208588957,352.77777777777777,94.28220858895706,904.0,-665.0,1.7529166666666667,3.0,6.2727272727272725,46.0,58,4207.0,-17,100.0,8.923382238287614,14.28571428571428,4.044803982576228,8.10529845964616,8.34605775641557,12.165687034629169,9.522227407124007
BEL,2023.0,16.837712867937295,23.063042742754032,3981.333333333333,2073.611111111111,3556.521739130435,0.52,27.083333333333332,207.47368421052633,123.15277777777777,1043.1764705882354,3907.0,0.4015405224380442,4.0,6.818181818181818,44.0,39,1199.0,-17,100.0,15.395627277459667,24.416666666666664,22.30861244019138,10.996998251001887,17.835363227993795,11.261861446362742,15.848398363764948
BEL,2024.0,19.661535425300965,24.921057825143084,4744.047619047619,2475.1552795031057,3946.09375,0.5119047619047619,26.70807453416149,439.8333333333333,125.88819875776397,1126.0,-1265.0,1.1691342534504392,5.0,7.636363636363637,40.0,43,4659.0,-18,100.0,14.288936506146378,33.45612860013396,23.496332518337404,12.8335418079377,23.80447523322802,10.7508063318833,16.12648618019128
BEL,2024.0,19.661535425300965,24.921057825143084,4379.120879120879,1771.1111111111113,2971.176470588235,0.8571428571428571,34.66666666666667,439.8333333333333,90.08,596.1176470588235,-1265.0,1.1691342534504392,5.0,8.272727272727273,40.0,78,4659.0,-34,100.0,0.0,0.0,0.0,9.664109043907466,18.414720620206904,9.342142336806237,16.905001387268893
BHARTIARTL,2013.0,2.9461837368578374,29.838720158030853,4.50498787806526,1.43508261062227,19.61420834116421,1.326179404634156,42.245996075204154,2.058862580216862,0.48709881623092993,0.6122746152744403,3932.0,9.972651080723423,4.0,26.499210110584517,17.0,66736,22608.0,-125674,100.0,,,,,,,
BHARTIARTL,2014.0,3.516025342401938,30.87673530233858,5.05221233014258,1.6634342009565162,19.544127620676438,1.2700984001606532,41.817821171181095,2.337642456200034,0.47310074273246205,0.6106362097657416,1052.0,8.689301093077178,5.0,29.89294647323662,26.0,75896,26233.0,-140614,100.0,11.588495977750913,33.17159241288046,15.470383275261334,,,,
BHARTIARTL,2015.0,5.252806942695706,34.96529692719118,12.690750936470824,2.7745563073337767,27.276121826092602,2.097066143751414,45.84778414743403,3.3706702654071075,0.5282045081043647,0.7732682110412862,5758.0,5.558438985736926,8.0,19.898449224612307,33.0,83415,28059.0,-124279,100.0,11.922342308767364,67.20768466379596,26.742607121303564,,,,
BHARTIARTL,2016.0,7.140637301620188,35.2049061451125,10.323498577205331,3.0707616094657686,20.299135088641467,1.5073536019170286,44.836772515057554,2.503159372805991,0.4300402722834028,0.5602781308584794,13851.0,4.053677643986653,11.0,33.401700850425215,9.0,100646,27942.0,-172293,100.0,0.4484864881739048,36.54912836767037,1.1368370930301852,7.851586337125016,44.872377079381856,,
BHARTIARTL,2017.0,4.442326224494071,37.00716470440357,6.286967994426079,1.8254835960434226,20.218147690335577,1.5904650369865247,46.180731915186676,1.8089452183932124,0.41092965797470754,0.5356299267820573,-2400.0,6.668238622966282,7.0,33.745372686343174,11.0,107288,28280.0,-178235,100.0,-1.1022251688559193,-38.473814014217325,3.9606873822975563,3.5974111412192533,11.99579574252343,,
BHARTIARTL,2018.0,2.6428199760403683,36.398068708479045,3.1408643129359315,0.8752770307909956,16.630360262733042,1.60112173725462,44.619090176778705,1.3503109586103368,0.33119056111509654,0.4414476495726496,1914.0,13.66941391941392,2.0,34.78489244622311,194.0,111334,29854.0,-187200,100.0,-13.438010642309461,-48.502711624616836,-14.862722898386638,-4.906160644047541,-24.367040262771646,1.4375315360475094,-0.7432107013407907
BHARTIARTL,2019.0,2.0896261450854174,31.894033176528847,2.3633843439788302,0.6159999416113799,13.088138176276354,1.7561289780602887,45.772298978929,0.8369421954434193,0.29478954551757863,0.4022267367750159,-8216.0,11.889810426540285,1.0,35.72936468234117,244.0,125428,20070.0,-200832,100.0,-2.249543193891501,-22.710622710622708,-14.345556700688189,-5.765300888720882,-37.436449378944836,-1.2132844043885815,-10.97707373184763
BHARTIARTL,2020.0,-35.02895852134477,41.821359622568224,-39.748525503921186,-8.53933961029377,16.244181867393166,1.9214207012768163,41.27867309400681,-2.0621783876500857,0.2437794319545742,0.38183951565062635,-11469.0,-0.5912144534307331,-55.0,28.278958944281523,-3.0,148228,18129.0,-229256,100.0,8.367170091606834,-1916.5876777251185,42.097500388138485,-2.8488560183098643,,-1.8489986111363321,
BHARTIARTL,2021.0,-12.28830404707005,45.00178897988392,-20.972639221074417,-3.58983441583894,20.420045278662204,2.7612674503417978,47.26392715806711,0.7725796832549201,0.2921342442446221,0.4502237336674423,20919.0,-3.8988191523778712,-26.0,21.468681718863802,0.0,162785,48205.0,-223480,100.0,14.93848456116702,-59.67910253065484,23.67932258945644,6.781003574142641,,0.832178134357231,
BHARTIARTL,2022.0,7.125880546045801,49.36549203325697,12.478588815097515,2.299235618357341,24.354871482271665,2.5494786188658836,46.97528010254508,1.751263842079923,0.32265985985875134,0.4774892147343322,13539.0,6.624563515954245,7.0,23.81180679785331,39.0,169678,55017.0,-244083,100.0,15.833465850361762,-167.17081850533808,27.06552706552707,12.996697315028772,70.08097292131974,4.070742937881411,14.386368628705505
BHARTIARTL,2023.0,8.830356822020196,51.22282511049624,15.84131609143535,2.7638750486439307,23.477599206806705,2.914018281912768,50.84162435863118,1.8580829015544043,0.3129969835139251,0.5016150313272818,26093.0,5.31659477496541,15.0,27.339795558688756,27.0,226020,65325.0,-277394,100.0,19.389602477970257,47.94701986754968,23.881530920846792,16.704788167661476,,10.983012843154238,41.26632421161504
BHARTIARTL,2024.0,5.706018055499993,52.20093077836007,10.35839213740181,1.9361158683224027,26.306823336503022,2.6094723973904306,48.77437395225092,1.559828682444366,0.3393112060793767,0.4944956034064945,27809.0,9.219210095816779,13.0,28.717066388599235,62.0,215592,78898.0,-303303,100.0,7.788278414603478,-30.349149507609674,9.846507842972185,14.232767250604962,,13.17410230151459,38.35662769365473
BHARTIARTL,2024.0,5.706018055499993,52.20093077836007,9.825713564031322,1.8564716192823147,25.0423812844248,2.5895083698822017,48.92620536159764,1.559828682444366,0.3253532675896239,0.4542170024742655,27809.0,9.219210095816779,13.0,30.075276243093924,62.0,225541,78898.0,-330199,100.0,0.0,0.0,0.0,8.770889612364098,1.0053121461446546,11.369818499632899,
BHEL,2013.0,13.686276915526655,19.39144837740016,21.90906412648532,9.319390682001726,28.523732178307164,0.08831712985695113,3.756718371438915,75.4609375,0.6809295719735999,10.478465823869724,646.0,0.26281189302256086,18.0,62.344897959183676,20.0,2698,1759.0,-4667,100.0,,,,,,,
BHEL,2014.0,8.852152372285838,11.574530471929426,10.557414609146544,4.648816556265016,12.093600612735388,0.14147900274336017,6.229838977313457,39.18045112781955,0.5251622837875509,8.365616409388878,3644.0,1.2884066247858366,10.0,67.69591836734693,20.0,4693,4512.0,-4729,100.0,-19.103122507821602,-47.67667712535485,-51.71359274491194,,,,
BHEL,2015.0,4.629186220987772,6.835232895955048,4.238898471073172,2.042742628516687,5.931405141843971,0.055222615254187736,2.6612005691503597,24.77173913043478,0.44127467140019444,7.404964539007092,1471.0,0.5662068965517242,4.0,69.81020408163265,20.0,1889,821.0,-4230,100.0,-20.823538333206947,-58.59508852084523,-53.2430661716532,,,,
BHEL,2016.0,-2.768084689276612,-5.320525387178984,-2.1847439269689,-1.0765969775988533,-4.172046977802373,0.006529475475785239,0.3217591533616969,-2.225,0.3889320950943166,6.426051902242379,397.0,-0.5297450424929179,-2.0,65.94897959183673,-14.0,211,374.0,-3969,100.0,-18.574210643935764,-148.68965517241378,-163.3815973843998,-19.506043397221706,,,
BHEL,2017.0,1.5984542420516425,3.846829439662744,1.4047979252215257,0.7374631268436578,3.364572130895683,0.0048164500293309456,0.2528445006321113,2.4188861985472156,0.4613601737495543,7.9047486809219665,-5.0,1.2307692307692308,1.0,66.1,85.0,156,560.0,-3601,100.0,11.605567535777306,-164.44759206798867,-180.69270449521002,-10.391754152786836,-49.35167527194153,,
BHEL,2018.0,1.5194088875013008,5.734207513789156,1.3545693520952529,0.6850172036284017,5.094775774387425,0.0034018865006958405,0.17203628401626525,4.681818181818182,0.450844541757898,9.380735437683047,1950.0,2.2579908675799087,1.0,44.05313351498638,151.0,110,989.0,-3073,100.0,1.271737221148772,-3.736263736263734,50.95890410958903,-2.730048527751461,-32.90316478648266,-10.031021577165578,-42.034357088019405
BHEL,2019.0,3.2916132847146935,6.675207778982293,3.2422987315557856,1.553729260350442,6.065128495955586,0.08406678747087756,4.028531555279889,5.867724867724868,0.47202667080167465,10.249494949494949,-1941.0,-3.852295409181637,3.0,44.40229885057471,69.0,2598,-3860.0,-2970,100.0,5.598917681340421,128.7671232876712,22.92800967937083,6.074549439943477,,-5.106092359144476,-22.140732070101976
BHEL,2020.0,-6.839677584680613,-0.6196710618273308,-5.12212142358688,-2.4348576072714003,-0.39417918852434725,0.17725052337752967,8.425801529249805,-0.07504078303425775,0.35599011461080426,7.619098331558395,-1015.0,1.9700272479564032,-4.0,41.17816091954023,0.0,5080,-2892.0,-2817,100.0,-29.49311783449953,-246.50698602794412,-106.54527559055119,-8.982183537683975,,-7.281709644490064,
BHEL,2021.0,-15.59882142238142,-17.615113524755905,-10.391409767925182,-4.824874910650465,-9.856149991918539,0.1905476657814725,8.847390993566833,-6.700214132762313,0.30931022158684773,6.948615014050582,518.0,-0.2074074074074074,-8.0,37.331896551724135,0.0,4951,560.0,-2491,100.0,-19.354237525043093,83.92370572207084,2192.4812030075186,-15.635932607895409,,-7.460035190816505,
BHEL,2022.0,2.0979680354533023,3.9036349064164817,1.678865162604693,0.7808250425505782,2.642243992724256,0.18222289292990265,8.475022371953466,2.049107142857143,0.3721815725289958,8.845287739783153,-458.0,1.4831460674157304,1.0,38.083333333333336,31.0,4830,660.0,-2398,100.0,22.543185625974928,-116.48148148148148,-127.15644473597901,-11.345508538118265,-23.70476240543862,-5.713396543974669,-0.4434764618247544
BHEL,2023.0,2.7990584207147444,4.468221699122619,2.682746738862909,1.1341564927857937,3.4995977473853577,0.22372631060792517,9.458240843507214,2.1699346405228757,0.4051921476137625,9.436591276252019,739.0,-1.1330275229357798,2.0,35.025862068965516,21.0,5454,-741.0,-2476,100.0,10.155108198576212,46.966292134831455,26.086956521739136,2.870721679757926,,-4.114427094959572,8.347957212397228
BHEL,2024.0,1.180262001423011,2.9757669610346125,1.1539405843358703,0.4716665551615709,2.135455774140261,0.36238644733611586,14.812336923797417,1.2934782608695652,0.399628688031043,9.282439782439782,-2382.0,-13.166666666666666,1.0,35.11206896551724,31.0,8856,-3713.0,-2574,100.0,2.2597902846137385,-56.88073394495412,-31.896551724137932,11.343850250620191,,-4.728642461606237,-22.397399063784775
BHEL,2024.0,1.180262001423011,2.9757669610346125,1.165337410636803,0.45636237114236244,2.133405347015933,0.3772056696557709,14.771899729742852,1.2934782608695652,0.3866619196349101,9.293271100739013,-2382.0,-13.166666666666666,1.0,34.76867816091954,31.0,9128,-3713.0,-2571,100.0,0.0,0.0,0.0,4.0486651655633255,-14.105959541974855,2.168272800765858,
BOSCHLTD,2012.0,11.063633213996997,15.59071486314817,17.19002332675399,12.123513034674765,23.259820813232253,0.041270410909743406,2.9106555302455073,225.33333333333334,1.0957985320172108,10.033603707995365,47.0,0.9091858037578288,305.0,179.7741935483871,20.0,230,871.0,-863,100.0,,,,,,,
BOSCHLTD,2013.0,10.106200753682767,14.71965284914925,14.061010486177311,9.95388595208638,19.90118882198549,0.029075309818875118,2.0582611629737935,,0.9849285794623777,9.335820895522389,211.0,1.1943502824858756,282.0,203.03225806451613,20.0,183,1057.0,-938,100.0,1.1317704122878025,-7.620041753653439,-4.518518518518522,,,,
BOSCHLTD,2015.0,11.070660268078768,16.390865464173423,18.211514904042467,12.82714984181766,26.562080986859748,0.015108207431604737,1.0641357492090882,140.71428571428572,1.1586616815262198,12.485537190082646,213.0,1.0433482810164425,426.0,237.0,20.0,111,1396.0,-968,100.0,38.015302044079014,51.1864406779661,53.68502715283165,,,,
BOSCHLTD,2016.0,15.781878156891041,19.3588289867024,16.056633455689564,12.314003056382209,19.593114241001565,0.005243838489774515,0.40215555376819756,162.69230769230768,0.7802622054210568,8.442993907745866,323.0,0.8608752449379491,488.0,307.5806451612903,17.0,50,1318.0,-1149,100.0,-19.733576038391533,14.424514200298955,-5.199394245330646,3.860303729640324,16.91490843669068,,
BOSCHLTD,2017.0,16.684235745088642,18.811691423095354,19.786339356745085,14.754237288135593,22.30681818181818,0.0,0.0,89.55555555555556,0.8843220338983051,6.892338177014531,2703.0,0.8368753589890867,570.0,293.3,29.0,0,1457.0,-1514,100.0,7.5662302855375785,13.716525146962777,4.526091586794467,6.0178602296297345,25.300219985997696,,
BOSCHLTD,2018.0,11.72797262617622,17.904191616766468,13.736098587315901,9.844187549364545,20.96984270113215,0.0,0.0,681.3333333333334,0.8393767501974582,8.869499241274658,559.0,1.261123267687819,449.0,332.7,22.0,0,1729.0,-1318,100.0,12.026832774317198,-21.25215393452039,6.62251655629138,-1.1043231666079123,0.8154548301936515,6.18651173448419,7.432180166570301
BOSCHLTD,2019.0,13.223003723624327,17.823748448489862,17.508491289580366,12.572777340676634,23.60030678207516,0.0,0.0,180.92307692307693,0.9508261211644374,10.276360544217686,2359.0,0.3710888610763454,542.0,304.23333333333335,19.0,0,593.0,-1176,100.0,3.3789563729683447,16.557257476294684,2.914476827520307,7.599449661750524,1.4379650178992343,6.654273315819759,12.545128367318693
BOSCHLTD,2020.0,6.604348709611868,15.068075594391384,7.011866235167206,4.87987987987988,15.872845980948302,0.007982740021574973,0.5555555555555556,99.5,0.7388888888888889,7.333830104321907,463.0,2.0553846153846154,220.0,309.0,48.0,74,1336.0,-1342,100.0,-18.56019859329747,-59.32415519399249,-31.151346332404827,-1.9313261698648332,-27.993528732300355,-4.024550643795177,-13.445141915487591
BOSCHLTD,2021.0,4.959868285655484,11.967483021197777,4.9068512674335745,3.262488154866658,11.776022681247468,0.005497302249821846,0.36550697170705293,41.5,0.6577771761202111,7.830781627719581,372.0,1.7323651452282158,164.0,327.43333333333334,70.0,54,835.0,-1241,100.0,-1.2599065230644135,-25.84615384615384,-21.577882670262984,-5.972664847754272,-29.421916510094114,0.03502339184950909,-20.63767736148925
BOSCHLTD,2022.0,10.329315905618742,12.408759124087592,11.386601796407184,7.897469175859831,13.58736059479554,0.0068300898203592815,0.47371836469824785,52.724137931034484,0.764568462037638,9.72914946325351,238.0,0.22267871815940837,413.0,356.26666666666665,51.0,73,271.0,-1211,100.0,21.238938053097357,152.4896265560166,25.709372312983668,-0.8428304683377297,-8.67887189756631,2.457867623757859,-6.911000758334218
BOSCHLTD,2023.0,9.538482148837831,12.124053854913257,12.930173431399256,8.758226213174241,16.357885223678263,0.004812494324888767,0.32597330709145705,157.83333333333334,0.9181991512393136,8.624494511842865,1476.0,0.8525280898876404,483.0,367.1,99.0,53,1214.0,-1731,100.0,26.710235953148874,17.009038619556293,23.803009575923383,14.898877471848504,29.876988781938806,5.013042518514266,0.761472818233444
BOSCHLTD,2024.0,14.886112273569676,12.524660728164047,20.639920424403183,14.34745030250648,17.30975791126167,0.003232758620689655,0.22471910112359553,63.372549019607845,0.9638144626908672,9.450282485875706,1536.0,0.5032128514056224,844.0,402.1333333333333,44.0,39,1253.0,-1770,100.0,12.043673387366871,74.85955056179776,15.745856353591158,19.843289373663996,72.86912600423906,6.717165240230294,9.275930793686072
BOSCHLTD,2024.0,14.886112273569676,12.524660728164047,19.547809703250117,13.44419847740403,16.406923016681024,0.0024336630554247134,0.16737757140543166,63.372549019607845,0.9031369796447276,10.119177253478524,1536.0,0.5032128514056224,844.0,424.6,44.0,31,1253.0,-1653,100.0,0.0,0.0,0.0,12.391382353206936,26.951038031376285,11.190309536729103,30.814895342135152
BPCL,2013.0,0.7994021000821699,2.770242091658718,11.540983606557377,2.4313055709047067,13.436273331731154,1.9765722801788375,41.63987542070628,2.278792692613185,3.0414050334053346,9.796569718053476,2322.0,3.0609504132231407,4.0,23.201936376210234,42.0,33157,5926.0,-24721,100.0,,,,,,,
BPCL,2014.0,1.5327829484042492,3.5602316003645704,20.848765432098766,4.581731856206195,17.90006084575601,1.705349794238683,37.476825683924936,4.110998990918264,2.9891589418946416,9.587418419144308,2707.0,2.3656550703182826,9.0,26.887966804979254,31.0,33152,9588.0,-27580,100.0,9.183214207555501,109.349173553719,40.31897451184976,,,,
BPCL,2015.0,2.0948235352311233,4.031360522345609,22.524598883077743,5.887259331340794,20.352103883131477,1.1298643737257335,29.531289821829894,7.516949152542373,2.81038437478279,8.334123466968979,10206.0,4.0814639905549,11.0,31.206085753803595,34.0,25492,20742.0,-29109,100.0,-8.253126642740172,25.38860103626943,3.8878266411727314,,,,
BPCL,2016.0,4.306897745121529,6.906264142906584,29.103403612290425,9.359885214412996,25.34338914831676,0.8414765776786357,27.062553516465716,18.841176470588234,2.173231353127676,7.406538370533954,1886.0,1.3745827667202373,19.0,42.36890243902439,25.0,23388,11119.0,-25358,100.0,-22.581801993421212,59.16961826052736,32.6278118609407,-8.125130441690553,61.063263325742035,,
BPCL,2017.0,4.723951682227666,6.84866162155716,30.847853596807163,8.715142181398162,20.712299947404013,1.1591875141957884,32.749390389234186,20.683908045977013,1.844883853106723,5.974676404227527,-6233.0,0.9509834858525297,20.0,23.508009153318078,49.0,35725,9041.0,-33684,100.0,7.153848201687829,17.529978983805172,6.26011872638963,-8.697913757319132,32.86858095089975,,
BPCL,2018.0,4.150999385319739,6.493143135717163,26.740216827330077,8.13586360463957,20.62117989175799,1.0284005570878505,31.28967396723055,12.951096121416526,1.9599770680315065,5.180065438415424,4002.0,1.1303104575163399,21.0,18.616675139806812,46.0,37659,11068.0,-45539,100.0,17.21432440087254,2.9977911012937897,11.129652470434603,-0.9296174792989831,24.435867944989887,-0.5245909845212227,38.29077496476137
BPCL,2019.0,2.859576294488073,5.067297955241997,21.999226106023475,6.228181645560376,18.075690158365628,1.1566877337804722,32.746885178855734,8.315759637188208,2.1780085593678336,6.047368954679103,-294.0,1.1910178236397748,18.0,19.707676664972038,48.0,44839,10157.0,-49315,100.0,26.423196761270894,-12.908496732026142,-1.3383821897238413,16.66441552978377,1.777267171421748,2.4353632952422766,16.041709361898416
BPCL,2020.0,1.2882504251999494,3.1538591287969298,10.035037775101282,2.4300676123558262,8.798329542780959,1.792291689477718,43.40182951080472,2.384907091391733,1.8863316982632905,4.729073535521396,-3254.0,2.1497545008183305,7.0,18.57244534824606,106.0,65476,7881.0,-60175,100.0,-4.578406979941385,-57.012195121951216,-40.61011116993119,12.24096012267224,-27.2136979143179,3.2430889943381613,-6.3233050093329135
BPCL,2021.0,7.524840227483046,9.124086005621908,32.340584445896745,10.759234181068221,19.429718652566912,1.0182429278312015,33.875436395035344,14.01915264074289,1.4298289207220862,3.59092327373709,20981.0,1.3542147806004619,37.0,25.587673196368847,102.0,54532,23455.0,-64098,100.0,-19.11677888197012,372.4495362793236,133.99442896935932,-0.8154662147614067,20.9368987670137,4.151149125733,16.447618328103108
BPCL,2022.0,3.3685995311297003,5.518309298684223,22.50650226375108,6.229436513819196,16.435073857780832,1.243309893073885,34.41281081859339,7.153875671527245,1.849265980195063,4.1333357170951475,12198.0,1.7407978085944187,27.0,24.379990605918273,29.0,64534,20336.0,-83901,100.0,50.66667825225593,-32.55196304849884,-8.875767820579972,5.157625621144435,11.059744514853453,11.497711669326293,4.206483725471477
BPCL,2023.0,0.45035049568141133,2.3033177158290488,3.9815403011845594,1.1328538241126156,8.868257675001425,1.2962146407084938,36.88074467463014,1.753271028037383,2.5154936765386027,5.459325064897606,4660.0,5.849835757860159,5.0,25.13950211366839,40.0,69376,12466.0,-86675,100.0,36.447312646521965,-81.7582605718199,-43.04749960808905,18.471406963773383,-16.542828239744654,14.93778243741344,-26.28728474954628
BPCL,2024.0,5.994201967046283,9.837909494446341,35.511337343822305,13.26907686075349,33.84830382235054,0.7218747934157467,26.973391694414527,9.7235478428537,2.213651947949293,5.162365492292449,25415.0,1.3379500353698945,62.0,35.40964419475655,33.0,54599,35936.0,-86798,100.0,-5.305302132138035,1160.3941811356171,304.4591246903385,24.863629368132333,15.748130122124548,8.483226324685255,25.790698729746552
BPCL,2024.0,5.994201967046283,9.837909494446341,34.832961560408776,12.71576415782148,32.41609553784157,0.763604295274161,27.875356253491525,9.7235478428537,2.121343963337847,4.469165478102154,25415.0,1.3379500353698945,62.0,18.04540135736017,33.0,58880,35936.0,-100261,100.0,0.0,0.0,0.0,8.917304069022713,31.984889280882477,9.5048262016999,48.92906937967354
BRITANNIA,2013.0,4.203718674211803,6.806790622473727,46.59498207885305,13.807753584705257,44.930629669156886,0.6810035842293907,20.1805629314923,9.731707317073171,3.2846521508231548,8.392130257801899,348.0,1.2307692307692308,11.0,23.25,39.0,380,320.0,-737,100.0,,,,,,,
BRITANNIA,2014.0,5.713872414291914,9.069868363951974,49.49874686716792,18.74703369719981,66.13924050632912,0.18796992481203006,7.119126720455624,72.125,3.280968201233982,8.152122641509434,425.0,1.6987341772151898,16.0,33.25,36.0,150,671.0,-848,100.0,11.770412287793054,51.92307692307692,48.9311163895487,,,,
BRITANNIA,2015.0,8.768134385339781,11.071519470603207,55.34136546184739,24.668814894378805,62.589928057553955,0.11646586345381527,5.191550304332259,238.5,2.8134622269960614,9.310426540284361,134.0,0.8476052249637155,29.0,51.875,28.0,145,584.0,-844,100.0,13.66989729495154,74.43037974683544,38.75598086124401,,,,
BRITANNIA,2016.0,9.824937477670597,14.576634512325832,39.4359464627151,23.611906124785346,55.06072874493927,0.06261950286806883,3.7492844876931883,245.0,2.403262736119061,8.838947368421053,254.0,1.1624242424242424,34.0,87.16666666666667,29.0,131,959.0,-950,100.0,6.859251717994397,19.73875181422351,40.68965517241379,10.72902684227348,46.94682271518167,,
BRITANNIA,2017.0,9.774685222001326,14.115308151093439,32.826409495548965,21.538087125821367,45.30308401276143,0.046364985163204746,3.042102701387199,261.8,2.2034558286687758,7.805172413793104,291.0,0.49830508474576274,37.0,112.33333333333333,30.0,125,441.0,-1160,100.0,7.8242229367631255,7.272727272727275,4.4117647058823595,9.410241779912521,30.852510213081352,,
BRITANNIA,2018.0,10.127092999798265,15.14020576961872,29.47739283617146,19.35235158057055,41.613529248683115,0.05901350557839107,3.874325366229761,190.75,1.9109483423284503,7.365527488855869,292.0,1.2440239043824701,42.0,141.91666666666666,30.0,201,1249.0,-1346,100.0,9.498564170532365,13.446327683615822,17.44913928012519,8.05518967852381,13.371744744234814,9.89598908908318,31.02436782517264
BRITANNIA,2019.0,10.44776119402985,15.66711895070104,27.157300728897248,18.515549855722988,39.283284191426624,0.03667999059487421,2.5008015389547933,197.44444444444446,1.7722026290477717,6.549170616113744,304.0,1.000865800865801,48.0,177.20833333333334,31.0,156,1156.0,-1688,100.0,11.508977203954007,15.039840637450208,15.38974017321786,9.600246583125415,11.868894208139679,9.844530773501937,23.93585800247959
BRITANNIA,2020.0,12.017241379310345,15.887931034482758,31.66023166023166,17.803320561941252,31.021713516243054,0.3493072904837611,19.64240102171137,24.948051948051948,1.4814814814814814,6.17678381256656,-41.0,1.0652797704447632,58.0,183.45833333333334,60.0,1538,1485.0,-1878,100.0,4.929895974672105,20.692640692640694,6.408775981524251,8.610671725493635,16.351816432833054,8.100870936901284,15.135356589751225
BRITANNIA,2021.0,14.091047503045068,19.10018270401949,52.17023675310034,23.1375,44.25824660433939,0.5980834272829764,26.525,23.64864864864865,1.642,7.326268823201339,2309.0,1.0135062128579146,77.0,147.83333333333334,204.0,2122,1876.0,-1793,100.0,13.241379310344836,32.783357245337164,36.13673358654368,9.834322396201545,22.618943154319982,9.362340796469915,17.54130118103776
BRITANNIA,2022.0,10.724391624221845,15.570175438596493,59.26505082095387,20.14082635844294,43.670634920634924,0.9698983580922595,32.96133917895576,15.430555555555555,1.8780390593862097,8.063890473474045,2214.0,0.8575197889182058,63.0,106.58333333333333,89.0,2481,1300.0,-1753,100.0,7.6126674786845205,-18.098325229605617,-12.275807094459946,8.539861530779703,9.489483155671108,9.319392415225236,11.365632023060845
BRITANNIA,2023.0,14.207717317955954,17.36703269738053,65.53480475382003,24.767404555662495,43.34047764849969,0.8480475382003395,32.05004812319538,18.94674556213018,1.743236017538231,6.139736346516008,1019.0,1.0906735751295338,96.0,147.25,75.0,2997,2526.0,-2655,100.0,15.315506508205988,52.77044854881265,28.623353021353925,12.008784937237893,18.438235084879718,10.456954960245657,18.195507150242562
BRITANNIA,2024.0,12.725863199952292,18.886039716142882,54.14869322506978,23.522927689594354,52.72182453803895,0.5239786856127886,22.76234567901235,18.76219512195122,1.8484347442680775,6.051605918440996,3050.0,1.2057169634489222,89.0,164.20833333333334,83.0,2065,2573.0,-2771,100.0,2.8709895098460114,-7.8583765112262505,11.868597668668324,8.479583308976203,4.856654873228505,8.690023727476138,13.063515827454196
BRITANNIA,2024.0,12.725863199952292,18.886039716142882,66.47975077881621,22.54145980775325,53.10194500335346,0.8579439252336448,29.090524981514736,18.76219512195122,1.7713108693355868,5.684406779661017,3050.0,1.2057169634489222,89.0,133.75,83.0,2754,2573.0,-2950,100.0,0.0,0.0,0.0,5.858777938829718,12.07233090958859,7.648959170364855,8.889581399155455
CANBK,2013.0,8.790724977986498,21.182858820076316,11.896250397203687,0.7142448321584265,1.798781703620992,14.936447410231967,89.67767168108671,2.139963724304716,0.08124982114069311,11.817551161984044,7575.0,2.674457429048414,12.0,56.830699774266364,19.0,376040,8010.0,-2883,100.0,,,,,,,
CANBK,2014.0,6.7525903462218855,24.351781652767247,8.854718981972429,0.5332375421580954,2.015520090359556,14.843352332979851,89.38773473827058,1.7823359073359073,0.07896785008681076,5.94054946704699,13864.0,5.330838323353293,10.0,65.45770065075922,19.0,447913,14244.0,-6661,100.0,16.143234517170523,-10.78464106844741,33.51808230566717,,,,
CANBK,2015.0,6.689795266245178,23.513569032022456,9.020682014034225,0.52474407313117,1.9365389676303622,15.37264557429521,89.42455394068297,1.7781533910838792,0.07843948166528812,6.286841727651026,5240.0,2.1644489935175706,11.0,68.4042105263158,17.0,499488,6344.0,-6969,100.0,10.722769775082131,9.693113772455098,6.911581569115821,,,,
CANBK,2016.0,-5.756261495492632,40.38465905220373,-7.821659981487196,-0.44968734755421524,3.2988822567062743,15.634433816723234,89.88638077076588,0.44663881503987846,0.07812142445341257,6.111434915348321,8903.0,-3.686785009861933,-9.0,59.68692449355433,0.0,506712,9346.0,-7206,100.0,0.515828635336546,-186.48925281473902,72.63638128518734,8.93190661755634,,,
CANBK,2017.0,3.403526545577345,37.84885544057698,4.06804093988756,0.23668182481519193,2.7550110263649517,15.420441112873,89.71734050815303,1.2223637289862455,0.06954017300753658,5.769937369519833,2099.0,1.824946846208363,5.0,58.098827470686764,4.0,534858,2575.0,-7185,100.0,-5.862985081405114,-155.66074950690333,-11.773966825976945,1.5649690307792952,-19.17168599050957,,
CANBK,2018.0,-9.367517233039061,61.874470915467406,-10.496788356776973,-0.6133647960597687,4.259024330146807,15.279182589370409,89.28171545764806,0.13381995133819952,0.06547784015773594,4.960407918416316,-11607.0,2.871159308029951,-11.0,50.336971350613915,0.0,563756,-11120.0,-8335,100.0,-0.27015944231372213,-374.48618001417435,63.03613536422152,-1.9140803802695672,,3.9465722412666437,
CANBK,2019.0,1.4514817209234425,56.72874392609122,1.8466926689484995,0.09778261071141064,4.012952622611031,16.98548648146674,89.93836604695532,0.7869183405672756,0.06736744204343177,5.686114075655164,17492.0,26.20258620689655,2.0,50.05179282868526,0.0,640166,18237.0,-8433,100.0,15.977748216229282,-117.97056545313711,6.332577593620514,2.8774221235335684,,3.9169337588697672,-23.589233339154912
CANBK,2020.0,-3.8606081311923472,53.87769046805603,-4.661942435567636,-0.2590904186447993,3.779236963190184,16.215356986846576,90.11787872248598,0.8716840410204255,0.0671112969356927,5.978493331731347,-5734.0,2.7532535137948986,-4.0,40.005825242718444,0.0,668170,-5289.0,-8323,100.0,3.7705157348126184,-376.00574712643675,-1.4447467098007483,6.273403814844825,,2.5778826660805887,
CANBK,2021.0,4.2090729221527905,61.82938806883692,4.73802275276398,0.25069094731844616,3.86653824790281,17.000448646050312,89.95015005849739,1.1681538594819372,0.05955965885006019,6.234182269944094,58002.0,19.99256002705445,4.0,37.893139040680026,0.0,1060998,59118.0,-11269,100.0,41.18651902168451,-253.9302446642374,62.023947181916526,19.329354886811934,,9.79068258124791,
CANBK,2022.0,8.720650295975302,58.39493584841533,8.802046854676176,0.4892003346073091,3.428857953728088,16.18939123225797,89.97743068933714,1.3867952459501756,0.056096772374083344,6.1687778457237705,-510.0,0.14923676518350112,7.0,38.567254685777286,19.0,1132626,919.0,-11447,100.0,0.5138570594850123,108.25160635779505,-5.069410870916502,13.770861896859676,106.82838857172712,11.239387352854724,34.27109608133916
CANBK,2023.0,13.209524363975083,49.80147872154625,14.534809234632434,0.821488309450193,3.2520943359787835,15.850052527737208,89.58241312643462,1.5696742349457058,0.06218909075110606,8.310915424811302,-41134.0,-3.523843102688409,12.0,43.02866593164278,19.0,1237160,-39978.0,-10334,100.0,21.626023168210274,84.23189347190647,3.7274160300715398,19.954135564657104,,15.744100651185388,
CANBK,2024.0,13.935160470145405,41.753906568101414,16.716051794688113,1.0033107103630055,3.1565468283360034,14.867419925542423,89.23543567567286,1.698177756056692,0.0719985042520674,8.96269564512205,13296.0,0.9769495487306019,17.0,50.78996692392503,19.0,1369780,15046.0,-12331,100.0,28.68254060662514,35.75143234905245,7.8883381651547735,16.302939300232524,73.3401622666352,18.17561078322378,85.7752850068174
CHOLAFIN,2013.0,11.98443579766537,26.770428015564203,15.778688524590164,1.6897081413210446,3.995122234481157,7.822233606557377,83.7667324994514,453.0,0.14099188062321702,35.205479452054796,-3749.0,-12.188311688311689,4.0,13.65034965034965,16.0,15269,-3754.0,-73,100.0,,,,,,,
CHOLAFIN,2014.0,11.222933821286977,28.42329978652028,16.09094884127678,1.708132194578537,4.577153521265101,7.903366856143419,83.89806906795395,555.0,0.1522001485332343,44.310810810810814,-2530.0,-6.649456521739131,5.0,15.993006993006993,14.0,18075,-2447.0,-74,100.0,27.587548638132287,19.480519480519476,35.46511627906976,,,,
CHOLAFIN,2015.0,11.951547779273216,28.559892328398384,16.598130841121495,1.860231271995978,4.68950276243094,7.457943925233645,83.58471593765712,,0.15564772917714095,53.84057971014493,-2304.0,-5.099099099099099,6.0,18.57638888888889,11.0,19950,-2264.0,-69,100.0,13.29673681000305,20.65217391304348,13.841201716738194,,,,
CHOLAFIN,2016.0,13.64499288087328,30.042714760322735,15.66757493188011,2.0617447739252035,4.8291119926762285,6.143324250681199,80.84190899637849,440.5,0.15109899960557927,35.11666666666667,-2946.0,-4.885217391304348,7.0,23.525641025641026,12.0,22546,-2809.0,-120,100.0,13.43203230148049,29.504504504504503,19.32139491046183,17.919909166890392,23.13240895422275,,
CHOLAFIN,2017.0,15.296122709842352,28.163613123135917,16.70544439274081,2.3465585986012156,4.660180485053581,5.600511865984179,78.66854042747892,370.0,0.15340871952415192,31.293333333333333,-1690.0,-2.0445682451253484,9.0,27.55128205128205,12.0,24071,-1468.0,-150,100.0,11.390602752729006,24.869565217391298,4.423380726698256,12.702588162430374,24.956506607484098,,
CHOLAFIN,2018.0,16.51376146788991,26.101816873538407,17.912195121951218,2.078474879434872,3.3390095729013254,7.479024390243903,86.78425068490048,,0.12586320103244503,32.7,-7986.0,-8.633986928104575,12.0,32.8525641025641,11.0,38330,-7926.0,-170,100.0,18.427780144865793,27.85515320334262,9.757942511346451,14.378909594135635,27.39525047802285,16.68437656235511,24.410888861750912
CHOLAFIN,2019.0,16.840180078784467,22.960045019696118,19.281572164948454,2.0821012349973906,2.8745046235138707,8.145457474226804,87.95790572273438,1833.0,0.12363889372064707,42.56287425149701,-9328.0,-7.783625730994152,15.0,39.794871794871796,8.0,50567,-9317.0,-167,100.0,27.86472387119985,30.3921568627451,12.47415575465196,19.037636667595194,27.685653013303746,16.735030332037514,26.604536128351008
CHOLAFIN,2020.0,12.098255280073463,27.789256198347108,12.853658536585366,1.6453838708670268,3.830393165097698,6.707926829268293,85.86749508258141,,0.13600174841549845,30.784452296819786,-2129.0,-1.9686907020872866,13.0,50.0,13.0,55005,-2075.0,-283,100.0,22.56612267867193,-11.946532999164583,48.345588235294116,22.892372097966685,13.650684444854754,18.58556025181821,18.875273229313038
CHOLAFIN,2021.0,15.871856412396953,30.397579046227698,15.84375,2.0376721504742514,3.972453293331515,6.638541666666667,85.37859707411178,37.57142857142857,0.12838272332672418,42.030701754385966,-10594.0,-5.817225509533202,19.0,58.53658536585366,11.0,63730,-8848.0,-228,100.0,9.997704315886136,44.307400379506646,20.322180916976464,19.90434970135473,18.330176130931108,17.858630778154506,21.476500952977506
CHOLAFIN,2022.0,21.225857311785575,28.83326763894363,18.302319653326535,2.6116055190475036,3.614934150379284,5.87764465969921,83.86963796406314,35.61904761904762,0.12303887097165304,39.181467181467184,-3931.0,-2.586350974930362,26.0,71.76219512195122,8.0,69174,-5571.0,-259,100.0,5.895857247208602,41.61735700197238,0.4462753175420442,12.601544217953542,21.632747297226416,16.672223519677342,24.57309396155174
CHOLAFIN,2023.0,20.684570009313877,28.104625892579943,18.576606719643106,2.3453932604046575,3.241602807419609,6.786421302105117,85.6821002050569,17.431818181818183,0.113388543215961,31.970223325062033,-29253.0,-10.170731707317072,32.0,87.47560975609755,6.0,97358,-27105.0,-403,100.0,26.960977532518715,23.723305478180134,23.752563226247435,13.931622742085592,36.23400813306012,18.30709988146173,23.757322966390348
CHOLAFIN,2024.0,17.846892448990243,28.10102802275218,17.455213596692694,2.1827093677801463,3.495209907313654,6.863420609401317,85.82451527258338,19.058823529411764,0.12230192869816066,12.26039667306462,-38538.0,-10.433625730994152,41.0,116.625,5.0,134475,-35683.0,-1563,100.0,48.734864948773684,28.330206378986865,48.715824357912176,25.985530916686983,31.008346108097527,21.939164804975263,23.363417251672082
CHOLAFIN,2024.0,17.846892448990243,28.10102802275218,15.973097940311053,1.879688916980406,3.0024420977508166,7.376722245574705,86.80810134930886,19.058823529411764,0.10532303718156585,11.481725584182145,-38538.0,-10.433625730994152,41.0,127.44642857142857,5.0,157943,-35683.0,-1669,100.0,0.0,0.0,0.0,23.60262107467541,16.661297512494876,17.076337131703667,26.5427007037615
CIPLA,2013.0,18.661674115231307,73.25763981157145,17.130502272979268,13.252702007205352,60.73502904065692,0.10721809513249805,8.294733230399725,9.551020408163266,0.7101561159718648,2.2933518005540168,-665.0,0.9048543689320389,19.0,56.01863354037267,10.0,967,1398.0,-3610,100.0,,,,,,,
CIPLA,2014.0,13.80123857269242,78.89511451882434,13.968759327430105,10.477611940298507,71.03912196849,0.1241667495771565,9.313432835820896,8.49003984063745,0.7591791044776119,1.5660406403940887,298.0,1.1132478632478633,17.0,62.42857142857143,12.0,1248,1563.0,-6496,100.0,22.87715907718324,-9.126213592233013,32.333058532563896,,,,
CIPLA,2015.0,10.832966064345527,80.94314676068753,11.377522680985003,7.84301212507977,73.4404990403071,0.15765598963154973,10.867900446713465,11.085365853658537,0.7239948947032546,1.6610541727672035,223.0,0.9544344995931652,15.0,67.09316770186335,14.0,1703,1173.0,-6830,100.0,11.520692027917034,-12.46438746438746,14.41564914029405,,,,
CIPLA,2016.0,10.029006526468455,82.01595358955765,12.00833550403751,6.570383391134971,67.65163297045102,0.45168012503256055,24.713763124138914,9.302884615384615,0.6551380113069505,1.4720324508966696,-2792.0,1.2588575560375994,17.0,71.53416149068323,12.0,5202,1741.0,-9368,100.0,21.551344204495383,12.530512611879585,23.16236524011761,18.539237100104767,-3.6249613007168002,,
CIPLA,2017.0,7.190496040016674,82.65944143393081,8.250956632653061,4.959509320044084,71.43371757925073,0.3278858418367347,19.708658776175188,6.875,0.6897311802194642,1.5164348925410873,1078.0,2.301449275362319,13.0,77.91304347826087,16.0,4113,2382.0,-9492,100.0,4.379985496736771,-25.16268980477223,5.198938992042446,12.264940697368477,-9.664646717181679,,
CIPLA,2018.0,9.349432567959884,81.3473211929269,9.958535385480358,6.249724341728047,67.27233044142523,0.2880033733923677,18.074361575442154,6.960714285714285,0.668460283156177,1.52321608040201,629.0,1.0324629498941424,18.0,88.37888198757764,17.0,4098,1463.0,-9950,100.0,5.293872446852865,36.908212560386474,3.622457555891745,10.135340493175015,4.859066982791882,12.855139726348241,-1.7147666072381607
CIPLA,2019.0,9.118689646742451,81.07199608849774,9.938715694111377,6.278932749768538,68.62745098039215,0.2875033306687983,18.163454254692365,5.3584905660377355,0.6885784024913728,1.7029558701082432,3.0,1.133378016085791,19.0,93.24223602484471,16.0,4316,1691.0,-9608,100.0,7.957244655581941,5.292872265349335,7.591856598264246,5.866212045685026,2.5609923598450823,9.970821360334714,1.2232653529579363
CIPLA,2020.0,8.755545178613122,81.28648143824422,9.515955084692001,6.403961917773129,74.95156081808396,0.17864619678995114,12.022371173632754,7.3313953488372094,0.731417837168595,1.769286378188578,3182.0,2.0453333333333332,19.0,97.90683229813665,21.0,2816,3068.0,-9683,100.0,4.7060261581713725,0.536193029490617,4.9830380701093135,5.97632515203157,13.16626169531354,8.59272043765662,4.065763588348226
CIPLA,2021.0,12.468684759916492,77.80271398747391,13.036123540325221,9.611748139207403,73.28548252298313,0.10989850485648806,8.102997384832026,13.368421052631579,0.7708710521021928,2.0134510298444726,1381.0,1.571787358727501,30.0,113.82608695652173,17.0,2014,3755.0,-9516,100.0,11.837497081484937,59.266666666666666,7.044377423524351,8.127701053705326,19.018763267593442,6.798769202186472,11.552368035502859
CIPLA,2022.0,11.703349722005237,79.08376602490466,12.221102634230602,9.483561082771716,78.59980819290314,0.05066935367784655,3.931935808169192,36.282828282828284,0.8103287783445656,2.247547247753795,1468.0,1.3058500196309384,31.0,129.4472049689441,16.0,1056,3326.0,-9683,100.0,13.585594989561578,6.6136458769359585,15.455826121956129,9.975038978825479,19.5143463606968,8.6194133222254,19.734062761097903
CIPLA,2023.0,12.45110534874522,77.90621017008746,12.103216986371597,9.668941979522184,73.2146544958903,0.03430597684453369,2.74061433447099,14.781569965870307,0.7765529010238907,2.483951965065502,862.0,1.1429579950582422,35.0,145.38509316770185,24.0,803,3238.0,-9160,100.0,4.549005192298861,11.228896741264238,2.9922723839405085,9.920037285750482,23.60947783147771,8.465298065352634,14.861727803723523
CIPLA,2024.0,16.11701714906495,75.59168153953597,15.554557028383135,12.768573448498447,71.45529230543534,0.020931625851868495,1.7182553099929305,11.329710144927537,0.7922417237881536,2.6828354324971375,1152.0,0.9951853635050554,51.0,165.87577639751552,25.0,559,4134.0,-9607,100.0,13.2773700171406,46.62901517825626,9.911993681597654,10.389755935227928,20.249546582874324,9.513860126378049,22.726834848000887
CIPLA,2024.0,16.11701714906495,75.59168153953597,14.645841413108625,11.986726302120907,67.59532317940533,0.01625356979162994,1.3302553744048478,11.329710144927537,0.7437310633386236,2.492167859214852,1152.0,0.9951853635050554,51.0,175.08024691358025,25.0,461,4134.0,-10342,100.0,0.0,0.0,0.0,5.800492021432446,17.709771256251106,8.511246328992318,22.595646055412686
COALINDIA,2013.0,25.41030408620412,73.51946473800565,35.80623865324311,15.638431111071066,100.88193342306688,0.026922759531275788,1.1758557616932321,3.8540904936014626,0.6154365983979528,5.0722560522798155,7276.0,0.5248329108089421,27.0,7.674477517416086,51.0,1305,9109.0,-13466,100.0,,,,,,,
COALINDIA,2014.0,21.402673917969636,74.83854520734195,35.63814734459013,14.400884331700622,124.0946878962942,0.0041977171964908975,0.16962396843850655,4.191519040312456,0.6728544473879815,4.775974025974026,23105.0,0.9611566966649021,24.0,6.713742875237492,121.0,178,14525.0,-14784,100.0,3.3746687553987353,-12.929246370131365,5.229408953321646,,,,
COALINDIA,2015.0,18.519967620075555,76.60145709660011,34.01729735087849,12.336991201344514,139.28904371718758,0.010110772433276337,0.36668554018711746,4.285235920852359,0.6661453980065968,4.599441514117282,15276.0,1.0477161797916514,22.0,6.389012032932236,95.0,408,14382.0,-16115,100.0,4.973940629956952,-9.164902064584435,7.446727981529833,,,,
COALINDIA,2016.0,18.323679377351947,75.96486045645446,40.95828668216921,12.563402606551602,164.15130994671404,0.034421382022794475,1.0558295174357168,4.610035359488129,0.6856375484325467,3.5259940222805906,21308.0,0.9219878040232705,23.0,5.51504116529449,121.0,1199,13154.0,-22082,100.0,5.047220723151646,3.9338529904567654,4.174225478626914,4.4624160180822825,-6.324143365636392,,
COALINDIA,2017.0,11.872473261347935,84.0745100046057,37.84974304592544,7.8254783407962085,238.6808557004322,0.12293009217717596,2.541593935254286,3.717456734386757,0.6591278976616324,3.282684473562639,16916.0,1.7738146551724139,15.0,3.9500563879490898,133.0,3014,16461.0,-23811,100.0,0.38915503268646123,-34.95479077591646,11.106226858505085,3.4469336619301405,-15.002005832053067,,
COALINDIA,2018.0,8.25629956360565,89.10421847871991,34.87957181088314,5.60926429214719,349.75364921490075,0.07622162751511548,1.2257812562265384,3.164824120603015,0.6793920507527635,3.091462972365272,13368.0,3.000142085819835,11.0,3.250845819236346,146.0,1538,21115.0,-27574,100.0,9.057878307149082,-24.159482758620687,15.58220220342077,4.771413528224211,-19.962924836338193,4.530928548191615,-16.516639196869278
COALINDIA,2019.0,17.536601530335588,74.88904062820076,66.01398601398601,13.128754106494464,260.1744287458573,0.08353808353808354,1.6613918103156644,5.649811450119986,0.7486487096022433,3.0530995156048806,8460.0,0.9365551992670637,28.0,4.292552328411488,46.0,2210,16356.0,-32618,100.0,16.824644549763022,148.13867576015915,-1.8128916741271262,8.549069216250338,6.972058661920855,7.119583581673816,2.935304969734065
COALINDIA,2020.0,17.38134887593672,77.53955037468776,51.93270516528283,11.131849086788428,193.05519564654054,0.20008085331343098,4.288761498466871,4.735412787088765,0.64044794027463,2.612005219660722,6010.0,0.2980239520958084,27.0,5.217751095245822,44.0,6434,4977.0,-36784,100.0,-3.520575181250374,-4.374713696747589,-0.10592794218211576,7.121194326442315,21.634329363018388,5.326952047804134,3.9987615210192784
COALINDIA,2021.0,14.109257325661476,79.3081998533757,34.78284681526918,7.886942645497388,168.3835668128862,0.16112602004490936,3.653501064880069,5.812667022982362,0.5589906302972351,2.1230043626930786,10774.0,0.8338844276491891,21.0,5.925361025474606,78.0,5884,10592.0,-42405,100.0,-6.300999167360533,-23.94011976047904,-4.163758389261741,1.8360106747155491,21.751489196568773,2.9460281504197328,-2.297002167365203
COALINDIA,2022.0,15.839219796746114,77.46889668687052,40.27999907285075,9.684790120154261,182.17378257887518,0.08145006142363767,1.9583584119128825,7.108639420589757,0.6114436344992086,2.350515243053324,15392.0,2.365462078490045,28.0,7.0003245172805455,60.0,3514,41107.0,-46677,100.0,21.870348565969834,36.81310029916549,19.043950810947074,3.2815086004676752,-0.16441738063914801,7.016771822811507,13.367968233078154
COALINDIA,2023.0,22.94578016954547,68.00624945751237,52.13911214108443,14.328623823375308,144.25998097400804,0.07118320924346268,1.95622323799888,7.596798780487805,0.6244557263907207,2.141881109888918,12269.0,1.1264382309365444,52.0,9.872302450105469,47.0,4331,35734.0,-64547,100.0,26.010117121633325,82.5468983772586,10.618271663038993,12.896239497965745,23.84712426047706,10.154316600646451,35.14033704685049
COALINDIA,2024.0,26.25628846856468,66.29380849329698,45.16982956605826,15.802850255846407,105.7129732333927,0.0788468512027076,2.758489448978729,6.813839923773226,0.6018691588785047,1.880900777078818,13617.0,0.48443897348069254,61.0,13.423657309751745,42.0,6523,18103.0,-75668,100.0,2.9453461794404445,17.79781231283295,0.3531163582216612,16.493956528516662,43.28908935217686,7.402890725901301,16.43231987118112
COALINDIA,2024.0,26.25628846856468,66.29380849329698,38.84632576899488,14.986024165961526,90.71086584498241,0.0812499350291589,3.134436695687744,6.813839923773226,0.5707594271712672,1.7015853279452906,13617.0,0.48443897348069254,61.0,15.608794418302775,42.0,7816,18103.0,-83642,100.0,0.0,0.0,0.0,9.061310313700632,29.073541932150636,8.175529415239824,17.47866455538918
DABUR,2013.0,12.47557003257329,16.156351791530945,36.563245823389025,16.266723295816522,30.55127810286418,0.5494033412887828,24.44255680611595,17.06779661016949,1.3038861754087916,3.8811630847029077,248.0,1.1357702349869452,4.0,12.040229885057471,34.0,1151,870.0,-1582,100.0,,,,,,,
DABUR,2014.0,12.978180787758573,16.463587418532164,34.48795180722892,17.24397590361446,34.54221165279429,0.26656626506024095,13.328313253012048,22.037037037037038,1.3286897590361446,3.994340690435767,994.0,1.1986899563318778,5.0,15.264367816091953,33.0,708,1098.0,-1767,100.0,14.951140065146573,19.582245430809397,17.13709677419355,,,,
DABUR,2015.0,13.701090442591404,16.93393200769724,31.84257602862254,17.490992466426466,32.29752874969415,0.21884317233154443,12.02096298722568,33.975,1.2766131673763512,4.152903569525839,171.0,0.9803370786516854,6.0,19.056818181818183,33.0,734,1047.0,-1877,100.0,10.442051572683475,16.59388646288209,13.597246127366613,,,,
DABUR,2016.0,16.118251928020566,19.511568123393317,30.064732678014867,18.09001731102135,30.5064308681672,0.19299928074802206,11.612810155799194,33.375,1.122331217541835,4.6670665866826635,457.0,0.9465709728867624,7.0,23.698863636363637,32.0,805,1187.0,-1667,100.0,-0.19243104554201862,17.41573033707866,14.999999999999991,8.210750375643494,17.857237047762297,,
DABUR,2017.0,16.811137378513266,19.858156028368796,26.408087476789767,16.554578375581997,25.97045688766747,0.20115535382710956,12.609932747025349,30.833333333333332,0.9847387480600104,3.888661899897855,420.0,0.95859375,7.0,27.539772727272727,31.0,975,1227.0,-1958,100.0,-2.1336760925449894,2.0733652312599604,-0.39525691699604515,2.5597781682390686,11.799063419577216,,
DABUR,2018.0,17.586117586117584,20.94017094017094,23.79950928846828,15.605607906228453,24.337748344370862,0.16438836312653346,10.779131234199035,32.943396226415096,0.8873822109859802,3.8076923076923075,551.0,0.8041237113402062,8.0,32.42045454545455,81.0,938,1092.0,-2028,100.0,1.4184397163120588,6.093750000000009,6.944444444444442,-0.3131454957696178,8.336842147135126,4.691708009656703,12.133195884079996
DABUR,2019.0,16.981796829125074,20.434527304756312,25.67471590909091,17.13879340997985,27.483809824672246,0.12411221590909091,8.284935403579471,29.75,1.0092449922958397,4.324530218384967,1837.0,1.0366528354080222,8.0,31.819209039548024,34.0,699,1499.0,-1969,100.0,10.269360269360273,6.480117820324005,7.606679035250474,3.0548301312460113,4.863315657703393,3.8246796218349033,9.560640840459556
DABUR,2020.0,16.672423719055843,20.63327576280944,21.91946715107478,15.50819320981043,25.140291806958476,0.07901907356948229,5.590660811823926,35.56,0.9301702902431188,3.8548601864181093,1097.0,1.1146408839779005,8.0,37.32203389830509,37.0,522,1614.0,-2253,100.0,1.996476805637104,0.13831258644536604,2.9885057471264354,4.48460777800721,4.196435936023768,2.185845018699095,6.277042883206563
DABUR,2021.0,17.72641706755909,20.937042459736457,22.116388308977037,15.646635281085572,24.498286833088596,0.06641440501043841,4.69860611095726,67.3225806451613,0.8826733130250162,4.263040570664289,711.0,1.247787610619469,10.0,43.29943502824859,50.0,509,2115.0,-2243,100.0,10.097869890616007,17.058011049723753,11.71875,7.3840173521868335,7.6688259790842705,4.21106361296264,6.2122070007714525
DABUR,2022.0,15.997795940857745,20.681421618146754,20.782629444046766,14.181048518397915,23.926901827454312,0.12288236697685516,8.384890915011397,59.17948717948718,0.8864376424617388,4.71793760831889,529.0,1.034443168771527,10.0,47.355932203389834,53.0,1030,1802.0,-2308,100.0,13.877849822212918,2.7728613569321547,12.487512487512497,8.542823643602704,6.404489534023128,7.417496175488059,6.357381418513053
DABUR,2023.0,14.752818733738074,18.751084128360798,18.956870611835505,12.459712862584237,21.306790184290925,0.13083695531037556,8.599472604746557,29.44871794871795,0.8445648989159098,3.221570271025426,905.0,0.8747795414462081,10.0,50.69491525423729,54.0,1174,1488.0,-3579,100.0,5.886674625769128,-2.3536165327210146,-3.9964476021314366,9.905601684338405,5.514444595179802,8.347751250887736,4.6070388976750865
DABUR,2024.0,14.600128990648178,19.348597226701063,18.355969997972835,11.980682720296375,21.369423915946932,0.13835394283397526,9.030166710770045,20.024193548387096,0.8205874569992061,3.251376146788991,1042.0,1.1115405853119824,10.0,55.740112994350284,53.0,1365,2013.0,-3815,100.0,7.580225498699056,6.466784244562018,11.008325624421822,9.061384362071356,2.231072252692079,7.814065037783324,4.604418961155621
DABUR,2024.0,14.600128990648178,19.348597226701063,17.477320980505695,11.06089293348806,19.811788013868252,0.1690793283149971,10.700543577841568,20.024193548387096,0.7575887131252672,3.2018585441404235,1042.0,1.1115405853119824,10.0,58.54237288135593,53.0,1752,2013.0,-3874,100.0,0.0,0.0,0.0,4.437849336074584,1.3032627456117885,7.388651021147452,4.575506734802448
DIVISLAB,2013.0,28.065268065268068,38.04195804195804,24.070371851259495,19.17808219178082,32.202052091554854,0.013194722111155539,1.0512902198152279,261.3333333333333,0.6833386428798981,2.3597359735973598,225.0,0.7973421926910299,23.0,92.62962962962963,33.0,33,480.0,-909,100.0,,,,,,,
DIVISLAB,2014.0,30.529225908372826,40.20537124802528,26.07962213225371,20.835579514824797,34.14961422341496,0.006072874493927126,0.48517520215633425,331.3333333333333,0.6824797843665769,2.072013093289689,252.0,0.720569210866753,29.0,109.77777777777777,34.0,18,557.0,-1222,100.0,18.04195804195805,28.405315614617944,24.754901960784316,,,,
DIVISLAB,2015.0,27.351524879614768,37.65650080256822,24.37070938215103,19.3416572077185,33.30494037478705,0.007723112128146453,0.6129398410896708,358.3333333333333,0.7071509648127128,2.379679144385027,305.0,0.9694835680751174,32.0,129.4814814814815,31.0,27,826.0,-1309,100.0,23.02527646129542,10.219922380336355,15.225933202357567,,,,
DIVISLAB,2016.0,29.81991525423729,37.6853813559322,26.22874446773818,22.988975091874234,32.81826568265683,0.009783368273934312,0.8574928542262148,279.6,0.7709269089424254,2.6240444753300904,632.0,0.9218472468916519,42.0,81.0,24.0,42,1038.0,-1439,100.0,21.219903691813812,32.15962441314555,21.312872975277063,20.744742509307112,23.21038077884925,,
DIVISLAB,2017.0,26.08267716535433,35.67913385826771,19.787194325182007,17.221770917952885,26.88670498794734,0.006720179204778794,0.5848903330625508,466.0,0.6602761982128351,2.6067992302758176,10.0,1.0849056603773586,40.0,101.0754716981132,25.0,36,1150.0,-1559,100.0,7.6271186440677985,-5.861456483126116,1.8973998594518537,17.083761391523545,11.09865223726969,,
DIVISLAB,2018.0,22.539193009509123,32.61372397841172,14.801687763713081,12.92557111274871,21.19238476953908,0.010632911392405063,0.9285187914517318,616.5,0.5734708916728076,1.9493987975951903,298.0,0.8848346636259977,33.0,111.79245283018868,30.0,63,776.0,-1996,100.0,-4.256889763779526,-17.264150943396228,-12.48275862068966,7.696368677144871,0.9686771151561135,12.648856319282388,7.815355794198564
DIVISLAB,2019.0,27.355438738374442,37.88920339668419,19.448037947391118,16.83673469387755,26.532634857709187,0.015236452493891045,1.3190642110502737,372.0,0.6154803384768541,2.3687739463601534,269.0,0.70509977827051,51.0,131.26415094339623,31.0,106,954.0,-2088,100.0,27.113852480082244,54.27594070695554,47.675334909377455,9.414288894577583,6.313023305687548,14.32944154477973,11.846825067452894
DIVISLAB,2020.0,25.528364849833146,33.852428624397476,18.83720930232558,16.14113234087446,24.850299401197603,0.00533515731874145,0.45715625366311097,260.85714285714283,0.6322822646817489,1.9388928828181164,1133.0,0.8830791575889615,52.0,137.9245283018868,31.0,39,1216.0,-2782,100.0,9.057824504650224,1.7738359201773912,-2.5613660618996836,9.896977358448078,9.112881508973846,11.60677996581516,10.077578947240639
DIVISLAB,2021.0,28.46893384990673,41.13933132443679,21.34480903711673,18.419831027759727,30.827956989247312,0.0005379236148466917,0.046420945130442856,1334.0,0.6470151332281125,1.8814794816414686,2022.0,0.9813508064516129,75.0,175.37735849056602,27.0,5,1947.0,-3704,100.0,29.199110122358185,44.081336238198986,57.00985761226725,21.44223311901159,31.274596324094418,13.038840944248363,11.995521268019417
DIVISLAB,2022.0,33.035714285714285,43.359375,25.2387448840382,22.15568862275449,33.1145584725537,0.00034106412005457026,0.029940119760479042,1843.0,0.6706586826347305,2.0716763005780345,-283.0,0.6459459459459459,112.0,221.28301886792454,27.0,4,1912.0,-4325,100.0,28.569378676998134,49.193548387096776,35.50749912800837,21.904002708703963,29.816921151635988,17.130733265194962,22.799661357049537
DIVISLAB,2023.0,23.483970645036695,30.513711857860176,14.286833241951907,12.64471403812825,18.557669720460417,0.0003133077465340331,0.027729636048526865,1185.5,0.5384402079722703,1.644853875476493,-248.0,1.3481359649122806,69.0,240.88679245283018,44.0,4,2459.0,-4722,100.0,-13.314732142857144,-38.37837837837837,-38.996138996138995,12.922578841015287,9.823925927162346,14.82551842034332,15.772403111787137
DIVISLAB,2024.0,20.395156150414277,28.170809432759718,11.78984599513669,10.34928848641656,16.281125681449833,0.0002210596124088129,0.019404915912031046,541.75,0.5074385510996119,1.6554125342899346,992.0,0.788125,60.0,256.0566037735849,50.0,3,1261.0,-4739,100.0,1.0042487446890735,-12.28070175438597,-6.751054852320671,4.025743333608478,-6.919343378939391,9.664930361854074,3.4104521925080844
DIVISLAB,2024.0,20.395156150414277,28.170809432759718,11.66435809579354,10.265622994995509,16.10200364298725,0.000583217904789677,0.05132811497497754,541.75,0.5033363274733735,1.68419922713611,992.0,0.788125,60.0,258.811320754717,50.0,8,1261.0,-4658,100.0,0.0,0.0,0.0,-4.333112155319174,-18.540309215782912,7.779558725465652,3.047440326619233
DLF,2013.0,8.580985462498392,33.87366525151164,2.5924054568774535,1.031757080761675,5.031626822603146,1.0338528508686695,41.1465342552632,1.3465859982713915,0.1202375980323913,0.3916066300569298,4004.0,3.0119940029985006,4.0,75.6735294117647,48.0,26600,2009.0,-19849,100.0,,,,,,,
DLF,2014.0,7.1101470233791275,30.04338394793926,2.1536776784084686,0.9143742735373886,4.8381462505822075,0.8809271764920606,37.4010073614878,1.2030044660982542,0.12860131731886865,0.4405627820546854,5392.0,2.488135593220339,4.0,76.95224719101124,55.0,24133,1468.0,-18835,100.0,6.75414897722888,-11.544227886056968,-5.317128750474742,,,,
DLF,2015.0,6.628317427114655,39.40384363969146,1.8524608133289489,0.7651444266698862,5.811352768779885,0.8949906828894004,36.96688901632912,1.2899305555555556,0.11543569466662643,0.3898771598960192,2135.0,4.017751479289941,3.0,76.87921348314607,66.0,24495,2037.0,-19619,100.0,-7.82116172571704,-14.067796610169491,20.89851584436422,,,,
DLF,2016.0,3.07273826314729,39.955671972597216,1.2671901616186798,0.4940951578674529,8.039243508402084,1.049648926004404,40.92727891266665,1.3828358208955225,0.1607996241636832,2.517372558965255,2139.0,9.695081967213115,2.0,67.4201680672269,117.0,25264,2957.0,-3943,100.0,29.76859720224867,-39.84220907297831,31.58593231585933,8.491371914570411,-22.958510900340766,,
DLF,2017.0,8.612090986497993,41.9170417224182,2.881211085337566,1.1070456890890328,6.408182240818223,1.1883774874862654,45.66094380335867,1.3456375838926173,0.12854551709040873,0.33364448051948054,-26.0,-1.268361581920904,4.0,68.83193277310924,50.0,29202,-898.0,-24640,100.0,-17.177110618577473,132.13114754098362,-13.11144730206757,-0.3102731794761948,6.265856918261115,,
DLF,2018.0,66.75115550916952,35.455494259728646,12.678768655659708,7.3896178922175455,4.503617287223969,0.49534139503270935,28.870182388379963,3.9193493730938664,0.11070396962944623,0.829868844345459,-1832.0,0.060308242126423946,25.0,98.91036414565826,8.0,17491,270.0,-8082,100.0,-18.4162510643474,532.3446327683616,-30.992455020313404,-4.286202275682516,106.69329011366662,-2.906998321107812,46.343100538026775
DLF,2019.0,15.706430791298112,25.67535261773847,3.913509649749821,1.9764451062677677,4.228429693497904,0.5129258994519895,25.90436652978957,1.3132880698351115,0.12583668005354753,1.323315406516925,2046.0,1.5547945205479452,6.0,76.1360544217687,33.0,17222,2043.0,-6322,100.0,24.735351125689586,-70.64998883180702,-9.671993271656854,-5.54001698972777,62.71659286874707,0.16336031000119267,17.367720732531254
DLF,2020.0,-9.699161597895776,18.839388459641622,-1.7127761488663744,-1.0556450169976739,2.693365296481703,0.23523093447905477,14.498121309715511,1.45760336370007,0.10883879048130256,1.1727395411605939,6864.0,-0.6033898305084746,-2.0,69.58989898989898,-85.0,8103,356.0,-5187,100.0,-27.289027014104704,-144.90106544901064,-46.648044692737436,-9.552259364271675,,-4.478170646145219,
DLF,2021.0,20.003694126339123,27.133357960842257,3.0641693073789047,2.024753215674544,3.478569737153682,0.19482797645993663,12.873915644630571,1.9847596717467761,0.10121896500149566,1.1149093904448106,1610.0,1.348107109879963,4.0,71.4020202020202,45.0,6886,1460.0,-4856,100.0,-10.997862896597077,-283.5593220338983,28.184991273996516,-6.889931026027241,-37.69152518358227,-11.417323931344514,28.844452220918914
DLF,2022.0,26.237537169844323,30.488018191359107,4.125185633353501,2.931576992983759,4.2990331491712706,0.1150101754578956,8.173236656438721,2.864,0.111732171125921,1.1758535582064993,3099.0,1.888,6.0,73.45858585858586,49.0,4182,2832.0,-4862,100.0,5.596601403768009,38.50415512465375,18.65214431586113,-11.918755127707092,4.5117928562375065,-7.007331825655971,16.20146415822752
DLF,2023.0,35.71553994732221,30.307287093942055,5.397086528511158,3.8689796850034237,4.207600984861413,0.08846551861384562,6.3417788937076764,4.831632653061225,0.10832762687362094,1.1901776384535006,1914.0,1.1676499508357916,8.0,76.13535353535353,49.0,3334,2375.0,-4785,100.0,-0.3848172118243842,35.60000000000001,-0.9753298909925379,-2.1730221138701267,,-3.2183360878788925,-14.597069972489107
DLF,2024.0,42.38369379181578,33.04807841916913,6.908270142781061,4.611555976908361,4.7983734327346665,0.12259389820192235,8.183649630093619,7.042134831460674,0.10880495691479457,1.6564432989690723,1010.0,0.9320851688693098,11.0,79.65858585858585,45.0,4834,2539.0,-3880,100.0,12.853380158033367,33.92330383480826,23.059096176129778,5.883921200220743,35.99602527786225,-5.136730668466605,15.697066513836644
DLF,2024.0,42.38369379181578,33.04807841916913,6.771571332687001,4.352897937007622,4.7712109980456905,0.1066447908121411,6.85533485674108,7.042134831460674,0.10270218443886928,1.6754431699687173,1010.0,0.9320851688693098,11.0,81.26666666666667,45.0,4290,2539.0,-3836,100.0,0.0,0.0,0.0,3.9792552703481032,22.003404007861228,1.1062718492996115,
DMART,2013.0,2.8135288835677943,6.435199042202933,11.913814955640051,6.3002680965147455,16.337386018237083,0.6666666666666666,35.25469168900804,4.27906976744186,2.2392761394101877,3.611891891891892,-104.0,1.351063829787234,2.0,1.4503676470588236,0.0,526,127.0,-925,100.0,,,,,,,
DMART,2014.0,3.4357661118224496,7.276995305164319,16.84100418410042,8.904867256637168,21.35253600500939,0.6705020920502092,35.45353982300885,5.375,2.5918141592920354,3.9982935153583616,-72.0,1.2298136645962734,3.0,1.7477148080438756,0.0,641,198.0,-1172,100.0,40.25740796168811,71.27659574468086,58.6046511627907,,,,
DMART,2015.0,3.292436713775431,7.081845006988663,17.666666666666668,9.00212314225053,21.673003802281368,0.7533333333333333,38.38641188959661,5.486111111111111,2.7341825902335457,4.2140052356020945,-252.0,1.0471698113207548,4.0,2.1352313167259784,0.0,904,222.0,-1528,100.0,37.40930431071276,31.677018633540378,33.724340175953074,,,,
DMART,2016.0,3.727865796831314,7.735321528424977,21.038790269559502,10.31592520954223,24.474751197935866,0.7836949375410914,38.42682140554481,6.406593406593407,2.7672469374597033,4.099331423113658,-200.0,1.353125,6.0,2.706405693950178,0.0,1192,433.0,-2094,100.0,33.31262618419009,50.9433962264151,45.61403508771931,36.96336299080871,50.43216582443817,,
DMART,2017.0,4.025886703647672,8.144225920322743,12.467464862051015,8.23165492352638,18.14946619217082,0.3896408120770432,25.726069771438393,7.122950819672131,2.044681216703901,4.615205585725368,-2027.0,0.9498956158663883,8.0,6.157051282051282,0.0,1497,455.0,-2578,100.0,38.60671015843429,49.68749999999999,45.93373493975903,36.42393122470193,43.82571635300643,,
DMART,2018.0,5.361537949843678,9.000199560965875,17.262797172842152,14.270538243626063,26.487862176977288,0.09402441636324695,7.772662889518414,21.366666666666667,2.6616501416430594,4.4214705882352945,1194.0,0.9057071960297767,13.0,7.482371794871795,0.0,439,730.0,-3400,100.0,26.348966212808868,68.26722338204594,39.62848297213621,32.66073855395801,56.074898184791344,35.09330802455233,53.68852326384979
DMART,2019.0,4.508872781804548,8.162959260184955,16.144621442634687,12.874678846702825,25.970101781170484,0.12529085376767496,9.991435912075364,31.25531914893617,2.8554096488723952,4.546590909090909,-151.0,0.8946784922394678,14.0,8.95352564102564,0.0,700,807.0,-4400,100.0,33.07390407769573,11.910669975186106,20.694752402069483,32.58150631646293,41.25988653487156,33.68025160547021,41.148456152684474
DMART,2020.0,5.231202251708886,8.556493767591476,11.74187725631769,10.77343491222259,18.645404363445195,0.030054151624548737,2.757535607817158,26.28985507246377,2.0594567737661476,4.18123739071957,-3377.0,0.9838585703305149,20.0,17.098765432098766,0.0,333,1280.0,-5948,100.0,24.31892026993252,44.2350332594235,30.312308634415185,27.85977628773606,39.52346751429516,31.03022055295439,43.743523788454674
DMART,2021.0,4.5520440707451435,7.227767883030278,9.020026263952726,8.048333943610398,13.875636132315522,0.032255416940249505,2.8780666422555843,36.30952380952381,1.7680703039179788,3.4445712655157656,265.0,1.2511373976342128,17.0,18.80246913580247,0.0,393,1375.0,-7009,100.0,-2.9232006433453916,-15.526518063028439,-17.998120300751875,17.106731277796293,10.888765910796415,22.975983661653455,27.98808551972234
DMART,2022.0,4.8166322314049586,8.077221074380166,10.908027489399034,9.64384978346584,17.465968586387433,0.04730223716917678,4.182017969103484,39.22222222222222,2.0021976601383233,3.3451403887688986,83.0,0.9195710455764075,23.0,21.108024691358025,0.0,647,1372.0,-9260,100.0,28.302199395269856,35.75978161965423,43.381088825214896,15.689939325502644,18.264416994434573,21.09055625089784,25.512408056240243
DMART,2023.0,5.550887021475257,8.494397759103641,14.790396815524318,13.134493233913282,21.761750986724078,0.039992536385122526,3.551505109085888,46.67164179104478,2.3661971830985915,3.7777777777777777,317.0,1.1059714045416316,37.0,24.811728395061728,0.0,643,2630.0,-11340,100.0,38.30061983471074,59.3833780160858,45.44364508393286,19.873879018861153,22.267636716311422,23.29934256671533,24.158186842927876
DMART,2024.0,4.993207190533383,8.084427730414067,13.56294790886726,11.978084262233137,21.28564022809746,0.031661140228901485,2.796145853013414,60.672413793103445,2.398875873795579,3.785985836749907,278.0,1.082807570977918,39.0,28.721966205837173,0.0,592,2746.0,-13415,100.0,18.555088702147525,6.644238856181661,12.833195932948605,28.132551951927297,32.144934169439935,20.48312440202782,22.96698996520703
DMART,2024.0,4.993207190533383,8.084427730414067,12.59310755785083,11.006944444444445,19.69210109826867,0.03540570066540868,3.094618055555556,60.672413793103445,2.2043836805555554,3.492573236143584,278.0,1.082807570977918,39.0,30.93394777265745,0.0,713,2746.0,-14542,100.0,0.0,0.0,0.0,17.918363173714646,19.342044967131102,15.350312477356187,14.281094354455725
DRREDDY,2013.0,12.904588861658075,22.555564945491422,23.97550635892605,11.41255605381166,26.55457168440951,0.5781127335531481,27.518684603886395,22.65,0.8843796711509716,2.9210071587262405,-59.0,0.9024230517354289,18.0,74.92941176470588,17.0,3682,1378.0,-4051,100.0,,,,,,,
DRREDDY,2014.0,14.632873648900485,24.23406634364517,24.958677685950413,12.341254872375204,26.338815522968485,0.5692307692307692,28.146611341632088,21.834645669291337,0.84339243052936,2.8905408317173023,366.0,1.0035659704533877,23.0,92.52941176470588,16.0,4477,1970.0,-4641,100.0,13.3693906870616,28.55271774721677,21.80591982015736,,,,
DRREDDY,2015.0,15.549490780802769,23.35086201158224,23.708515173043743,12.656444709324374,24.761770311286792,0.4378361920227342,23.37324592295606,27.85185185185185,0.8139459283740587,2.7939371396689605,154.0,1.0804794520547945,27.0,115.91764705882353,15.0,4314,2524.0,-5377,100.0,11.986582184122252,19.00152827305146,7.905259920024599,,,,
DRREDDY,2016.0,13.688335046248715,23.028006166495373,16.95441164770467,10.482046237088047,22.51601557593267,0.2666878828864667,16.4879488440728,35.44578313253012,0.7657648794884407,2.3720859363096145,1653.0,1.5312060065696855,25.0,147.87058823529412,16.0,3352,3263.0,-6563,100.0,3.6277707515143476,-8.775684931506845,2.194982896237163,9.575296075369511,11.750155867638812,,
DRREDDY,2017.0,9.101155255001409,17.413355874894336,10.536617191322787,5.966565068809458,14.388824214202561,0.4010764964932311,22.71173917059204,20.670886075949365,0.655583264062067,2.048189294474102,254.0,1.6594427244582044,16.0,147.73493975903614,26.0,4918,2144.0,-6931,100.0,-8.812949640287771,-39.37118723603942,-31.046025104602514,1.904126632236025,-13.014391739579755,,
DRREDDY,2018.0,6.631188292136406,16.462432602758913,7.532612153993,4.237326054857041,13.325398174913564,0.40335666560610883,22.690053246230256,18.088607594936708,0.6389995078079556,2.04951205510907,320.0,1.903907074973601,11.0,151.46987951807228,35.0,5071,1803.0,-6968,100.0,0.5987602141448223,-26.702786377708975,-4.894822006472488,-1.6742387845302686,-25.989663264240658,3.8323661555037525,-9.112912118854366
DRREDDY,2019.0,12.622993267736923,20.572242361470742,13.904734740444951,8.698367383352663,17.792956721348187,0.27367370222475756,17.120171290926933,27.247191011235955,0.6890891248104202,2.1482408566263387,2101.0,1.471794871794872,23.0,168.96385542168676,17.0,3838,2870.0,-7191,100.0,8.171696659897766,105.91341077085534,35.176520629519345,-0.257600316734774,-2.9153906988907297,2.862320330843815,-0.13280259357866253
DRREDDY,2020.0,11.565907404235885,14.140549180795798,12.988012052054618,8.724109718813246,13.908697849401989,0.14167574844541317,9.516427679455711,20.244897959183675,0.7542953106833742,2.557226277372263,2489.0,1.472852912142152,24.0,187.93975903614458,21.0,2210,2984.0,-6850,100.0,13.39331952356293,3.897435897435897,-22.057898049087477,7.258383263798773,16.178467237193452,3.119455830493445,-2.80737305050921
DRREDDY,2021.0,10.247795044099119,20.338093238135237,11.06513236211099,7.341657890777794,18.73941856527838,0.17181565670880336,11.399879644952609,30.7319587628866,0.7164134195877839,2.321228369485742,1315.0,1.8288934426229508,23.0,212.5421686746988,21.0,3031,3570.0,-8206,100.0,8.740081064109152,-3.6525172754195423,56.39886960032297,10.077085198088831,27.265282177488626,4.117399386622145,-1.7394314441348757
DRREDDY,2022.0,10.127639823624971,17.488976560686933,11.35748490526754,7.335440059167619,16.674779838031597,0.17613991255465333,11.376319505143549,32.885416666666664,0.7242990654205608,2.6526717557251906,246.0,1.2882676443629697,26.0,231.46987951807228,23.0,3384,2811.0,-8122,100.0,13.10898782024359,11.7827868852459,-2.7361899845121274,11.72698497788347,3.8181721474059183,8.70164128647819,11.049970245016972
DRREDDY,2023.0,18.269152817186868,26.22618565058776,19.35497723954307,13.992983327641342,26.265578695246216,0.05784591600103066,4.182060914651185,43.29370629370629,0.7659349871154025,2.6759952272480745,1779.0,1.3064122476148214,54.0,280.5542168674699,15.0,1347,5888.0,-9219,100.0,14.504525411928526,106.55362053162239,71.70912951167728,12.090758120925527,30.541732548171186,11.553218790860885,36.6178718301797
DRREDDY,2024.0,19.913605369319196,28.321016743422227,19.74233736816026,14.383702939659617,26.21872624516641,0.07085722375592836,5.162454873646209,43.111111111111114,0.7223053120165034,2.686648762708613,509.0,0.8144496235209753,67.0,340.4096385542169,12.0,2002,4543.0,-10426,100.0,13.542764491284952,23.763035278455735,22.612055641421946,13.71726615103832,41.90561020689674,12.639644349571988,23.392504645437473
DRREDDY,2024.0,19.913605369319196,28.321016743422227,18.140427330970113,11.937168293100497,22.28183018284976,0.15785879215584248,10.387776065742168,43.111111111111114,0.5994478685156651,1.6234496348672771,509.0,0.8144496235209753,67.0,370.4698795180723,12.0,4854,4543.0,-17254,100.0,0.0,0.0,0.0,9.142535416846599,36.733392076181914,9.843351815274936,22.452544447517788
EICHERMOT,2012.0,7.433489827856025,8.607198748043817,27.065527065527068,10.624021471706554,30.951041080472706,0.013105413105413105,0.5144263028405278,151.0,1.4292104674569448,6.441532258064516,-277.0,1.0442105263157895,12.0,65.0,17.0,23,496.0,-992,100.0,,,,,,,
EICHERMOT,2013.0,7.709251101321586,10.499265785609397,25.547445255474454,9.83698707138842,33.41121495327103,0.040875912408759124,1.5739179314221474,84.875,1.2759977515458123,4.11231884057971,-74.0,1.3638095238095238,15.0,76.11111111111111,21.0,84,716.0,-1656,100.0,6.572769953051649,10.526315789473696,30.000000000000004,,,,
EICHERMOT,2014.0,8.033875028610666,12.794689860379949,27.90143084260731,10.963610807434016,43.43434343434344,0.023052464228934817,0.9058253943464002,100.3,1.3646728096204903,3.7843222174101343,-167.0,1.4914529914529915,23.0,93.18518518518519,22.0,58,1047.0,-2309,100.0,28.311306901615275,33.71428571428572,56.363636363636374,,,,
EICHERMOT,2016.0,21.675036449052325,27.37728819050705,36.627429509991785,27.090504150637777,45.97388465723613,0.006296194908294552,0.46568131200647905,939.5,1.2498481473982588,7.813924050632911,462.0,1.093423019431988,49.0,135.2962962962963,20.0,23,1463.0,-790,100.0,-29.354543373769737,90.59829059829059,51.162790697674424,-1.14503812816652,41.22800835915517,,
EICHERMOT,2017.0,23.702545144319636,30.911417602729983,31.18802619270346,23.783706662862034,39.83873923401136,0.02095416276894294,1.5979454986445998,609.25,1.003424168925667,8.056128293241695,-36.0,1.0245950809838031,61.0,197.96296296296296,16.0,112,1708.0,-873,100.0,13.931637777417794,24.588938714499253,28.639053254437876,1.0798297668932255,46.98017680828972,,
EICHERMOT,2018.0,21.862799776910204,31.3329615170106,27.880512091038405,20.583910943079182,39.117114607993315,0.021479374110953058,1.5858013022474269,624.2,0.9415038857382902,5.968708388814913,337.0,1.2663265306122449,72.0,260.3703703703704,15.0,151,2482.0,-1502,100.0,27.470496232048912,17.576484703059393,29.208831646734133,0.8585571927693936,40.81199549720458,7.006432954159858,32.77383282227619
EICHERMOT,2019.0,22.486475451668877,29.641727059303868,24.702848172235928,19.34662334240801,31.891060839007245,0.020968827091276072,1.64222358830245,472.0,0.8603670852726794,5.225066666666667,915.0,0.7149341806627326,81.0,330.2962962962963,15.0,187,1575.0,-1875,100.0,9.280535415504731,12.397959183673478,3.3819864720541215,16.644861117382746,18.082660038665654,7.5447462586168745,33.220493693612575
EICHERMOT,2020.0,19.958488092637097,23.847498361372075,18.30477908025248,14.674698795180724,21.339198435972627,0.024947400060114217,2.0,124.94736842105263,0.7352610441767068,3.849453322119428,186.0,0.9272030651340997,67.0,369.6666666666667,19.0,249,1694.0,-2378,100.0,-6.563233642951927,-17.06763504312302,-24.82782369146006,9.183437543070404,3.1021327666242993,0.9345319675231112,21.082195479395427
EICHERMOT,2021.0,15.447247706422019,20.44724770642202,11.776534359153699,9.252009066556768,15.294218562360612,0.01914670396922539,1.5042241912219245,138.6875,0.5989422350436157,3.584052609946568,66.0,1.2553823311061618,49.0,423.6296296296296,34.0,219,1691.0,-2433,100.0,-4.741096788289267,-26.272577996715928,-18.32340815391663,-0.919376620875112,-11.752209319629669,7.152927696267497,0.13416864013804375
EICHERMOT,2022.0,16.284715478733737,21.149737813167604,13.301078680203046,10.390334572490707,17.1280276816609,0.008565989847715736,0.6691449814126395,116.94736842105263,0.6380421313506816,4.2483498349834985,544.0,0.9105545617173524,61.0,466.962962962963,34.0,108,1527.0,-2424,100.0,18.096330275229366,24.498886414253906,22.153673583847457,1.6763450961396975,-8.692555393282852,7.925098579405265,0.11968915181133077
EICHERMOT,2023.0,20.177260767206757,23.8609610857222,19.43962641761174,15.178664444212938,22.553832057071798,0.019212808539026016,1.5001562662777372,136.71428571428572,0.7522658610271903,5.368773234200743,426.0,0.9687714481811942,107.0,555.1851851851852,35.0,288,2823.0,-2690,100.0,40.240823460866196,73.76267143709003,58.21854912764004,16.414071199789483,16.837879598461324,10.00575583348986,8.254683647077377
EICHERMOT,2024.0,24.195694242864054,26.179245283018872,22.172346910501524,17.309106640709494,23.444354183590576,0.023219728456636186,1.8126757516764007,103.0,0.7153796236210254,5.674673987645848,890.0,0.9307673081729567,146.0,668.3333333333334,35.0,419,3724.0,-2914,100.0,14.499376817615284,37.302676733013044,25.623911781775966,23.776441520116,43.747506025200565,11.036936496739692,12.675841665377696
EICHERMOT,2024.0,24.195694242864054,26.179245283018872,21.081195005005533,16.410992616899097,22.334004024144868,0.021286685283734653,1.6570959803117309,103.0,0.6782608695652174,4.73810888252149,890.0,0.9307673081729567,146.0,702.925925925926,35.0,404,3724.0,-3490,100.0,0.0,0.0,0.0,17.100619339977086,33.62216259067105,12.554771620685434,16.973100310036358
GAIL,2013.0,8.567112645662494,14.570173029387531,15.166354101548935,7.301576685783076,16.40709567676232,0.5720636243661874,27.541005534284135,16.006864988558352,0.8522797572271732,2.0974365304694893,-2023.0,1.5120219830547286,6.0,22.70820189274448,28.0,16472,6603.0,-24303,100.0,,,,,,,
GAIL,2014.0,7.7487250060714,12.932890795758114,14.746117821050037,7.157705825170119,15.664895181691604,0.5711424698052748,27.72302400358932,11.34678624813154,0.9237269124355044,2.223442168544584,149.0,0.9642707898035938,7.0,25.59621451104101,28.0,18537,4615.0,-27779,100.0,21.16961588260682,9.594687428440585,7.553520937121316,,,,
GAIL,2015.0,5.21822415245141,9.298677279257559,9.288107695020868,4.53573325295325,10.763849065259777,0.5376227147140086,26.254144598027818,7.889570552147239,0.8692101221490189,1.7823463621379798,1405.0,1.3335443037974684,5.0,26.831230283911673,24.0,18291,4214.0,-33976,100.0,-1.9558002104751893,-33.97409109903886,-29.506760140210318,,,,
GAIL,2016.0,3.6001767429350853,8.71419514725376,5.147927368623465,3.1728831925232375,9.97910020899791,0.24866082465730846,15.326007822156004,4.587591240875913,0.8813131740683676,1.7382288118613505,3056.0,2.113127001067236,3.0,28.708990536277604,37.0,9052,3960.0,-29946,100.0,-14.042967782419868,-40.69620253164557,-19.44592434736281,0.7006676522700372,-24.572658969241058,,
GAIL,2017.0,6.949250288350635,12.40113692535838,8.584149599287622,5.788200579849376,13.129661127829387,0.16672179112072255,11.241872673311489,11.18271119842829,0.8329244651833044,1.6134520802871195,5690.0,1.7854179016004743,5.0,23.243642814902426,56.0,6553,6024.0,-30092,100.0,-6.725837127543077,80.04268943436499,32.738095238095234,-7.709947527687433,-10.999838512158489,,
GAIL,2018.0,8.817160892542573,14.31664709336465,11.528587538088725,7.831727869867815,17.126550323784436,0.09299647304397898,6.317539484621778,24.484745762711864,0.8882369240297948,1.7879265091863517,6109.0,1.8249739854318419,7.0,18.482926829268294,43.0,3876,8769.0,-30480,100.0,12.24254407645411,42.41256668642561,29.5798040192659,-3.454191287179198,14.992302452718341,1.3451995923340787,1.9300037093893607
GAIL,2019.0,8.600866255414097,13.04370652316577,14.244413529258326,9.57676906439073,20.60671408132374,0.04834362229371359,3.2502265220822495,62.83018867924528,1.1134656417151376,2.3299694189602445,2283.0,1.2183732641538227,10.0,20.40088691796009,25.0,2224,7984.0,-32700,100.0,39.80842630651791,36.37877211238294,27.377595488336315,13.540482732754366,51.78313794622716,4.287223602942447,6.486240551392464
GAIL,2020.0,13.120880333158663,12.44104911883946,19.31273849151579,12.697840766541225,16.059095763616945,0.14029390273605585,9.224117223156378,34.750809061488674,0.9677582939653562,1.896887261313105,46.0,0.8770362585391487,14.0,10.924168514412417,31.0,6912,8345.0,-38230,100.0,-4.819530122063265,45.20067144819166,-9.217146307104041,14.308773392647911,41.28234828250916,3.6707625976484692,24.664942771902922
GAIL,2021.0,10.70731367217458,12.628111273792095,11.550900680681433,7.581142786622238,11.866350012284006,0.14803881012372608,9.716154510675059,44.15642458100559,0.7080340614587189,1.3938775510204082,4353.0,1.463942699007,9.0,11.977927927927928,36.0,7873,8993.0,-41160,100.0,-20.88584903058551,-35.438780872306886,-19.696297938372865,1.729080992251908,8.533141639866514,1.964934607077251,26.800856113134365
GAIL,2022.0,13.262908267758974,16.342567640400993,19.19081635836167,12.739170048869378,20.67503068321287,0.14374395607823565,9.54195311852895,77.55445544554455,0.9605110577321295,2.0813515211343443,3930.0,0.7656046814044213,18.0,14.44009009009009,36.0,9216,9420.0,-44572,100.0,61.69908666248345,100.2930164414781,109.2615596963423,6.783264667890987,23.367865734736505,13.825636214501213,29.532947770267405
GAIL,2023.0,3.841612433753467,5.14869429112777,8.61891046868021,5.190853856500163,9.064210869801675,0.274400480539683,16.526135151430825,20.87945205479452,1.3512174759983304,2.9311226029740225,-4248.0,0.5727305218012866,9.0,9.874828897338404,59.0,17816,3205.0,-49697,100.0,57.02058855233372,-54.518855656697006,-50.53096761427347,26.174844976511213,-16.216923333499757,21.730640254162935,3.0948242873626075
GAIL,2024.0,7.433122166511544,10.743987750322754,12.861540060002339,7.939231170080571,14.489174115050965,0.28304998896060884,17.47224115124063,18.517385257301807,1.0680883472962681,2.4140755236645646,4360.0,1.270928001615672,15.0,11.710570342205322,37.0,21794,12586.0,-55188,100.0,-8.539967597550591,76.96568977841316,90.85333333333334,32.42353373080278,17.25429359158057,11.825154521824267,8.608876760374562
GAIL,2024.0,7.433122166511544,10.743987750322754,11.816153396413274,7.67739884796378,13.83783992807494,0.23424691858869573,15.21990247230384,18.517385257301807,1.0328632674103992,2.4513873555604624,4360.0,1.270928001615672,15.0,12.746615969581748,37.0,19632,12586.0,-54348,100.0,0.0,0.0,0.0,12.822568849976745,-6.980610353307293,12.935359346360297,0.8025682664282607
GODREJCP,2013.0,13.178415470991892,15.517779164067374,25.505584062782976,10.981156595191683,17.247356560929102,0.7413220645940235,31.916829109811566,12.781609195402298,0.8332683560753736,1.4261565836298933,-45.0,0.9704142011834319,8.0,97.44117647058823,22.0,2456,820.0,-4496,100.0,,,,,,,
GODREJCP,2014.0,10.777733912356888,15.383603105671797,21.695364238410598,9.84375,19.011221336802734,0.6286092715231788,28.521634615384617,9.583333333333334,0.9133413461538461,1.4838898652606913,622.0,1.3626373626373627,7.0,111.02941176470588,24.0,2373,1116.0,-5121,100.0,18.512164691204003,-3.076923076923077,17.487437185929643,,,,
GODREJCP,2015.0,11.797413272089932,16.66868125226641,22.639758756668986,10.695890410958905,19.621513944223107,0.6302482022732545,29.775342465753425,12.151785714285714,0.9066301369863013,1.490362096919474,-209.0,1.0522540983606556,9.0,126.79411764705883,21.0,2717,1027.0,-5551,100.0,8.869588103697845,19.16971916971917,17.964071856287433,,,,
GODREJCP,2016.0,9.864672364672366,19.669990503323838,19.475041012420906,8.585597685711335,23.14892428052529,0.67752519334427,29.868788097944005,10.1171875,0.8703378448186796,1.4203338391502276,225.0,1.0192539109506618,8.0,125.5,24.0,2891,847.0,-5931,100.0,1.8252145533663722,-14.856557377049185,20.159535895576507,9.523744009139158,-0.5553466342715363,,
GODREJCP,2017.0,14.113077255071213,20.576176089771256,24.669935873255376,10.108191653786708,20.498763839621628,0.7546208977744248,30.919629057187016,11.954545454545455,0.7162287480680062,1.1466039836694297,-383.0,1.4220183486238531,13.0,155.94117647058823,39.0,4001,1860.0,-8083,100.0,10.018993352326678,57.40072202166064,15.087507543753764,6.8422913907641325,16.889261306990733,,
GODREJCP,2018.0,16.593886462882097,21.163806235401644,26.110578459571748,11.785920369301788,21.339340569322136,0.5605624800255673,25.30294287362954,12.786127167630058,0.7102567801500288,1.1842453397474444,1387.0,1.0544675642594858,16.0,92.02941176470588,42.0,3508,1723.0,-8315,100.0,6.247302546396205,24.923547400611625,9.281594126900883,5.977492077553093,18.741011686665242,8.958743119932766,14.098272394470612
GODREJCP,2019.0,22.70700019391119,20.67093271281753,32.22787945507087,16.617000141904356,20.02065921682787,0.4653914958029448,23.996026678019014,9.760504201680673,0.7318007662835249,1.1896193771626298,2003.0,0.7382578992314262,23.0,71.24509803921569,44.0,3382,1729.0,-8670,100.0,4.742561186148064,43.32925336597307,2.303262955854124,6.980081142651051,41.25222221836062,6.300213432374568,23.384497809507977
GODREJCP,2020.0,15.104429421854505,21.733427504792655,18.95416561154723,10.060483870967742,18.7745140765275,0.45264623955431754,24.025537634408604,8.719298245614034,0.6660618279569892,1.0736648250460405,1036.0,1.0607882431529727,15.0,77.43137254901961,55.0,3575,1588.0,-9231,100.0,-3.907310451813073,-36.080273270708794,1.0318949343339545,2.261105568258426,4.601525618662605,3.6790216415082178,8.931728895675239
GODREJCP,2021.0,15.604315894460061,21.751745398494876,18.23286365081047,12.082280258354395,21.224453684862425,0.1974785464561924,13.086211738275766,16.07246376811594,0.7742909295141814,1.238517686692869,1738.0,1.179546775130738,17.0,92.53921568627452,0.0,1864,2030.0,-8905,100.0,11.280395520129138,14.963259853039412,11.374187558031569,3.851011990511455,1.7441870456873065,5.53671105641147,15.674057422198363
GODREJCP,2022.0,14.524275008145976,19.623655913978492,15.429214260989962,11.08692948638229,18.167420814479637,0.1474558670820353,10.595697052605397,18.66393442622951,0.7633378932968536,1.3315977871786528,607.0,0.8137969713965227,17.0,113.29411764705883,0.0,1704,1451.0,-9219,100.0,11.306555444736599,3.6025566531086683,0.41684035014588616,5.976584245430305,-8.689339528488361,5.78258385485102,6.391937978421702
GODREJCP,2023.0,12.781616100931211,18.34635025533193,12.338697984630999,9.760853357802374,16.369606003752345,0.08191967522111063,6.480472558352927,12.345744680851064,0.7636634742214831,1.3404469498691363,397.0,1.263807285546416,17.0,135.23529411764707,0.0,1130,2151.0,-9934,100.0,8.471814923427834,-4.542905215928206,1.411374014113731,10.344858845004868,4.370857548567675,6.221876592916709,0.8187946109764255
GODREJCP,2024.0,-3.9798524404086266,20.977582292849036,-4.45308779171297,-3.050239234449761,18.690348271285,0.2557548817272583,17.518486298390602,1.6387096774193548,0.7664201826881253,1.350191570881226,-1365.0,-3.6898395721925135,-5.0,123.50980392156863,,3222,2070.0,-10440,100.0,5.857614899369179,-132.96122209165685,21.039705280392962,8.522532034887087,,6.447080048592069,
GODREJCP,2024.0,-3.9798524404086266,20.977582292849036,-4.609695973705834,-2.9551201011378003,18.483560445055634,0.314543960558751,20.16434892541087,1.6387096774193548,0.7425200168563001,1.3427319489426557,-1365.0,-3.6898395721925135,-5.0,119.31372549019608,,3828,2070.0,-10498,100.0,0.0,0.0,0.0,4.715990194230857,,7.299002104477781,
GRASIM,2013.0,13.536851911569745,21.226127772403167,19.219616421630974,8.56242775876527,20.2828089156709,0.48583201912804597,21.6440405230832,16.959876543209877,0.6325272533599257,1.3573756140265552,-1445.0,1.1228163049232398,57.0,213.66304347826087,8.0,9550,4242.0,-20561,100.0,,,,,,,
GRASIM,2014.0,10.42674102573153,17.348487522501856,13.66643534582466,6.1882017764370705,15.705384246684773,0.44788341429562806,20.280291603821016,9.022371364653244,0.5934933802580862,1.1238446586536555,1213.0,1.2014218009478672,44.0,234.94565217391303,9.0,9681,3549.0,-25209,100.0,1.5120570425310786,-21.81048173636845,-17.03241053342336,,,,
GRASIM,2015.0,8.136383689418288,16.209743492783765,11.158167675021607,4.778561249606722,14.667807242657544,0.5155574762316335,22.07909980937575,6.16191904047976,0.5873077563711065,0.9970466256126681,2235.0,1.7792408985282726,37.0,251.52173913043478,9.0,11930,4594.0,-31828,100.0,12.011577424023145,-12.59309410968179,4.6592065106815905,,,,
GRASIM,2016.0,10.018267753066374,17.13979180560791,12.596157351708046,5.799315160467302,14.80192317323584,0.45590433482810166,20.98999597153216,7.516713091922005,0.5788740432388881,1.0063027049108575,1353.0,1.6984081041968162,51.0,294.93548387096774,9.0,12505,5868.0,-34271,100.0,8.675237915169841,33.81099922540667,14.910575427682726,7.309222224389078,-2.935139949103538,,
GRASIM,2017.0,11.772208051458357,20.480758567150936,13.527893713958008,6.766857379635679,18.194581280788178,0.29352916812693153,14.682773678422873,9.478632478632479,0.5748163258801218,1.0368539067440925,3779.0,1.7164390014130946,66.0,337.494623655914,8.0,9213,7288.0,-34786,100.0,4.58433612665643,22.89435600578871,24.970394180341728,8.381057855312534,12.85561357492917,,
GRASIM,2018.0,6.598203742798869,20.775038465667155,6.429455553424801,1.773938306581561,9.332004629034332,1.1692613448161644,32.260857435581705,2.5383565383565383,0.26885170202838876,0.8070519947442136,-2594.0,-1.1225596529284165,39.0,437.8702290076336,15.0,67070,-4140.0,-69257,100.0,54.968393035377616,-13.141780499293453,57.19507242452957,20.766586510956685,12.618971849966654,14.901099094689751,-0.4810485053275415
GRASIM,2019.0,3.5556994818652847,21.554404145077722,4.731127197518097,1.1384042434070012,11.676619394135026,1.4561702861082386,35.03838226328864,1.851980198019802,0.3201632334827705,0.8860425346325563,-3871.0,-0.6043715846994535,25.0,439.54545454545456,27.0,84487,-1659.0,-87129,100.0,38.11858160088739,-25.569414316702822,43.30003444712367,30.813920323814337,-7.381424097243261,22.19996436144742,-1.456865684162445
GRASIM,2020.0,9.727187481685519,15.19808943327668,11.722847103279006,2.718884761713647,7.335459553493766,1.4969540727137889,34.7189175242955,1.951233671988389,0.27951396709817716,0.77792468314033,5256.0,2.5033890646181653,65.0,429.0378787878788,6.0,84777,16620.0,-87736,100.0,-11.590673575129529,141.85792349726776,-37.66225961538462,23.689008168123692,16.066679372961048,16.5515659503233,20.789528537428748
GRASIM,2021.0,9.144809172294645,24.39008428878069,10.668152807890799,2.613437865860729,12.88977118667515,1.2074083122118056,29.578565844645016,2.748907915428971,0.28578375082756996,0.8986274302247627,7929.0,2.157578359811078,63.0,496.1666666666667,14.0,79078,15075.0,-85023,100.0,11.943972337806951,5.241753276095795,79.6490889810084,10.98142625825973,23.737102931225774,17.244407371689796,15.124707108874924
GRASIM,2022.0,11.709386526786554,21.34878423422953,14.803365962562253,3.8755105499240874,13.580558749825517,0.9873842454986196,25.849648451144564,3.7518844221105527,0.3309746877907238,1.0753404647399882,5985.0,0.6280563983580225,111.0,573.4772727272727,9.0,74744,7038.0,-88996,100.0,25.256531071671652,60.383569486188634,9.637778374027373,7.423605620928964,59.821826556295086,21.551097071912075,21.421089562184314
GRASIM,2023.0,9.417905752930874,18.353779319373952,14.068730791699474,3.2889677961421873,11.876378719448127,1.3085646795864976,30.591438233137286,3.4366313699536732,0.34922496385341856,1.2395359129994943,-26397.0,-1.1450622856111212,100.0,596.530303030303,10.0,103039,-12685.0,-94896,100.0,22.91094136947367,-1.1422452257719096,5.667857667270315,19.893934618165886,18.609524284497315,16.045516550863393,24.60460410715055
GRASIM,2024.0,7.578371940325857,20.763028905617738,11.196462612658342,2.4085451668947577,12.043470751571032,1.5470993649397087,33.280678255636765,2.476770507707233,0.3178182841724175,1.3033414930244591,-33833.0,-1.0798911948418295,85.0,666.5639097744361,12.0,137155,-10719.0,-100494,100.0,11.350285223630618,-10.3989889871818,25.966927602019553,19.68160909363319,12.415926079345653,11.15172597339149,29.314249729328566
GRASIM,2024.0,7.578371940325857,20.763028905617738,10.682537290944703,2.2133819745168957,10.831295454002342,1.7021352159969005,35.26760827197438,2.476770507707233,0.2920656299196796,1.194586065685908,-33833.0,-1.0798911948418295,85.0,693.4179104477612,12.0,158159,-10719.0,-109643,100.0,0.0,0.0,0.0,11.026664531519192,-3.9624178749318673,13.924359212234783,8.37630011472552
HAL,2016.0,11.92266380236305,14.786967418546364,1664.9999999999998,1135.2272727272727,1795.6521739130433,0.15,10.227272727272728,535.5,95.2159090909091,199.5,,,28.0,24.0,31.0,18,,-84,100.0,,,,,,,
HAL,2017.0,14.573816155988858,18.027855153203344,1966.9172932330828,1538.8235294117646,2379.4117647058824,0.015037593984962405,1.1764705882352942,224.9375,105.58823529411765,239.33333333333334,2598.0,-0.16169724770642202,36.0,26.6,31.0,2,-423.0,-75,100.0,7.113020646855239,30.930930930930934,30.58918482647297,,,,
HAL,2018.0,10.729521032453155,18.683514228630056,1528.4615384615386,1196.987951807229,2601.503759398496,0.023076923076923078,1.8072289156626504,93.57142857142857,111.56024096385542,280.59090909090907,-140.0,-0.36940110719677904,30.0,26.0,54.0,3,-734.0,-66,100.0,3.1699164345403874,-24.044342507645254,6.922126081582203,,,,
HAL,2019.0,11.72530987604958,22.835865653738505,1763.9097744360904,1340.5714285714287,3217.605633802817,0.06015037593984962,4.571428571428571,22.141242937853107,114.33142857142857,339.1186440677966,-2402.0,-3.279624893435635,35.0,26.6,28.0,8,-7694.0,-59,100.0,8.040390949835308,18.067438349270247,32.052023121387286,6.086591875830405,5.497987403463078,,
HAL,2020.0,13.252506411750991,22.75588715318256,2059.4202898550725,1642.7745664739884,3485.7142857142853,0.014492753623188406,1.1560693641618496,11.969359331476323,123.95953757225433,428.9,203.0,0.5408163265306123,42.0,27.6,39.0,2,1537.0,-50,100.0,7.182127149140349,21.14236999147485,6.806741081199386,6.109401730244923,2.800551522829653,,
HAL,2021.0,14.155231186085132,23.341491128397866,2249.3055555555557,1741.3978494623657,3560.666666666667,0.041666666666666664,3.225806451612903,17.0187265917603,123.02150537634408,508.4888888888889,13934.0,4.669342389626428,48.0,28.8,31.0,6,15124.0,-45,100.0,6.700862671951513,13.969035890218162,9.446721311475414,7.3063649476970305,17.689493459998417,6.4276221411801115,10.144570260094765
HAL,2022.0,20.65800162469537,22.014622258326565,3324.183006535948,2517.8217821782177,3265.060240963855,0.0784313725490196,5.9405940594059405,81.47692307692307,121.88118811881188,547.1111111111111,-2609.0,2.0015729453401496,76.0,30.6,26.0,12,10180.0,-45,100.0,7.595489904728603,57.023772769373274,1.4791237595955797,7.158869507828092,29.424386801722903,6.523326267477558,14.221464244950631
HAL,2023.0,21.57976827094474,24.766042780748663,3283.050847457627,2144.280442804428,2977.2321428571427,0.2655367231638418,17.343173431734318,102.453125,99.36531365313652,472.42105263157896,3102.0,1.5205644467389434,87.0,35.4,32.0,47,8836.0,-57,100.0,9.374492282697,14.254817145104216,23.04428044280442,7.88457358429544,26.92356655445871,7.774821786490715,23.939745967728477
HAL,2024.0,24.999177117277245,32.08913465652875,3816.5829145728644,1687.7777777777776,3018.266253869969,0.6180904522613065,27.333333333333332,238.1860465116279,67.51333333333334,126.5875,1814.0,1.0830809743252139,114.0,39.8,31.0,123,8226.0,-240,100.0,12.823083778966126,30.70039580106694,46.183835657519865,9.909701355201484,32.85327865470051,8.712548590236358,26.485270563052985
HAL,2024.0,24.999177117277245,32.08913465652875,3669.0821256038644,1595.5882352941176,2945.3172205438063,0.5990338164251208,26.05042016806723,238.1860465116279,63.825630252100844,124.51229508196721,1814.0,1.0830809743252139,114.0,41.4,31.0,124,8226.0,-244,100.0,0.0,0.0,0.0,7.260052541748863,14.301116892089771,7.2149143113167336,21.725268427522494
HAVELLS,2013.0,8.142957252978276,9.446391030133146,40.29126213592233,13.032750112157917,27.805280528052805,0.680998613037448,22.02781516375056,6.3983739837398375,1.6004934948407357,4.756666666666667,494.0,1.0981067125645438,9.0,23.258064516129032,16.0,982,638.0,-1500,100.0,,,,,,,
HAVELLS,2014.0,5.539684511240839,9.650975034157247,26.770708283313326,8.364591147786946,28.57668260389849,0.6326530612244898,19.767441860465116,6.823529411764706,1.5099399849962492,5.031875,492.0,1.946188340807175,7.0,26.870967741935484,42.0,1054,868.0,-1600,100.0,12.838121934127544,-23.235800344234082,15.281899109792274,,,,
HAVELLS,2015.0,4.546528105810109,8.915918752952292,21.177117711771174,8.04093567251462,33.675289919714544,0.23322332233223322,8.85547201336675,6.927083333333333,1.7685881370091896,5.495133030499676,478.0,2.501298701298701,6.0,29.322580645161292,49.0,424,963.0,-1541,100.0,5.179480809837278,-13.677130044843045,-2.8314028314028294,,,,
HAVELLS,2016.0,17.118777982617857,10.481959441664472,42.94681202510737,29.63300661043994,25.173940543959517,0.04426825239511067,3.0544791429222706,17.703296703296704,1.7310234784590837,6.204248366013072,392.0,0.3946153846153846,21.0,48.82258064516129,29.0,134,513.0,-1224,100.0,-10.321209258384512,237.66233766233765,5.43046357615895,2.0999521264519982,30.794376919552867,,
HAVELLS,2017.0,8.05872756933116,13.295269168026099,15.079365079365079,9.558823529411764,23.38593974175036,0.06349206349206349,4.024767801857585,56.61538461538461,1.1861455108359134,4.7153846153846155,547.0,1.5526315789473684,8.0,52.83870967741935,44.0,208,767.0,-1300,100.0,-19.278377666578884,-62.0,2.386934673366836,-8.686101932166434,3.4659294420217535,,
HAVELLS,2018.0,8.144406111384919,12.727944800394283,17.721179624664877,10.003026634382566,26.86605981794538,0.030831099195710455,1.740314769975787,39.6,1.2282082324455206,2.879035118836467,154.0,1.6641452344931922,11.0,59.20634920634921,4.0,115,1100.0,-2819,100.0,32.39804241435562,33.80566801619433,26.748466257668714,-1.4052637246992572,19.742110916525803,2.609982178791892,2.613633352462008
HAVELLS,2019.0,7.822892881961679,11.803832026208678,18.770843258694615,11.024062674874092,27.7027027027027,0.022391615054787994,1.315053161723559,72.6875,1.409205372132065,3.46866391184573,686.0,0.6357868020304569,13.0,66.63492063492063,36.0,94,501.0,-2904,100.0,24.112863479546576,19.213313161875956,15.101645692158773,9.87428966405377,-15.36936066514506,4.583169988804903,12.056814338441036
HAVELLS,2020.0,7.786016949152542,11.302966101694915,17.045454545454543,10.39163014279655,24.3440565822496,0.016697588126159554,1.0179556058249681,18.725490196078432,1.3346529054149583,2.817910447761194,279.0,1.125170068027211,12.0,68.44444444444444,34.0,72,827.0,-3350,100.0,-6.284125881068203,-6.725888324873097,-10.260723296888141,15.479219503702701,14.16162186298411,2.197019236923814,13.80604263098537
HAVELLS,2021.0,9.983742947308023,15.195562780912308,20.166119374154917,11.793944871215544,27.8918729155696,0.10063743480780375,5.885675553547221,16.977777777777778,1.1813149570718482,3.178419452887538,-103.0,0.632183908045977,17.0,82.17460317460318,39.0,521,660.0,-3290,100.0,10.773305084745765,42.0408163265306,48.922211808809756,8.814897312024517,16.457200619727928,6.607388064296771,-4.291297361421565
HAVELLS,2022.0,8.58085808580858,12.73496914908882,19.923371647509576,11.365580157749692,26.81673968877474,0.10261535898717308,5.853843960847667,24.98507462686567,1.324527226076214,4.0588235294117645,969.0,1.4448160535117056,19.0,95.28571428571429,39.0,616,1728.0,-3434,100.0,33.28870612986516,14.559386973180066,11.705475141598498,11.433013510699386,14.921597409969856,17.85499591111963,19.344070441601247
HAVELLS,2023.0,6.3390692448702035,9.58547690852108,16.178690009055238,9.608317648113292,23.671144859813083,0.03365529731361304,1.9987451823967015,27.30909090909091,1.5157300349556333,4.670256835128417,596.0,0.5270522388059702,17.0,105.17460317460318,44.0,223,565.0,-3621,100.0,21.330176495910468,-10.367892976588633,-8.676056338028172,21.45044164279215,13.40594331748628,15.815170331561879,10.153592391054179
HAVELLS,2024.0,6.837009144701453,10.118343195266272,17.067275412917954,10.222794176787582,24.270967741935483,0.040687525177924,2.437062655835277,21.321428571428573,1.4952143489101584,4.66148445336008,335.0,1.5365853658536586,20.0,118.2063492063492,44.0,303,1953.0,-3988,100.0,9.928448938560708,18.56343283582089,16.03948180135719,21.14089015706202,6.77797587953104,13.037907939063121,10.033231229420036
HAVELLS,2024.0,6.837009144701453,10.118343195266272,16.307415960995638,9.896441641361053,23.15076923076923,0.042596869386707724,2.5850657945962783,21.321428571428573,1.4474811181188196,4.142156862745098,335.0,1.5365853658536586,20.0,123.71428571428571,44.0,332,1953.0,-4488,100.0,0.0,0.0,0.0,10.076085409276336,2.0480687858248636,14.514763128543628,11.576219506695672
HCLTECH,2013.0,15.792971345920801,22.203979516047063,30.689759951382555,18.036519487477122,39.97747747747748,0.07930720145852324,4.660922362605473,50.716981132075475,1.1420599133889906,3.7880941803642827,2131.0,1.111881188118812,14.0,94.70503597122303,21.0,1044,4492.0,-6753,100.0,,,,,,,
HCLTECH,2014.0,20.3086112493778,24.99688899950224,33.39130434782609,21.774516344229486,39.06553870089459,0.05207161125319693,3.3955970647098064,70.44736842105263,1.0721814543028685,4.3181085437936595,1615.0,0.9891237745098039,23.0,139.64285714285714,11.0,1018,6457.0,-7444,100.0,25.655760134474814,61.58415841584159,41.4612676056338,,,,
HCLTECH,2015.0,20.004904498515028,23.121985776954308,30.30878467635403,20.831323591998867,34.117315965102726,0.026750330250990752,1.8385586608029507,101.18681318681318,1.0413108242303872,4.435166163141994,3451.0,0.7544265867611005,26.0,86.20640569395017,58.0,648,5539.0,-8275,100.0,14.176829268292689,12.469362745098046,5.61294337274425,,,,
HCLTECH,2016.0,17.992034943473794,21.3707605344296,20.451973275893543,14.239597366614982,23.36212344638719,0.03979409295023913,2.7706463994306194,96.14864864864865,0.7914389568135024,3.2046109510086453,1615.0,0.682434844698322,20.0,97.13120567375887,40.0,1090,3823.0,-9716,100.0,-15.163074575624647,-23.699264505584306,-21.588498703747348,6.7698010865795855,11.511736740787914,,
HCLTECH,2017.0,18.091994618230743,21.84241506895392,26.119153843819237,18.805996241423014,30.98625152843637,0.01766366202312665,1.2717975612953978,119.4494382022472,1.039465058345352,3.122284213980965,5105.0,1.0452010225424122,30.0,115.61052631578947,40.0,582,8995.0,-15235,100.0,52.77492291880781,53.623705819350235,56.14667868951007,13.956295876186054,9.649603437865695,,
HCLTECH,2018.0,17.24772093575115,22.238921078130872,23.97075798383994,18.174998437141845,30.44149094551065,0.015308085527400648,1.1606826564421013,160.768115942029,1.0537623205317885,2.6965818802324963,6092.0,0.9548268745700528,31.0,130.88489208633092,19.0,557,8328.0,-18753,100.0,6.308863101244544,1.347896816174754,8.238691049085656,11.276166573871095,5.9092519865585835,14.602309452456485,16.63984757695922
HCLTECH,2019.0,16.747480430933194,23.04598937561024,24.46453609244307,17.343913348986273,30.565615328899714,0.10141178745829908,7.189497677766543,73.54022988505747,1.035613292430033,2.6401170919259,5715.0,0.8864624505928854,37.0,152.6420664206642,11.0,4195,8971.0,-22888,100.0,19.494156499040916,16.028433845448298,23.83069535834963,24.73530835036466,21.790235245269507,13.455674699068654,9.164159008362072
HCLTECH,2020.0,15.644631841077594,24.50053766483672,21.56748005539626,13.350801144664873,29.22383676775859,0.15577271929311254,9.642714835967592,28.683168316831683,0.8533790555307357,1.8851960522806082,1027.0,1.2081939043140093,41.0,94.41436464088397,25.0,7986,13359.0,-37490,100.0,16.96096115974648,9.258893280632407,24.34295562257647,14.108769829442691,8.712292952185074,14.003664887056555,8.533694296800443
HCLTECH,2021.0,14.817124132716009,26.596266864776663,18.64203094487006,12.980115518263274,30.022313071866062,0.11456612087526914,7.977035806012993,32.02348336594912,0.8760212442037492,2.0293175393727285,13953.0,1.756468797564688,41.0,110.33701657458563,24.0,6864,19618.0,-37145,100.0,6.654309808138548,1.012932983630277,15.777315777315781,14.232233600356391,8.592392822069407,19.343153842236195,14.797977637503902
HCLTECH,2022.0,15.78849050215409,23.96819651842944,21.841586717059148,15.207881152933503,30.076036157463705,0.10244855767677746,7.133298096062797,54.13793103448276,0.9632257846852824,2.441799469738005,18497.0,1.2497226946683428,50.0,114.02209944751381,84.0,6343,16900.0,-35077,100.0,13.627137531673284,21.076193034291336,2.3992418196328913,12.33121804588848,10.144845609168772,12.482124171071419,9.45972211285866
HCLTECH,2023.0,14.631958681595963,22.303264469326606,22.697041510587876,15.919571045576408,32.23407740851009,0.07329714853604465,5.141018766756032,56.20679886685552,1.088,2.9306450215199744,14436.0,1.2131357359380264,55.0,120.451197053407,88.0,4794,18009.0,-34619,100.0,18.452790977338275,9.775937292020998,10.224560378001858,12.806794335700221,10.31831778597172,14.941980000474619,11.222543851563692
HCLTECH,2024.0,14.293122742532729,22.015594151738192,23.01393141233172,15.867725188372422,32.690722902959976,0.08435023365512796,5.815809142880229,38.91500904159132,1.1101650405025958,3.1347289165216896,15840.0,1.428898790579249,58.0,125.7145488029466,90.0,5758,22448.0,-35063,100.0,8.335633180886305,5.8268777366116575,6.938306522892002,13.396477329776978,12.043662852781601,12.710299978373406,9.194090295112023
HCLTECH,2024.0,14.293122742532729,22.015594151738192,22.809437386569872,15.747321151128174,32.40832507433102,0.08407985480943739,5.804757274741137,38.91500904159132,1.1017411264697332,3.187732018561485,15840.0,1.428898790579249,58.0,126.84162062615101,90.0,5791,22448.0,-34480,100.0,0.0,0.0,0.0,8.668967653765813,5.12379863350243,9.233392008485385,7.277285330695982
HDFCBANK,2013.0,19.249323777920306,35.22210758205293,18.838523046693776,1.6930612204854767,3.3933229634286235,9.158311273640258,82.30784135307549,2.402495443712323,0.08795432192934909,12.932203389830509,-6749.0,-0.8470230334637114,14.0,76.98109243697479,19.0,335588,-5847.0,-2773,100.0,,,,,,,
HDFCBANK,2014.0,20.60392433321584,31.742450945834804,19.851925645844183,1.7409951947897222,2.9311437275954555,9.434125025471506,82.7363885469203,2.592070378404435,0.08449823279456734,14.063119629874421,3112.0,0.4802691605839416,18.0,92.01458333333333,19.0,416677,4211.0,-3026,100.0,18.666517944284887,27.017238881645667,6.94323489826616,,,,
HDFCBANK,2015.0,21.12462006079027,31.903051355938892,16.947461760141874,1.7629802156821726,2.8213560103051756,8.071729423314437,83.96714198884197,2.6843704169285565,0.08345618574955897,15.710387596899224,-22081.0,-1.9883210314864992,21.0,126.0558882235529,19.0,509762,-21281.0,-3225,100.0,19.060039948302187,22.068886861313874,19.66242226828545,,,,
HDFCBANK,2016.0,20.298597257844907,31.751686140400874,17.25479112833764,1.6820779520658296,2.7704447216500827,8.742288436692506,85.22392720135605,2.740189083125223,0.08286670899959592,17.224434142350695,-35272.0,-2.6858279385383357,25.0,146.84584980237153,19.0,649587,-34435.0,-3667,100.0,24.6634824142423,19.788844249275893,24.072011878247967,20.76594733223789,22.9215446235167,,
HDFCBANK,2017.0,20.904587080836894,32.558583887213224,16.686275791446064,1.7164905014209766,2.862683357653022,8.078414711201168,83.10136001362703,2.8127082526152654,0.08211071066763491,18.31775,16136.0,1.128288829405236,30.0,178.93567251461988,18.0,741550,17282.0,-4000,100.0,16.004876349703935,19.46806021371188,18.952879581151837,19.85620098462466,20.43638844397513,,
HDFCBANK,2018.0,21.76273332708001,34.62620767282619,16.935373497933377,1.6824905319683174,2.8007920972367644,8.620671721457313,85.64439722766605,2.7726848103630815,0.07731062576936255,21.27944111776447,16372.0,0.9274284790690157,36.0,211.17341040462426,18.0,944817,17214.0,-4008,100.0,16.400758826820972,21.179082065678667,23.792756539235405,18.95711890140528,20.14303953691674,18.91950885967244,21.87445860432433
HDFCBANK,2019.0,21.34441475451926,33.145367579235646,14.60633943503413,1.7362233776761555,2.8248459366500582,7.02943913374503,83.55739376209577,2.811262996780493,0.0813432177759076,24.069810025177386,-64375.0,-2.801033591731266,41.0,281.96880733944954,18.0,1080235,-62872.0,-4369,100.0,23.301050558109004,20.930984321965408,18.027901936882017,18.522174644131795,20.523671424601055,19.834211467600227,20.683440705228385
HDFCBANK,2020.0,22.339163099788035,37.203839952859916,15.477608047267491,1.726687879152091,3.0117265138465616,7.558721464294219,84.32538603138858,2.5352305156959685,0.07729420620813117,25.58396147403685,-18272.0,-0.6180026377491208,50.0,321.8211678832117,5.0,1333041,-16869.0,-4776,100.0,16.192314641359438,21.607413347589777,30.41943998163874,18.585975523887367,21.238838123135963,19.251293469323972,20.59205522492409
HDFCBANK,2021.0,24.78141141328023,40.80605513722074,15.183737667413375,1.7703182038191572,3.0476497012597985,7.20374624660407,83.99067077816314,2.5657264112976987,0.0714373436724614,24.495426829268293,40653.0,1.3333333333333333,58.0,380.78039927404717,11.0,1511418,42476.0,-5248,100.0,5.207506404013462,16.709407971864,15.39409137904486,14.656048220040274,19.729499834991103,15.272202925687562,19.965562603525953
HDFCBANK,2022.0,28.06541313559322,41.60560852165725,15.425327602728373,1.7970883692097823,2.7829129137256157,7.217044641304831,84.08033410365088,2.601845146257754,0.06403213665615605,21.134328358208954,-14011.0,-0.3134911273623234,69.0,445.6342342342342,23.0,1784970,-11960.0,-6432,100.0,5.743979090173634,19.7570392692344,7.815925424633519,8.933115924941903,19.340812182873645,13.156752089445444,20.023543022481306
HDFCBANK,2023.0,27.026599669700268,36.91977933167012,15.944347321360706,1.8237597374677526,2.595764147062832,7.39091618930479,84.53939880621174,2.8134583628214203,0.06748017729778946,20.253113509666708,17822.0,0.45101735682246635,82.0,518.7060931899641,23.0,2139212,20814.0,-8431,100.0,25.61352401129944,20.964063851537308,11.466308326113484,11.801146839851807,19.129987192053232,14.89379936491606,19.980919190469294
HDFCBANK,2024.0,23.07288232992184,61.41252040373843,14.33974005030719,1.6238920508541275,4.887794207353858,6.808786667718385,77.10554380260602,1.6157737281456581,0.07038097917866981,22.504681053633767,35669.0,0.2913699844146319,84.0,600.521052631579,23.0,3107503,19069.0,-12604,100.0,66.11558147978964,41.814557195172156,176.31737571777543,30.186956140948773,27.12356908487252,21.95098428169122,23.865063572879073
HDFCLIFE,2013.0,3.1792318634423897,96.26600284495022,33.43305908750935,1.0663676702132736,1012.341062079282,0.0,0.0,18.928571428571427,0.33541676606708337,55.79365079365079,,,2.0,0.6701754385964912,0.0,0,,-252,100.0,,,,,,,
HDFCLIFE,2014.0,4.223464988931609,96.47559128509845,37.60373443983403,1.3868962219033953,858.9730290456432,0.0,0.0,4.2946058091286305,0.3283787661406026,61.526881720430104,,,4.0,0.9664160401002506,14.0,0,,-279,100.0,22.09103840682789,62.192393736017905,22.35685260435907,,,,
HDFCLIFE,2015.0,2.8881131728826013,96.78853573397024,30.932703659976386,1.1340518547374798,1036.2313139260425,0.0,0.0,12.69620253164557,0.3926618476676911,78.65606936416185,945.0,5.673027989821883,4.0,1.2736842105263158,18.0,0,4459.0,-346,100.0,58.540137481067234,8.413793103448274,59.0544049272387,,,,
HDFCLIFE,2016.0,4.503610605810043,94.74119398048619,26.32935868514341,1.067359949832776,553.8833387044796,0.0,0.0,10.333333333333334,0.23700094063545152,54.15223880597015,1725.0,6.960832313341493,4.0,1.5553884711779449,22.0,0,5687.0,-335,100.0,-33.34190703656073,3.9440203562340903,-34.75190767244979,8.8659251397204,22.265757946197162,,
HDFCLIFE,2017.0,2.8942473977877117,96.82513786014944,23.183481442760062,0.9327318422242553,775.385419388555,0.0,0.0,8.633093525179856,0.32227094440413473,90.9406528189911,1053.0,7.023675310033822,4.0,1.914914914914915,25.0,0,6230.0,-337,100.0,68.93776528306049,8.56793145654835,72.65374992727061,21.312705025984258,6.953550044347678,,
HDFCLIFE,2018.0,3.4314941103533787,96.67079975201489,23.52816153028693,1.0019641030746813,662.826780021254,0.0,0.0,5.609929078014185,0.2919906229917725,96.01190476190476,2318.0,6.087624209575429,6.0,2.338469184890656,25.0,0,6739.0,-336,100.0,5.263157894736836,24.802705749718147,5.095369683898365,5.832407288001629,12.092105000644771,18.068979210389813,19.885875601681914
HDFCLIFE,2019.0,3.289151975292755,96.87298931926392,22.651542006380716,0.9829257037378865,667.1393123006026,0.0,0.0,10.492647058823529,0.2988386402091986,105.01351351351352,-314.0,7.721439749608764,6.0,2.797223599405057,26.0,0,9868.0,-370,100.0,20.443273403595775,15.44715447154472,20.695183736291934,28.902665113717664,16.083260822533884,17.748548170832045,12.005298924817453
HDFCLIFE,2020.0,4.414567733151804,96.11640571817563,19.05391508741002,0.9809111810261374,414.85235786690174,0.0,0.0,4.964769647696477,0.2221986931268151,91.24223602484471,-401.0,5.696222050886662,6.0,3.3714710252600297,0.0,0,7388.0,-322,100.0,-24.385535967057002,1.4866979655712154,-24.97608926673751,-1.397496659666153,13.502506455997686,1.5426961503206993,10.535934188119933
HDFCLIFE,2021.0,1.9027513700928307,98.27480147634493,15.752314814814813,0.7575631070663216,760.7575757575758,0.06944444444444445,0.3339734491107957,4.6606741573033705,0.3981408811332832,122.27008547008548,751.0,7.129316678912565,7.0,4.275111331024245,30.0,600,9703.0,-585,100.0,143.4581347855684,4.934464148033935,148.92524522823044,30.39789267576891,7.128124423077553,31.571847111711104,10.745786997425878
HDFCLIFE,2022.0,1.976879301611894,98.84098560915294,8.498783143332906,0.5751211351599678,409.2271633874052,0.038427052645062125,0.2600396993941075,2.941253263707572,0.2909237476921477,10.162906888720666,5142.0,4.47852298417483,6.0,7.38949361097965,27.0,600,5943.0,-6605,100.0,-6.154233307236323,-2.4981631153563555,-5.613565880444993,19.990800802788545,1.2620440460022975,16.977021770482814,8.390060976433
HDFCLIFE,2023.0,1.9485236514877435,99.88605124845101,10.528746247979681,0.5514594729692142,502.9548877572975,0.07311629338874778,0.3829579673397321,2.0027835768963116,0.28301400013705863,70.41825476429288,-3188.0,5.031432748538012,6.0,6.046067938576082,30.0,950,6883.0,-997,100.0,4.589875756040884,3.0896759608138646,5.69572556821607,33.69326864431261,1.7924046284194306,16.82699621683943,4.324832308677151
HDFCLIFE,2024.0,1.5510139729213062,99.47675449833469,10.732306013909723,0.5200091183301563,646.4587602459017,0.06477567162143734,0.3138555669718224,2.860952380952381,0.33527042786773137,65.51452550032279,-2893.0,6.81130876747141,7.0,6.818224081822408,27.0,950,10721.0,-1549,100.0,44.546840058683614,15.058479532163748,43.95453962097338,12.366704821498665,4.966053172356233,21.16813430936688,4.25449161597129
HDFCLIFE,2024.0,1.5510139729213062,99.47675449833469,10.087157139195078,0.4674021172662618,609.8284402561314,0.060881825173032554,0.2821042003830678,2.860952380952381,0.3013526154028893,220.61304347826086,-2893.0,6.81130876747141,7.0,7.25092936802974,27.0,950,10721.0,-460,100.0,0.0,0.0,0.0,14.771154341160809,5.854973650813289,28.134903230202358,3.9472371097773573
HEROMOTOCO,2014.0,8.316518298714143,85.94263105835806,37.38218033078428,20.766646907725747,367.7331979007957,0.050506846878890274,2.805769610748864,7.660465116279069,2.497036158861885,11.248331108144193,1347.0,1.4096098953377736,105.0,140.575,62.0,284,2963.0,-2247,100.0,,,,,,,
HEROMOTOCO,2015.0,8.584501416224853,87.21766286585809,36.14678899082569,22.18884925849446,361.7168674698795,0.01529051987767584,0.9386146048432513,11.12923076923077,2.5847568988173455,9.32859078590786,2217.0,0.9247038917089678,118.0,163.5,51.0,100,2186.0,-2952,100.0,8.953511374876367,12.464319695528058,10.569929104134058,,,,
HEROMOTOCO,2016.0,10.935797870471237,84.45373721755631,35.22752999773602,24.13151364764268,265.0601080842616,0.026262168892913742,1.7990074441687345,11.420427553444181,2.2066532258064515,7.520348837209302,1422.0,1.1960154241645244,157.0,220.85,46.0,232,3722.0,-3784,100.0,3.337206768828538,31.64128595600677,0.06245316012989388,,,,
HEROMOTOCO,2017.0,12.394267738552953,83.9741349178609,34.373788290034895,23.15830721003135,227.16527987897126,0.025300504071345483,1.7045454545454544,6.885542168674699,1.8684691745036572,6.220917590780605,2035.0,1.1300056401579244,179.0,257.9,47.0,261,4007.0,-4599,100.0,0.5376533014723961,13.946015424164514,-0.03328756293430324,4.217879202822017,19.04249113278256,,
HEROMOTOCO,2018.0,11.467126748413333,83.56645511122065,31.089208152355496,21.39449330344312,222.32786885245903,0.019044437019712663,1.310570788066908,10.382978723404255,1.8657239753980572,6.542632533763354,2159.0,1.0792584631918323,186.0,299.3,51.0,228,4017.0,-4961,100.0,13.449842712338334,4.96333897349126,12.899063475546303,5.632231257694875,16.334795886648877,,
HEROMOTOCO,2019.0,10.202820052397634,85.2079715051073,26.417682926829265,18.731085170773888,215.50029779630734,0.02378048780487805,1.6861219195849546,7.887989203778678,1.8358733246865542,6.860056542810986,2330.0,0.2977495672244662,172.0,328.0,50.0,312,1032.0,-4952,100.0,4.6614085895618995,-6.878022568511555,6.717298333579125,6.0815212733451585,3.6564481390962467,6.092194646194393,10.51956562416465
HEROMOTOCO,2020.0,12.50769125589663,86.0873726669857,25.39913924753575,18.598149842431635,169.4865064943805,0.031445231153685964,2.3025312595303444,4.2154811715481175,1.4869370743112738,4.5193882280241,2699.0,1.508062312107133,182.0,360.15,49.0,453,5518.0,-6473,100.0,-13.885372817991815,5.568378534333518,-12.996614385407312,0.7447599570538088,1.0511420331481336,1.2163267615447948,9.129706567474805
HEROMOTOCO,2021.0,9.483510449303918,86.89557156238897,19.045147898287492,12.712157949428473,168.13750000000002,0.03788271925272444,2.5285763768617944,7.960216998191682,1.3404485625216487,4.852507836990595,1821.0,1.3998637602179838,146.0,385.4,72.0,584,4110.0,-6380,100.0,5.828262801668149,-19.759497130363492,6.821791613723005,-1.5637510188488024,-7.602569468023413,1.6996742986216562,-1.1575975899889346
HEROMOTOCO,2022.0,7.881289973266556,88.98176034651958,14.696788035590332,10.361242103389982,159.8383077016595,0.038177573042216195,2.691520597917964,6.611009174311927,1.314663226265682,4.770907329673878,1882.0,0.9033920137398025,116.0,396.175,82.0,605,2104.0,-6194,100.0,-4.547950515197519,-20.674386920980925,-2.256337818749532,-4.54003220248077,-12.411522620725435,0.649324573864174,-8.063884175161895
HEROMOTOCO,2023.0,8.197201241290474,88.00281046899701,16.810758885686838,11.707153907262617,174.53405330081867,0.034101825168107586,2.374879792616131,7.814814814814815,1.4281891541581302,5.546030199707745,2193.0,0.9335714285714286,141.0,416.4,71.0,568,2614.0,-6159,100.0,15.589996954417785,20.22327179046801,14.318311466058177,5.301783210107014,-8.532837352235456,1.0262274293043383,-5.5338246350665194
HEROMOTOCO,2024.0,9.902352536452407,86.14676228532112,21.14243742584327,14.308109968263679,177.83240467606248,0.03423922255494661,2.3171337896226056,8.387518142235123,1.4449202768324858,6.063703465982028,3095.0,1.3156066274719402,187.0,442.475,75.0,606,4923.0,-6232,100.0,10.630013466830611,33.64285714285715,8.29673985362609,6.870906150291889,8.421624634095327,2.1530677970544643,1.5441818871883894
HEROMOTOCO,2024.0,9.902352536452407,86.14676228532112,19.683341223502183,12.788353097980245,166.10878661087867,0.030929461890484455,2.009500700591231,8.387518142235123,1.2914459519496941,5.736035215543413,3095.0,1.3156066274719402,187.0,475.275,75.0,588,4923.0,-6588,100.0,0.0,0.0,0.0,8.541979889530094,17.123694970778924,5.253374487972162,0.4496145831413223
HINDALCO,2013.0,3.749703839487237,90.39941141994937,8.511180300028306,2.493573264781491,78.55788298783065,1.6119728276252476,47.22696741023302,4.518451845184519,0.665005390165022,2.114292493870126,-10824.0,0.9900232790156301,16.0,184.9738219895288,6.0,56951,2977.0,-37929,100.0,,,,,,,
HINDALCO,2014.0,2.5029933291521753,90.85010547921775,5.405871342724855,1.5907872041280746,75.61716384620495,1.5948182445079302,46.93075908451827,4.918759231905465,0.6355539128292096,1.433791671435345,-139.0,3.624601366742597,11.0,197.10679611650485,9.0,64756,7956.0,-61163,100.0,9.354931228411466,-27.003658131027596,9.900129665903389,,,,
HINDALCO,2015.0,0.248367391950595,91.51906867022755,0.6757285606198962,0.18272120553666418,89.36383385145511,1.7863236713715462,48.30330309144526,0.5913461538461539,0.7356891905238948,1.4491724454203088,3270.0,27.57915057915058,4.0,185.16425120772948,24.0,68468,7143.0,-71959,100.0,18.913278978276992,-88.2004555808656,19.788881776305047,,,,
HINDALCO,2016.0,-0.7108212922366569,92.12426209256877,-1.7286808342978157,-0.4973573462939084,84.11704881656806,1.663473614223448,47.859663043940316,0.8646666666666667,0.6996939339407422,1.1530800485708947,8468.0,-16.64957264957265,-1.0,196.17874396135267,-82.0,67552,11688.0,-85648,100.0,-5.2953078700818,-371.04247104247105,-4.6690486918071645,7.188141536422643,,,
HINDALCO,2017.0,1.8785434799968057,87.70562165615267,4.086063527215094,1.2877709656229472,79.96923805016564,1.3855489697996048,43.667204948543905,3.7671118530884806,0.685515655791548,1.182991486296598,9811.0,6.741232731137088,8.0,206.542600896861,13.0,63817,12687.0,-84687,100.0,1.4429064692838223,-368.0911680911681,-3.4226926501137567,4.538078159935965,-4.998958864002645,,
HINDALCO,2018.0,5.281161282480921,88.1102245991162,11.089841755997957,4.137701171317017,94.91423975459664,0.9493546269962809,35.421116356265394,3.8332754428621048,0.7834832056810916,1.3536926476118842,16231.0,1.7915502219299688,27.0,245.97309417040358,4.0,52074,10898.0,-85088,100.0,14.971452527349683,223.21997874601487,15.50183800516689,3.369972212946082,186.37780155011527,7.51037706220592,15.132219678170777
HINDALCO,2019.0,4.209373228539474,88.11800033705627,9.556355541642754,3.6157976469349618,104.65355362276647,0.9115493643588807,34.4899060353223,8.172138420585625,0.858987181849288,1.5204053109713487,6521.0,2.1796178343949046,24.0,259.0135135135135,5.0,52415,11977.0,-85860,100.0,13.334433032652381,-9.6662830840046,13.344434810026806,9.746629896073555,,8.281705099970505,20.145258021945757
HINDALCO,2020.0,3.188481852654388,87.89104821235102,6.459522952140885,2.2340438150138184,81.94545282363711,1.172882692868289,40.5644711715238,7.5386313465783665,0.7006606649349417,1.324558551488312,5518.0,3.383328908946111,17.0,262.68918918918916,6.0,68399,12745.0,-89195,100.0,-9.49732653092491,-31.446769790718832,-9.730420495344738,5.65038914335767,26.02556902957076,2.527719294421793,70.82017845038192
HINDALCO,2021.0,2.6384764559723655,86.69853342221684,5.234996167315468,1.8445943798921738,85.5763838521299,1.010115281138683,35.59225090296682,-5.28774062816616,0.6991134507631526,1.3165385114043224,-8048.0,4.9474590869939705,16.0,299.6981981981982,19.0,67206,17232.0,-100269,100.0,11.734832069339118,-7.539155826917976,10.218802365222746,4.6495315238416435,-16.961680276450775,5.97531435810712,
HINDALCO,2022.0,7.038895923797416,85.46747394378112,17.559565678914453,6.188726871154583,116.84574248126889,0.8247240731030425,29.066732775912197,16.24581005586592,0.8792184084199139,1.8251305275370997,10065.0,1.226365622723962,61.0,352.2117117117117,6.0,64486,16838.0,-106874,100.0,47.76301436276589,294.2004019523399,45.66488130084143,14.324306894244042,35.69617735616912,14.254555528747236,48.802484878438634
HINDALCO,2023.0,4.523704984722359,89.84507307282192,10.650169820475497,4.517895735360577,129.29714952578064,0.6359407632428328,26.97716666144642,11.130833970925785,0.9987158204654368,2.0176269593043226,11649.0,1.9023472318510448,45.0,427.05405405405406,7.0,60291,19208.0,-110626,100.0,14.42794231488933,-26.460305899490166,20.2888814242526,23.62191599591421,38.90959508019329,14.146326442125012,10.666177153274848
HINDALCO,2024.0,4.702216130615571,88.94620349876368,9.567011474761177,4.401381743475944,118.20777590429657,0.5309290976579428,24.425826640603667,10.224489795918368,0.9360228499109322,1.9315088095876933,9789.0,2.368882323978336,45.0,478.13513513513516,8.0,56356,24056.0,-111810,100.0,-3.2436985331672608,0.5744280479350383,-4.211712610204654,17.830855223435172,42.85939867649064,10.592433818985914,13.06871230695661
HINDALCO,2024.0,4.702216130615571,88.94620349876368,8.816941029381121,4.025544667491199,109.05839271013711,0.5292682503299299,24.164763898138457,10.224489795918368,0.856095201852028,1.938547987504937,9789.0,2.368882323978336,45.0,518.8108108108108,8.0,60959,24056.0,-111404,100.0,0.0,0.0,0.0,3.45157709927304,-9.565016537897986,12.82182849357616,21.937380607302636
HINDUNILVR,2013.0,14.216412383350615,84.37268552806991,133.99650959860384,31.74826331458816,788.3737024221454,0.008726003490401396,0.20674826331458815,5.51113089937667,2.2332120410188554,11.108185931715344,3668.0,0.9390466267257098,18.0,13.26388888888889,104.0,25,3605.0,-2431,100.0,,,,,,,
HINDUNILVR,2014.0,13.532188547581583,83.72100978312923,111.84619734238055,28.762541806020064,683.0867987719788,0.013005371783997738,0.33444816053511706,7.584595959595959,2.125490766322524,10.646030589949017,3343.0,0.9651162790697675,18.0,16.375,71.0,46,3818.0,-2746,100.0,8.258035846541256,3.047668663714509,7.421875,,,,
HINDUNILVR,2015.0,13.68697610409108,83.07268860252721,108.66650111745717,30.325710325710325,652.4195529353967,0.010677924012912838,0.29799029799029797,6.068163592622294,2.2156618156618157,11.333569656150301,3430.0,0.7522851919561243,20.0,18.64351851851852,74.0,43,3292.0,-2821,100.0,9.365806937128006,10.616784630940334,8.518896833503575,,,,
HINDUNILVR,2016.0,12.896911700739452,81.63797924563475,63.15228966986155,28.06056918812952,389.27407407407406,0.026928343222272933,1.1965118637193268,13.39917695473251,2.175758804840127,9.879066912216084,3889.0,1.0048181161165983,19.0,30.430555555555557,83.0,177,4171.0,-3258,100.0,0.6693356687101248,-5.141681901279704,-1.0692771084337305,6.026144514209131,2.638793990314081,,
HINDUNILVR,2017.0,13.539593510644716,80.91791809902901,66.57769869513642,28.587800840443144,382.1962683378436,0.041073546856465006,1.7636572010696547,11.671617161716172,2.111422386349166,7.504412763068568,4012.0,1.1547884187082404,21.0,31.22222222222222,82.0,277,5185.0,-4419,100.0,3.03237432424035,8.166706817634296,2.123610899680317,4.291958729799861,4.310978498255391,,
HINDUNILVR,2018.0,14.705303136868759,78.90279926853285,71.78958934212334,29.26324039861158,385.19434143661584,0.0,0.0,21.69688385269122,1.989978725786586,7.850044169611308,4996.0,1.1591735220968051,24.0,33.708333333333336,83.0,0,6059.0,-4528,100.0,7.185935709547064,16.41425389755011,4.516657971230531,3.594390146476889,6.102364490153711,5.65014169432414,6.366991948602041
HINDUNILVR,2019.0,15.41592470109387,77.41032816077335,77.03063429515699,32.52992645874711,381.9984935977906,0.01258421253336723,0.5314294916527994,27.720496894409937,2.1101508400880347,8.337221633085896,5362.0,0.9570957095709571,28.0,36.4212962962963,78.0,99,5800.0,-4715,100.0,10.59220706147137,15.936483642624832,8.500320901376313,6.892035103220162,13.44184911063353,6.10185094777882,8.90385875618529
HINDUNILVR,2020.0,16.982128044642185,75.21303069150139,82.09989063069631,33.52354488165534,363.61647830842145,0.0,0.0,22.61556603773585,1.974048528755024,7.260996532213908,9414.0,1.1283303730017762,31.0,38.09722222222222,80.0,0,7623.0,-5479,100.0,1.2032561689137689,11.485148514851495,-1.6694051922444997,6.255708535006144,14.590276308931038,4.468544770055072,9.074307784278869
HINDUNILVR,2021.0,17.00901590541805,75.27855745513311,16.778537567646936,11.636601687518185,74.25850568444015,0.0,0.0,63.38235294117647,0.6841431480942682,0.9141768559376398,7935.0,1.1455181897737217,34.0,202.86808510638298,119.0,0,9163.0,-51443,100.0,18.211296282331645,18.398460627590296,18.314283804558528,9.780700333610891,15.237651488475933,7.879245537212842,14.018833278510812
HINDUNILVR,2022.0,16.954581855622926,75.48526103039318,18.12437577709382,12.611692621904519,79.0136516046623,0.02125924869040582,1.4793067256687376,55.242009132420094,0.7438515870989703,1.018903114254075,7320.0,1.0175438596491229,38.0,208.77021276595744,90.0,1043,9048.0,-51473,100.0,11.520796121459554,11.16389548693586,11.827015422857468,10.08710276693292,13.634169774627303,9.600953176013682,14.643813143172402
HINDUNILVR,2023.0,16.743149554308353,76.64740838560581,20.16340648854962,13.879880126441973,90.12091687207655,0.024232665394402036,1.6681035072594659,30.785714285714285,0.8289886010646305,1.1500056949770303,8507.0,0.9850142955733018,43.0,214.05957446808512,91.0,1219,9991.0,-52678,100.0,15.509285741524614,14.06882591093117,17.2876304023845,15.047516049594755,14.505301565465833,11.252595068377769,14.178092979806411
HINDUNILVR,2024.0,16.611735814915342,76.31672482874498,20.074973642078955,13.099924830230988,89.63037455884027,0.028974188761763442,1.8907108002395239,18.045287637698898,0.7885945801322478,1.1516820482286394,10145.0,1.504473837774752,44.0,217.94893617021276,96.0,1484,15469.0,-53744,100.0,2.172334103664575,1.370403233757278,1.7315271466413984,9.589435897156351,8.729477470315782,9.504485244074123,11.152950436803422
HINDUNILVR,2024.0,16.611735814915342,76.31672482874498,20.249724279187017,12.73076208753792,90.1005207240544,0.03251536158815188,2.044202315359376,18.045287637698898,0.7663715718442394,1.1456493975234605,10145.0,1.504473837774752,44.0,216.06808510638297,96.0,1651,15469.0,-54027,100.0,0.0,0.0,0.0,5.677712607321905,4.960538093104372,9.24284724217106,8.762101824859947
ICICIBANK,2013.0,22.568786899855187,70.58928372507519,14.731759812689965,1.5011365960208765,5.69424949813181,7.091880807992671,72.26483428222554,1.46418826739427,0.06651383624126066,8.201169376941348,-1069.0,1.726949654491609,15.0,59.58665511265165,24.0,487659,17494.0,-5473,100.0,,,,,,,
ICICIBANK,2014.0,23.599911073384668,66.39584470179268,15.278032186314276,1.5615931272249726,5.303123244506718,7.1052597147716865,72.6240434790749,1.5411999335216886,0.06616944963771895,8.984746686035955,-8985.0,0.5793440095915047,17.0,66.17316017316017,24.0,543055,6765.0,-5507,100.0,10.23504511529465,15.271470878578475,3.6864032319151585,,,,
ICICIBANK,2015.0,23.546321228440434,70.52980132450331,15.278909155303703,1.5666782474799628,5.68489775806849,7.050433858686028,72.29417525442481,1.5200839668671282,0.06653600926787874,9.361948560722194,-25448.0,-0.9483078349559574,19.0,73.02155172413794,24.0,597207,-12273.0,-5871,100.0,11.085511024879246,10.83326196797123,18.001948131011815,,,,
ICICIBANK,2016.0,18.428508786723782,88.12358754680069,11.610757509749126,1.1893255663092268,6.825276984610079,7.1347132641242785,73.08306013783856,1.3397463303406014,0.06453726560697291,6.805233559049696,11585.0,2.16390592111284,16.0,80.92089423903697,29.0,671455,23645.0,-8713,100.0,7.877883705698285,-15.569463761397007,34.78821647835733,9.72438950931318,2.5566514971660403,,
ICICIBANK,2017.0,18.608467344929437,104.76042008532984,10.837984555394144,1.1504222780187172,7.9255772148190085,6.698467008181054,71.10238656826195,1.2632391627587785,0.06182251642192295,6.526022702934247,50925.0,4.641622574955909,16.0,89.81287553648069,14.0,700874,52636.0,-9338,100.0,2.7759975714237495,3.7796284433055716,22.179055347163732,7.191540412740927,-0.9714109175412156,,
ICICIBANK,2018.0,14.63916862391815,117.12300119043788,8.225616921269095,0.8094061893779224,7.863879683915371,7.368688420862334,72.50838535917622,1.1932508317636912,0.05529044785067078,6.5675647120972,-31168.0,2.13,12.0,86.02643856920685,12.0,815198,19383.0,-9465,100.0,2.005251066622904,-19.753086419753085,14.0426998323961,4.187483730625474,-11.077158440000545,6.72956758804637,-2.1217063794276014
ICICIBANK,2019.0,7.903364730071407,116.38326248228724,4.979300324717951,0.45923696756684323,8.328404058077632,7.804092671527225,71.97653524314777,1.1248714707121787,0.05810651327016437,7.451552795031056,18389.0,8.555282123396028,7.0,88.63692785104732,15.0,891641,48671.0,-9660,100.0,15.797432515041354,-37.48351648351649,15.066065983572784,6.677063756531809,-19.552664652172258,7.785564136098544,-13.395405873309175
ICICIBANK,2020.0,13.231411193361309,100.6188410580414,9.128985035783995,0.8150050969583792,7.503630462835664,8.251756668835394,73.66890971558682,1.2862047729022326,0.06159623376887399,8.15025458737631,37470.0,7.088195991091314,15.0,94.94980694980696,0.0,1014636,79565.0,-10409,100.0,17.857242088299863,97.31059940235542,1.8931662190390997,11.65870273321319,-0.3391856172353491,9.068758698425295,-2.8065516501292964
ICICIBANK,2021.0,22.83907001783251,102.40682794432668,12.922385729787356,1.2939283726391717,7.238548088791504,7.004638707507599,70.13798344402001,1.3606284811705047,0.05665416199647734,8.248959200666112,74384.0,6.777401296405421,27.0,113.94577006507592,8.0,1103840,138015.0,-10809,100.0,5.100429063133571,81.4164810690423,6.968053326460555,12.776833842946477,30.799845804865612,8.501260775564191,13.258923400037336
ICICIBANK,2022.0,27.815569088222038,84.68770635278334,14.577073709304432,1.5141754966944097,5.630440251397017,6.882435334765151,71.49044554006335,1.5511274927972445,0.05443625805001264,8.910712617913514,18663.0,2.18972793729746,36.0,130.97338129496404,14.0,1252968,58111.0,-10707,100.0,7.002904792346598,30.31820860341781,-11.511461082697217,9.846302684640996,67.08754781027004,9.379405364120297,18.536207206394106
ICICIBANK,2023.0,29.290392922926973,72.57469004765956,16.53208887728557,1.810629617715689,5.442547685164251,6.526373206276982,71.478230677716,1.710406683867797,0.061816501488391566,10.936495031616984,-71460.0,-0.10634217873156425,49.0,153.54187544738727,16.0,1399894,-3771.0,-11070,100.0,26.89530118335133,33.62348330695606,8.745265971929994,12.585345733135323,46.730887020544756,14.261562955956219,31.262876521643257
ICICIBANK,2024.0,28.888011233982798,62.41380175029464,17.99027109750765,1.9492289334082888,5.2203495054405735,6.445624336310825,69.83773275077695,1.7897598076370194,0.06747535915921023,10.151202749140893,12547.0,3.4132071786636575,63.0,182.308896797153,16.0,1651008,157284.0,-15714,100.0,31.758447801630506,29.948394010321188,13.311481380315037,21.39660074377121,31.28635844345755,17.25086850260209,51.94877118224903
ICICIGI,2013.0,8.798604187437686,104.46161515453637,18.877005347593585,2.793384505816254,224.11764705882354,0.0,0.0,1.598976109215017,0.3174804146553771,10.287179487179488,22.0,2.7875354107648724,8.0,4.279176201372998,0.0,0,984.0,-390,100.0,,,,,,,
ICICIGI,2014.0,11.948529411764707,105.19301470588236,21.72096908939014,3.5268583830710796,191.2280701754386,0.0,0.0,1.6523867809057529,0.2951709169831796,11.667560321715818,-111.0,1.1442307692307692,12.0,5.379775280898876,0.0,0,595.0,-373,100.0,8.47457627118644,47.30878186968839,9.234073013600575,,,,
ICICIGI,2015.0,13.816721776098253,105.24326877657062,20.27027027027027,3.9942646456370343,154.4005544005544,0.0,0.0,1.7106854838709677,0.2890891711047385,11.11286089238845,73.0,-0.1675213675213675,13.0,6.456375838926174,15.0,0,-98.0,-381,100.0,-2.711397058823528,12.5,-2.664919178680647,,,,
ICICIGI,2016.0,8.403779214321233,87.33631692358695,15.66265060240964,3.2342434294462876,162.82447466007417,0.0,0.0,,0.3848558305690227,11.829411764705883,201.0,1.0078895463510849,11.0,7.225446428571429,26.0,0,511.0,-510,100.0,42.48937175247993,-13.33333333333333,18.24506283662477,14.566452876307467,12.826491837784747,,
ICICIGI,2017.0,9.335106382978724,87.77925531914894,17.9953857985132,3.006295233608839,150.5015959872321,0.12432709561650859,2.0769988437326026,-454.0,0.3220418825746221,14.573643410852712,-362.0,2.319088319088319,16.0,8.649667405764967,22.0,485,1628.0,-516,100.0,24.647770595060493,38.46153846153846,25.279939267413166,19.9986383287754,10.520944959211608,,
ICICIGI,2018.0,12.471064814814815,103.79050925925925,18.982602950891874,2.8974789915966386,142.70936940521187,0.1068046685752037,1.6302521008403361,1.7622689611217335,0.2323361344537815,18.782608695652176,494.0,2.7726218097447797,19.0,10.002202643171806,17.0,485,2390.0,-368,100.0,-8.085106382978724,22.79202279202279,8.680502954097857,17.747300339951224,13.793415582876367,11.493246356113973,19.54915536189077
ICICIGI,2019.0,9.39711547075159,85.04882200125414,19.425925925925927,3.1404364877406223,161.29799524294936,0.08981481481481482,1.4519653923300302,-798.0,0.3341915396820645,5.680916030534351,120.0,2.8369876072449953,23.0,11.894273127753303,26.0,485,2976.0,-1965,100.0,61.501736111111114,21.693735498839906,32.33900195149148,22.767251536215216,27.425352292005268,20.73089151460985,15.067964028910176
ICICIGI,2020.0,10.367283146652774,84.61404879742989,19.46527551353114,3.2233680686787967,147.22767789696329,0.07906749266384089,1.3093245505102316,114.13333333333334,0.3109173370768317,17.34487951807229,51.0,2.875209380234506,26.0,13.51101321585903,13.0,485,3433.0,-664,100.0,3.171190540177382,13.822688274547179,2.6437750157994433,15.267580002856885,19.36831723586816,22.156815510192395,15.33727652545467
ICICIGI,2021.0,12.112490749116027,82.97015048104596,19.38412949072246,3.7482823553361495,124.8144482929243,0.06382418739307803,1.234159499211156,163.83333333333334,0.3094559519568426,16.96094839609484,407.0,1.2043448744059742,32.0,16.701098901098902,25.0,485,1774.0,-717,100.0,5.591733958496126,23.36683417085428,3.5402770651616233,20.722583157280596,19.55428881562893,15.050150901377556,23.776716438802193
ICICIGI,2022.0,7.93086234868339,93.660302009235,13.8257369737844,2.4996066708621774,158.88641896898486,0.02773849668225824,0.5014946507237256,3.081582200247219,0.3151746381371932,17.030818278427205,944.0,0.6365066876475216,26.0,18.723014256619145,35.0,255,809.0,-941,100.0,31.78192582846806,-13.713509843856075,48.761149653121905,12.810122603368601,6.608055197972473,16.337964135790962,12.606040444349386
ICICIGI,2023.0,9.672186171402998,92.92906690534795,16.554959785522787,3.1387285335656974,158.5265769634507,0.003351206434316354,0.06353701484950804,3.1321897073662965,0.3245107649856588,20.24462061155153,605.0,1.324465008675535,35.0,21.270875763747455,31.0,35,2290.0,-883,100.0,11.543741420192188,36.03461841070023,10.67288474350434,15.782696485701164,13.134975939398984,20.929796850443783,14.936388172122527
ICICIGI,2024.0,9.366915605017816,87.42129155073948,15.7230643179025,3.0312124849939974,146.3235294117647,0.0028676771814829987,0.05528527200353826,23.8125,0.3236083907247109,22.029032258064515,486.0,1.2542991141219386,39.0,24.75659229208925,28.0,35,2407.0,-930,100.0,14.606175878272554,10.989010989010994,7.813628702143038,18.98796206427069,9.217125634550683,12.911841003362579,12.839173718198161
ICICIGI,2024.0,9.366915605017816,87.42129155073948,14.084403669724772,2.821477931014203,131.44954128440367,0.0,0.0,23.8125,0.30121739641838446,26.95657894736842,486.0,1.2542991141219386,39.0,27.525252525252526,28.0,0,2407.0,-760,100.0,0.0,0.0,0.0,8.530318206146292,14.72105742609462,12.20902794058012,9.954783962421665
ICICIPRULI,2013.0,7.5655430711610485,96.27965043695382,38.24791719262812,2.014091996809359,486.86868686868684,0.0,0.0,2.767777777777778,0.2662190906673757,121.36363636363636,-1077.0,-1.7432343234323433,11.0,2.7718684394681596,32.0,0,-2641.0,-165,100.0,,,,,,,
ICICIPRULI,2014.0,7.131761695906433,93.12865497076024,35.614875655943415,1.915948646193878,464.9635036496351,0.0,0.0,13.186046511627907,0.2686501215111569,111.10659898477158,3630.0,-1.5259449071108264,11.0,3.0671798460461863,70.0,0,-2382.0,-197,100.0,9.303370786516862,3.0363036303630464,5.726141078838176,,,,
ICICIPRULI,2015.0,4.760107973180855,95.1963544538937,31.14909781576448,1.6203131946845823,623.0623100303951,0.0,0.0,39.18604651162791,0.34039421034431655,164.8468899521531,-1299.0,0.31890243902439025,11.0,3.6766759776536313,51.0,0,523.0,-209,100.0,57.40588450292399,5.060858424087122,60.90070643642071,,,,
ICICIPRULI,2016.0,7.91404863542616,91.16984028010936,30.99755776817584,1.5749534672839212,299.24433249370276,0.19331204208153296,0.9821982532334272,,0.1990073020569847,98.34433962264151,3661.0,2.2024242424242426,12.0,3.7171787709497206,73.0,1029,3634.0,-212,100.0,-39.48567613850753,0.6097560975609762,-42.045246661381796,1.3532240549049446,2.8861944351566082,,
ICICIPRULI,2017.0,4.447852760736196,95.22424370636767,26.256634405245084,1.3483938721029975,562.1292538245395,0.0,0.0,15.330769230769231,0.3031561395210877,182.68599033816426,3434.0,2.455410225921522,12.0,4.464111498257839,63.0,0,4130.0,-207,100.0,81.3804019377428,1.9393939393939297,89.44654882154883,19.99316346150739,2.519787219760028,,
ICICIPRULI,2018.0,4.169241862381541,95.44190358467245,24.627319744447824,1.141595977971922,563.7663522969273,0.0,0.0,14.931818181818182,0.27381380492035623,96.11881188118812,301.0,3.5145151327980235,11.0,4.577994428969359,59.0,0,5690.0,-404,100.0,2.686693463084411,-3.745541022592147,2.921410719244655,4.068885818752821,-0.42866417240922106,14.16249374118479,1.336719990135049
ICICIPRULI,2019.0,2.747027470274703,98.69522224634011,16.57691747926066,0.698404522767129,595.5756076262553,0.0,0.0,2.5670356703567037,0.25424009418343696,89.55291576673866,3818.0,9.988586479367866,8.0,4.784818941504178,40.0,0,11377.0,-463,100.0,6.775339925834367,-29.64793082149475,10.41498030327559,25.75497178594537,-11.621506706806084,13.629456216771342,-6.108956847763958
ICICIPRULI,2020.0,5.074910820451843,101.51724137931035,14.792735338971303,0.6838384679967442,295.910162207126,0.0,0.0,1.7591888466413181,0.13474886400779332,22.55901287553648,-2201.0,8.056232427366448,7.0,5.022980501392758,11.0,0,8596.0,-932,100.0,-49.292139980223325,-6.321334503950837,-47.84223644983139,-17.77192214808054,-14.076331812129029,-9.405508418395813,-8.237737238066
ICICIPRULI,2021.0,1.1492871053833762,100.46885143420452,10.495114721703809,0.44010680416167947,810.6702880977787,0.1317378416950269,0.5524353190313968,1.7303774715398441,0.382938955897247,91.30845225027443,2230.0,7.650627615062762,7.0,6.343314763231198,30.0,1200,7314.0,-911,100.0,295.6337693222354,-10.402999062792873,291.54797601199397,28.907998811627134,-16.10481916376746,31.883002459782304,-10.340814423614653
ICICIPRULI,2022.0,1.194072116292241,103.40444276634572,8.287835772002621,0.31050945642435474,634.5626568835683,0.1310329766324525,0.49092404177763593,1.3011595111250391,0.26004246492961375,146.79907621247114,1015.0,2.412384716732543,5.0,6.372999304105776,10.0,1200,1831.0,-433,100.0,-23.584429323651758,-20.60669456066946,-21.351648877614515,15.305537807490532,-12.654738254559938,10.944844537496001,-14.712937419779582
ICICIPRULI,2023.0,1.6106026387733272,103.48072427592219,8.057482656095145,0.3177630730386045,462.7070599698822,0.11892963330029732,0.4690229860348406,1.370940170940171,0.1972945190755557,105.38204592901879,-1056.0,0.10947109471094711,6.0,7.011813759555246,11.0,1200,89.0,-479,100.0,-20.58712478761563,7.114624505928857,-20.528541869522886,33.902508051302284,-8.663988641203069,5.385892062674458,-12.869794292890713
ICICIPRULI,2024.0,0.942341125272681,102.02531365231931,7.732848705134029,0.28461443272764975,754.9037279803359,0.10904134484325306,0.4013364503797646,1.346127946127946,0.3020290902037117,134.7865671641791,105.0,-8.595769682726205,6.0,7.63705759888966,10.0,1200,-7315.0,-670,100.0,78.90368081144261,4.674046740467408,76.38747965923231,2.777335010929405,-3.803953723638853,16.84553965244746,-5.6631941891523425
ICICIPRULI,2024.0,0.942341125272681,102.02531365231931,7.352687057197166,0.26037364076392583,721.2211350293542,0.0,0.0,1.346127946127946,0.2763050808045576,118.51312335958005,105.0,-8.595769682726205,6.0,8.015235457063712,10.0,0,-7315.0,-762,100.0,0.0,0.0,0.0,12.418227138977777,3.887332412441835,33.84343752343337,-4.423080656964407
INDIGO,2013.0,8.551559274149733,90.7095512332935,17886.363636363636,3026.923076923077,55653.33333333333,2.5,42.30769230769231,4.35472972972973,353.96153846153845,1840.6,-149.0,2.2121982210927573,25647.0,11.0,70.0,11,1741.0,-5,100.0,,,,,,,
INDIGO,2014.0,4.263740217684627,96.10506431591257,10772.727272727272,1354.2857142857142,56231.57894736841,3.1818181818181817,40.0,2.214833759590793,317.62857142857143,1111.7,-1319.0,3.3649789029535864,15454.0,11.0,80.0,14,1595.0,-10,100.0,20.797566011083333,-39.7712833545108,27.982750359367504,,,,
INDIGO,2015.0,9.364452423698385,86.33393177737881,4939.39393939394,2137.7049180327867,38780.645161290326,0.15151515151515152,6.557377049180328,5.675949367088608,228.27868852459017,1160.4166666666667,1444.0,1.8282208588957056,42481.0,65.99999999999999,83.0,4,2384.0,-12,100.0,25.258612935144377,175.10548523206754,12.523399475851749,,,,
INDIGO,2016.0,12.304832713754648,80.39653035935564,1534.775888717156,1013.265306122449,9402.898550724638,0.061823802163833076,4.081632653061225,6.483495145631068,82.34693877551021,1241.5384615384614,1779.0,1.5689828801611279,55.0,323.5,27.0,8,3116.0,-13,100.0,15.906642728904853,52.30061349693251,7.93545167193479,20.593722936180026,36.144939706815,,
INDIGO,2017.0,8.928955866523143,88.06243272335846,1692.8571428571427,674.390243902439,10981.208053691274,0.5306122448979592,21.138211382113823,3.717363751584284,75.52845528455285,204.17582417582418,749.0,2.2796865581675707,46.0,3.3793103448275863,74.0,52,3782.0,-91,100.0,15.117719950433695,-16.465256797583084,26.094327990135625,18.673213155083502,51.82944859378311,,
INDIGO,2018.0,9.738934016767299,86.8381043395161,2242.0,803.584229390681,12981.16883116883,0.54,19.35483870967742,4.302006335797254,82.51254480286738,242.32631578947368,-249.0,1.7408563782337199,58.0,3.4482758620689653,10.0,54,3903.0,-95,100.0,23.90204520990311,35.14165159734779,22.17944016623885,18.243241530498345,19.79885639728338,20.126535651014454,23.291227130040724
INDIGO,2019.0,0.547426044846826,100.52988033828123,120.93023255813952,41.8230563002681,13201.84331797235,0.6821705426356589,23.59249329758713,0.8875471698113208,76.39946380697052,191.25503355704697,634.0,20.256410256410255,4.0,4.448275862068965,123.0,88,3160.0,-149,100.0,23.786977107858043,-93.04192685102586,43.304487019158614,20.864438096876725,-57.17325002085786,20.715297032769932,-19.930106411802996
INDIGO,2020.0,-0.69358988701197,88.62009173285603,-138.54748603351956,-58.767772511848335,12524.505928853754,0.41899441340782123,17.77251184834123,0.8203788373612019,84.72985781990522,177.89054726368158,2370.0,-27.995967741935484,-6.0,6.172413793103448,0.0,75,6943.0,-201,100.0,25.472856791943023,-258.97435897435895,10.608070371404633,24.384922426654377,,20.756563392217544,
INDIGO,2021.0,-42.14876033057851,99.97950959633904,-1094.148936170213,-760.9124537607892,2559.090909090909,0.015957446808510637,1.1097410604192355,-4.627413127413128,18.053020961775587,58.799196787148595,1608.0,0.2625182304326689,-151.0,11.75,0.0,9,-1620.0,-249,100.0,-59.05302606555543,2388.3064516129034,-53.804399280462015,-14.003220967101893,,-1.9306172057442006,
INDIGO,2022.0,-1.2224750298870077,97.84813543635032,-48.769230769230774,-34.45652173913044,3832.779456193354,0.018461538461538463,1.3043478260869565,-7.511724137931035,28.18586956521739,102.49407114624506,3591.0,-6.511041009463723,-160.0,13.541666666666666,0.0,12,2064.0,-253,100.0,77.11221911071648,-94.86306919462,73.33652138270254,-3.0963711280471706,,6.894340234725771,
INDIGO,2023.0,-0.582228262865959,88.02483194357713,-40.7979407979408,-29.84934086629002,6081.979695431472,0.015444015444015444,1.1299435028248588,0.7784765897973445,51.26741996233522,205.4566037735849,8664.0,-40.072555205047315,-8.0,16.1875,0.0,12,12703.0,-265,100.0,109.96490686822722,0.0,88.88582351318331,15.046218985430038,,18.786848077111173,
INDIGO,2024.0,11.852722628584697,76.29890862649484,892.568306010929,668.3306055646481,5640.87982832618,0.018579234972677595,1.3911620294599019,4.4578675838349096,56.38625204582652,125.73722627737226,9424.0,2.5937308681278317,212.0,19.0625,0.0,17,21183.0,-548,100.0,26.55475149689601,-2676.340694006309,9.696198305721326,67.58091776468258,,19.313355125806165,120.69250867467933
INDIGO,2024.0,11.852722628584697,76.29890862649484,856.9779643231899,659.1606133979016,5403.186022610484,0.02098635886673662,1.6142050040355123,4.4578675838349096,55.61259079903148,120.88421052631578,9424.0,2.5937308681278317,212.0,19.854166666666668,0.0,20,21183.0,-570,100.0,0.0,0.0,0.0,38.50806316887769,,14.019491841004728,
INDUSINDBK,2013.0,15.194042675068022,27.881999140770443,13.905635648754917,1.4473379077032207,2.734281741963571,8.332372214941023,86.72568786064086,2.1562729273661043,0.09525693317145702,9.423751686909581,-660.0,-0.4580584354382658,20.0,14.588910133843212,15.0,63576,-486.0,-741,100.0,,,,,,,
INDUSINDBK,2014.0,17.058395929246426,30.95468863581294,15.570054185557892,1.617907292073633,3.0305905796671686,8.3229016919164,86.48449888539056,2.1253305129561078,0.09484521867028245,8.32896064581231,-4280.0,-2.9161931818181817,27.0,17.192015209125476,13.0,75264,-4106.0,-991,100.0,18.20134612630675,32.70499528746467,31.227529532614273,,,,
INDUSINDBK,2015.0,18.510111432108957,32.32562938505985,16.85456595264938,1.6048377718339342,2.972570376765942,8.901916572717024,84.76119763478759,2.0631868131868134,0.08670060024868724,8.653571428571428,-1697.0,-0.7920847268673356,34.0,20.120982986767487,12.0,94752,-1421.0,-1120,100.0,17.421856069784347,27.41477272727273,22.622309197651667,,,,
INDUSINDBK,2016.0,19.255390835579515,35.27628032345013,12.918173598553345,1.599753668726425,3.0864015564661145,6.667947558770344,82.57416180885532,2.0521686381558992,0.08308082045109415,9.74712643678161,-3185.0,-1.2804024496937882,38.0,29.741176470588236,12.0,117996,-2927.0,-1218,100.0,22.492777548493592,27.424749163879603,33.67379508458346,19.351335222500452,29.157693482814206,,
INDUSINDBK,2017.0,19.908371511870055,39.455782312925166,13.891310665504214,1.605391608078456,3.349992927530765,7.218153637508476,83.41879002283821,2.045312874610405,0.08063902198737181,11.022188217291507,11284.0,4.033821478382148,48.0,34.525083612040135,13.0,149026,11569.0,-1307,100.0,21.344339622641506,25.459317585301843,35.72110792741165,20.399952421015378,26.762899393412056,,
INDUSINDBK,2018.0,20.866847983334296,37.931832648573575,15.125204479677864,1.6270654165125031,3.0663797539411517,7.966444360555346,85.69752646350157,2.1538947368421053,0.07797370344634655,13.161462300076161,-20917.0,-5.740432612312812,60.0,39.735,12.0,189928,-20700.0,-1313,100.0,19.95696237678746,25.73221757322175,15.323715693173812,21.26025808808194,26.202442783967193,19.868581396171827,27.72092867738314
INDUSINDBK,2019.0,14.82862405103095,41.70073222227214,12.369781908116616,1.1881836735428464,3.45253370525337,9.075507756876265,87.17510321468293,1.8820612714715779,0.08012770904797728,13.187796208530806,-7022.0,-1.9354740987579522,55.0,44.25538971807629,14.0,242189,-6389.0,-1688,100.0,28.81777674903072,-8.458125346644485,41.61708619374522,23.312450208845203,13.028968977248056,21.948381582255692,18.57921580173736
INDUSINDBK,2020.0,15.349338150991903,43.81405690859187,12.729420577981386,1.4388161194302054,4.238991596638655,7.57175785864523,85.58415673911769,1.8805927204718746,0.09373799086817475,16.522962112514353,-11513.0,-2.724988682661838,64.0,50.01008645533141,0.0,262793,-12039.0,-1742,100.0,29.29787520776246,33.83823083913966,35.85047937089303,25.94981939550629,15.491189624108515,24.321010202841762,19.751415210189815
INDUSINDBK,2021.0,9.779310344827588,55.16206896551724,6.5398362734924484,0.7813253327382478,4.558939619770129,7.091617664014758,84.72475914186455,1.576917212989785,0.07989574982161207,16.724336793540946,44420.0,15.7425952045134,37.0,56.09961190168176,14.0,307528,44646.0,-1734,100.0,0.7539172428169483,-35.808057944771384,26.849575767187382,18.83463663794036,-7.69465821901516,19.556948543092957,4.406130464362379
INDUSINDBK,2022.0,14.960093439750827,51.39186295503212,9.667071994632899,1.1470862615834319,4.075101234364629,7.149251540945113,84.83239007400958,1.8418325606763022,0.07667641022451645,17.57240592930445,16249.0,3.600086749078291,60.0,61.545806451612904,14.0,341005,16600.0,-1754,100.0,6.282758620689655,62.58815232722144,-0.9814340188785353,11.456495150268298,11.784914582547534,16.429620297749015,9.962143008064084
INDUSINDBK,2023.0,20.320061592608887,42.68862736471624,13.5293471495002,1.6142279228665544,3.5278398258462835,7.056662150781737,84.19520143991753,2.207445505755572,0.07944010974128667,19.584275713516423,-12879.0,-1.683085250338295,95.0,70.38917525773196,15.0,385449,-12438.0,-1857,100.0,17.993640905846476,60.26892214270223,-1.9886363636363646,8.108818294925246,18.706065055459597,16.04598245049358,15.431341581089676
INDUSINDBK,2024.0,19.56369677362945,38.55469091544986,14.252273197764223,1.7380834474254032,3.5617860222414732,6.885742949503957,83.97254022352337,2.272049424797614,0.08884228106460039,22.86256871564218,-17468.0,-1.8818994413407821,115.0,80.7159383033419,14.0,432404,-16843.0,-2001,100.0,25.791904971403422,21.109607577807843,13.610305958132042,16.410290098595137,46.680462139134974,15.495613083358029,22.077464953948358
INFY,2013.0,23.366871530531323,28.59337827121332,24.81707638048113,20.376012965964343,30.3679528346581,0.0,0.0,2560.8,0.8720043219881145,5.652332259420087,4451.0,0.781949305334606,21.0,132.84615384615384,25.0,0,7373.0,-7139,100.0,,,,,,,
INFY,2014.0,21.255460475136136,26.70895418187621,23.92993487536492,18.705894744233404,30.06961598922075,0.0,0.0,1637.4444444444443,0.8800512586455078,5.983886369061828,7262.0,0.9220157657657657,23.0,155.6993006993007,34.0,0,9825.0,-8378,100.0,24.23919508326724,13.013044861597201,16.051308719015434,,,,
INFY,2015.0,23.20373600405109,27.913126652787934,24.385052034058656,18.663730030623483,29.334200567644274,0.0,0.0,1441.3333333333333,0.804341595136448,4.699365415124273,9352.0,0.6751535725832525,27.0,88.6993006993007,55.0,0,8353.0,-11346,100.0,6.355095446113346,16.10360360360361,11.15011202389844,,,,
INFY,2016.0,21.602793036626576,27.352220496148366,21.84665716506867,17.961863165463793,27.66098730240995,0.0,0.0,,0.8314602253056007,4.664649633945913,9143.0,0.7434205649047372,29.0,53.97202797202797,41.0,0,10028.0,-13386,100.0,17.10834786848965,9.02845134173942,14.755089699657331,15.664902194350061,12.677717161772527,,
INFY,2017.0,20.958180012849716,27.165469306699375,20.80687715635963,17.26199066724395,26.969354324316484,0.0,0.0,,0.8236397748592871,4.829959799703787,-3133.0,0.8033860516965095,31.0,60.29895104895105,41.0,0,11531.0,-14179,100.0,9.677935971557151,6.405219067388246,8.929094209262844,10.957111282688103,10.43739595009714,,
INFY,2018.0,22.729077451008195,26.68954368849437,24.689247262141308,20.200632648174523,28.991266577330066,0.0,0.0,,0.888757262221326,5.60855734054398,17751.0,0.8246303574770728,37.0,59.671875,59.0,0,13218.0,-12574,100.0,2.9758775772443125,11.677001323765058,1.1717910126854525,9.769294997006405,9.015647640603586,11.81289987999634,11.195742367356232
INFY,2019.0,18.639250075597218,24.396734200181434,23.726673646609594,18.33083529607689,31.055613721746628,0.0,0.0,,0.9834534770299527,5.262571610439211,14209.0,0.9630759247242051,35.0,29.929953917050693,60.0,0,14841.0,-15710,100.0,17.232920223476356,-3.8617505770790483,7.161831898841786,9.80820305126835,4.538025918537669,10.522347793403108,7.656854216677544
INFY,2020.0,18.32670639160269,24.525558700752278,25.422459893048128,18.125272331154683,31.772327097869667,0.0707868601986249,5.046840958605665,130.45294117647057,0.98900871459695,3.816511833200219,16672.0,1.0218763146823728,39.0,30.8435438265787,45.0,4633,17003.0,-23789,100.0,9.816752343513757,7.975340687865029,10.396628656420436,9.854510602507016,5.049707048712104,11.23261845680139,6.105393931161118
INFY,2021.0,19.331754120550997,27.757982323433396,25.43909051616875,18.066058356819305,34.14589353053529,0.06974368377624393,4.952981555375729,137.55384615384617,0.9345276297309113,3.939306018427759,15851.0,1.195695824537919,45.0,35.946798493408664,59.0,5325,23224.0,-25505,100.0,10.662951173574475,16.7317747460785,25.248125028068436,12.522699422394744,6.611313417823994,9.980335337542012,7.564090913719279
INFY,2022.0,18.20603250548746,25.88847510296693,29.39084273390843,18.97214916601701,38.962436899930715,0.07264764432647644,4.689494470097405,151.55,1.0420803742000702,4.714767441860465,17400.0,1.0785243384809897,53.0,35.91515729265968,59.0,5474,23885.0,-25800,100.0,21.069551715900946,14.019461463213712,12.9154863924845,13.737041176393184,12.848957726634369,12.175540977423328,9.061262837863616
INFY,2023.0,16.426035825492104,23.93589839677857,31.970506716883047,19.34893576037754,41.968317683320194,0.11005609558794277,6.660727471186877,118.33098591549296,1.1779431121384314,5.02196749358426,21396.0,0.9319313091090095,58.0,36.44610923151281,73.0,8299,22467.0,-29225,100.0,20.65586438782976,8.85938769981034,11.55568257597408,17.362280326090573,13.156104226704102,15.787255328146577,8.505299682051447
INFY,2024.0,17.08075746730006,23.703390381987376,29.788006718416632,19.297162182032054,37.75589530966572,0.09486358890553362,6.145419791207176,77.57021276595745,1.129760329363329,5.563319093476214,20117.0,0.9604541298384639,63.0,42.54756156446161,,8359,25210.0,-27622,100.0,4.7033733741236095,8.876721420275423,3.6863079988613823,15.216500798806365,10.558796476740762,13.199100930556229,11.239419983657939
INFY,2024.0,17.08075746730006,23.703390381987376,29.015177475874115,18.501444984845282,36.693966776471534,0.09732155687960824,6.205681257489251,77.57021276595745,1.0831747374356806,4.81467556474606,20117.0,0.9604541298384639,63.0,43.659749034749034,,8804,25210.0,-31917,100.0,0.0,0.0,0.0,8.10265735913871,5.827931432827271,11.098771930226636,9.545312630154212
IOC,2013.0,0.7854389536142752,3.0016458053618607,5.753763662610847,1.4995162850693324,9.076800167640203,1.422513761758967,37.07282183580152,1.6286990508096035,1.9091442793474396,6.91556593883847,46.0,2.5751309622277363,3.0,25.962520593080725,36.0,89671,9340.0,-66774,100.0,,,,,,,
IOC,2014.0,1.4266553358793475,3.526605166429471,10.258713353849778,2.619635800310581,10.576740015599187,1.39761165019952,35.68901272029269,2.6775386684599867,1.8362079013961115,6.730779832952008,5601.0,3.4728003444811253,5.0,27.970757825370676,30.0,94916,24195.0,-72554,100.0,5.752739399714146,92.08712434518887,24.247889762643382,,,,
IOC,2015.0,1.0838540890353208,2.352577379217676,7.078103207810321,2.083092828465515,7.908020190689849,0.942773709902371,27.74592424417337,2.6696024756010472,1.9219310509955834,5.854404084343783,35877.0,9.460591133004925,3.0,28.349258649093905,33.0,64893,46092.0,-76781,100.0,-7.952984058401336,-30.07033156308311,-38.59598188363721,,,,
IOC,2016.0,3.587105723244087,6.3685358840613215,13.79528784174261,5.357011846449302,14.837306690185887,0.6507223827517226,25.268972660380207,6.182678520217952,1.4934078501607577,3.4593084282186877,12014.0,2.0642874405864817,8.0,37.9662447257384,28.0,58552,25624.0,-100033,100.0,-23.01677170767085,154.7824302134647,108.3971631205674,-9.169336556017438,50.698778897915744,,
IOC,2017.0,5.736129596852938,9.609177807354964,19.966502115655853,7.447418703122545,20.650432069276217,0.6197206550697383,23.115311688264242,8.468875233769703,1.2983351539352401,3.0647217095845045,10532.0,1.3841550159430953,14.0,21.543785608778222,45.0,63271,28216.0,-115958,100.0,2.697337051539539,64.22299202449044,54.95507759324803,-10.052657110271191,43.02818747749668,,
IOC,2018.0,5.36807341539104,9.883461607812247,19.869329258654304,7.647535996755223,23.204696865043115,0.5765143931011468,22.189549111066047,9.890322580645162,1.424633272493747,3.397676799432501,11996.0,1.286793953858393,15.0,12.01329254140732,90.0,65650,29115.0,-124053,100.0,18.603519059933205,10.993377483443712,21.988930861811482,-2.1221790122929796,66.8399948321155,-1.8091898452746502,44.215535009291294
IOC,2019.0,3.2706122031664764,6.676411225428754,15.358898896584835,5.150836556209242,16.852820990752026,0.8603704131805209,28.853809156048822,6.264365482233503,1.5748845281083483,3.9862786239376877,-9822.0,0.7379298367488711,12.0,12.250190611044548,49.0,96765,12747.0,-132494,100.0,25.30676738823039,-23.654203129143458,-15.353593547457866,15.13581194246405,11.644856530633053,1.5798163670665666,19.913870464536586
IOC,2020.0,-0.3877931962551911,3.31836043682547,-1.9664982494391918,-0.5685503179153963,7.12867857666227,1.3605107025304515,39.33483249586316,-0.2391229281767956,1.4661173104781762,3.290412319244739,-21955.0,-3.8091684434968016,-1.0,10.390807101622917,-437.0,129790,7146.0,-147022,100.0,-8.405628618708793,-110.86025240245456,-54.47507231580738,10.827353497863633,,1.4797147807903865,
IOC,2021.0,5.9793927737326555,10.971012501717269,19.458502476796795,6.12763800701122,17.47539247309475,1.043017578998194,32.84545748919455,11.484486873508354,1.0247926903095919,2.3168984944456823,26715.0,2.2814998621450235,15.0,12.181461714410196,51.0,116649,49650.0,-157085,100.0,-24.766879649745842,-1260.0213219616205,148.73232417616643,-4.77504066085449,-1.2894266676414134,1.014060519872384,11.883079142570097
IOC,2022.0,4.365532536597202,8.103902626921492,19.266110008611975,6.261408384889092,17.984221724313233,0.9886546598270116,32.130879425236444,7.286945361202787,1.434282835461276,3.6714616793550716,4453.0,1.00077739339993,18.0,14.54471190502124,46.0,132020,25747.0,-160514,100.0,61.923615881302375,18.219832735961774,19.6073029627589,3.7200422242528175,14.19981764263223,10.645060661942974,4.7648718629675235
IOC,2023.0,1.3904266794653084,3.6451180627165116,8.37669355358178,2.6479937555854702,10.628097971229352,1.0662463051366653,33.70558490480662,2.981813389562467,1.9044468828832906,4.675175508753221,1614.0,2.5328092959671906,7.0,10.1452948010456,42.0,148977,29644.0,-180048,100.0,42.83488964418374,-54.506938236094385,-35.75317224339377,20.277536380439187,,14.836349116918468,-12.351334911293721
IOC,2024.0,5.559462717942377,9.743776019125345,23.53162465856491,8.941893540895371,23.935274835149535,0.7230954600718581,27.47724697161491,8.26912828321279,1.6084096601703395,3.9610200104082693,39635.0,1.6472973286068442,30.0,13.318109207086843,40.0,132628,71099.0,-195998,100.0,-7.769947585761194,268.7713602187286,146.5404295538246,28.727791225279177,25.64085913541887,8.008755667240486,20.099089966731643
IOC,2024.0,5.559462717942377,9.743776019125345,23.79773496686259,8.457800160686642,21.941258708805393,0.9009461530827167,32.019948658658464,8.26912828321279,1.5213340910426996,3.8293552730877933,39635.0,1.6472973286068442,30.0,13.169183851292477,40.0,163401,71099.0,-202737,100.0,0.0,0.0,0.0,9.623143872988017,18.8230741041701,9.92214776509508,
IRCTC,2015.0,12.370160528800756,14.353163361661943,29.504504504504503,11.273666092943202,34.234234234234236,0.0,0.0,,0.9113597246127366,6.832258064516129,23.0,0.5267175572519084,13.0,22.2,20.0,0,69.0,-155,100.0,,,,,,,
IRCTC,2016.0,13.825896122896856,13.89904901243599,34.87084870848708,13.152400835073069,35.05535055350554,0.0,0.0,,0.9512874043145442,8.59748427672956,295.0,1.5238095238095237,19.0,27.1,40.0,0,288.0,-159,100.0,29.08404154863078,44.27480916030535,25.0,,,,
IRCTC,2017.0,15.06578947368421,20.657894736842106,29.09783989834816,12.54107338444688,39.94910941475827,0.0,0.0,119.33333333333333,0.8324205914567361,8.941176470588236,432.0,1.4759825327510918,11.0,19.675,49.0,0,338.0,-170,100.0,11.192392099487925,21.164021164021165,65.26315789473685,,,,
IRCTC,2018.0,15.075034106412005,18.69031377899045,23.141361256544503,9.529969814575248,28.721174004192875,0.0,0.0,116.33333333333333,0.6321690383786115,7.71578947368421,64.0,0.1085972850678733,11.0,23.875,21.0,0,24.0,-190,100.0,-3.552631578947374,-3.4934497816593857,-12.73885350318471,11.449811104068885,19.043857872204704,,
IRCTC,2019.0,16.524064171122994,20.481283422459892,28.851540616246496,11.912104857363145,35.7609710550887,0.0,0.0,240.5,0.7208943716268311,10.274725274725276,146.0,1.6148867313915858,4.0,6.69375,98.0,0,499.0,-182,100.0,27.557980900409284,39.81900452488687,39.781021897810206,11.008873959320331,17.80549770310449,,
IRCTC,2020.0,22.659010600706715,31.051236749116605,39.04109589041096,15.828448009873497,53.54150799695354,0.0,0.0,74.0,0.6985498302992903,7.943859649122807,417.0,0.797270955165692,6.0,8.2125,39.0,0,409.0,-285,100.0,21.06951871657754,66.01941747572815,83.5509138381201,14.203026027231868,30.846053303040843,16.411555535790434,31.392087899378353
IRCTC,2021.0,24.066924066924066,24.195624195624195,12.843406593406591,5.930859498889946,12.247557003257329,0.05425824175824176,2.5055502695845226,33.25,0.24643196955280686,2.4983922829581995,-205.0,1.3262032085561497,2.0,9.1,43.0,79,248.0,-311,100.0,-65.68021201413427,-63.5477582846004,-73.2574679943101,-19.072582290439456,-5.416268377977785,-10.683745846400194,-0.21254177351718306
IRCTC,2022.0,35.125066524747204,46.514103246407664,35.294117647058826,16.992790937178167,44.25316455696203,0.05614973262032086,2.703398558187436,81.45454545454545,0.4837796086508754,5.608955223880597,282.0,0.793939393939394,8.0,11.6875,42.0,105,524.0,-335,100.0,141.82754182754184,252.94117647058823,364.89361702127655,0.1601711226295155,28.783972913845712,4.3317851665537255,23.57815034854438
IRCTC,2023.0,28.410053657158997,36.0350183563965,40.597255851493145,19.768127333464335,49.78540772532189,0.03389830508474576,1.6506189821182942,85.625,0.6958145018667715,10.08831908831909,495.0,0.8071570576540755,13.0,15.4875,44.0,84,812.0,-351,100.0,88.45130388504523,52.424242424242415,45.995423340961096,16.07797809845499,25.168065030008833,19.288448837755602,35.40700785415161
IRCTC,2024.0,26.01873536299766,34.33255269320843,34.39628482972136,18.240026268264653,44.559270516717326,0.018575851393188854,0.9850599244787391,79.73684210526316,0.7010343129207027,12.448979591836734,667.0,0.7938793879387939,14.0,20.1875,47.0,60,882.0,-343,100.0,20.58740468794127,10.437375745526833,14.890282131661436,76.46921430165466,81.11627776293705,17.955244103890912,29.16686408659448
IRCTC,2024.0,26.01873536299766,34.33255269320843,31.535623048538174,16.33823529411765,41.110487941671344,0.011921657678115243,0.6176470588235293,79.73684210526316,0.6279411764705882,13.598726114649681,667.0,0.7938793879387939,14.0,22.01875,47.0,42,882.0,-314,100.0,0.0,0.0,0.0,31.47212977199887,18.957010419217912,13.529909197785074,16.713028600491732
IRFC,2013.0,9.405405405405405,99.6036036036036,8.163903659680951,0.7377570489718042,8.485425269007015,9.188770722552393,83.0372411843686,1.3568098159509203,0.07843968624125504,426.9230769230769,,,222.0,2.7185374149659864,21.0,58753,,-13,100.0,,,,,,,
IRFC,2014.0,11.311925125060514,99.69340003227369,9.270034382438508,0.8352198260455141,7.973773538636275,9.245834435334567,83.30394376265936,1.3412198827870632,0.07383533897295365,476.6923076923077,,,209.0,2.2559665871121717,6.0,69917,,-13,100.0,11.65765765765765,34.2911877394636,11.758321273516636,,,,
IRFC,2015.0,10.923764231157227,99.5100158524283,8.730707210320203,0.8648327951897954,8.636539880676915,8.208938032711357,81.31481967437561,1.3834134615384615,0.07916985179184684,578.25,,,212.0,2.4224330357142856,20.0,71270,,-12,100.0,11.973535581733085,8.131241084165474,11.767562317902236,,,,
IRFC,2016.0,11.309444518449448,99.48048488077794,7.366594360086768,0.783210332103321,7.541301450094923,7.592451193058569,80.72232472324723,1.3533248776952347,0.06925276752767527,625.5833333333334,-16376.0,-19.290930506478208,188.0,2.546398585947857,40.0,87503,-16378.0,-12,100.0,8.185617524138934,12.005277044854878,8.153511947863867,10.592194921232956,17.601373968002854,,
IRFC,2017.0,10.323864264397038,99.71261191555212,7.7775002081772,0.7204010798303123,7.618766099404587,8.85960529602798,82.0632472040108,1.3096689895470384,0.06978017740069417,753.9166666666666,-19453.0,-20.829764453961456,143.0,1.8401777505363164,40.0,106395,-19455.0,-12,100.0,20.5141867590249,10.011778563015316,20.795393679700048,13.442128028685406,10.038067017269148,,
IRFC,2018.0,22.17546131434121,99.58994280781268,14.754451464675475,1.2726979958877302,6.238592886016738,9.621338311315336,82.99229568707112,1.3904790599578187,0.057392176778061285,842.4545454545455,-28074.0,-13.662287104622871,3.0,2.134232301562979,18.0,134006,-28076.0,-11,100.0,2.4317453299436353,120.02141327623126,2.305731071943251,10.123690837464272,39.437912859895754,10.797314976705529,31.531043210254573
IRFC,2019.0,20.25327824681157,99.55990659241961,9.009908902029727,1.0914599910940737,5.571415647209014,6.94953651909861,84.18665659909779,1.354637663448613,0.05389053454918588,1012.1818181818181,-41747.0,-18.51352549889135,2.0,2.668230277185501,18.0,173933,-41748.0,-11,100.0,20.14675731088811,9.73236009732361,20.11052118322678,14.041153216374024,38.488257854113385,12.433037605369979,26.32395249098518
IRFC,2020.0,23.783622680873258,99.50823336562105,10.535001155153635,1.158603867820431,5.045791836056159,7.7354698174857255,85.07208606771589,1.3140804880448687,0.04871435623439224,1220.090909090909,-62700.0,-19.64317042606516,3.0,2.5504208754208753,0.0,234377,-62701.0,-11,100.0,20.540686186455904,41.55210643015521,20.478123590437527,14.049511302315043,50.62787021535862,14.103140488227828,33.314913556939096
IRFC,2021.0,28.000760890241583,99.27715427049648,12.29604054129309,1.160633091709989,4.360564698280784,8.997744612128974,84.93043034887327,1.3929874521669485,0.041450055455974265,350.46666666666664,-89907.0,-20.359375,3.0,2.7480296885760196,31.0,323145,-89907.0,-45,100.0,17.509872587735643,38.345864661654126,17.236989891426436,19.391485610581594,29.044375284627755,16.005495428865157,39.067060484374224
IRFC,2022.0,30.001477905315532,99.39898517168334,14.854745469180672,1.3533934841548514,4.698488249704264,9.474839622411396,86.32383661496067,1.4326820603907637,0.045110893817503,534.1842105263158,-64417.0,-10.576683087027915,5.0,3.1369653378223274,30.0,388440,-64412.0,-38,100.0,28.710925115718734,37.90760869565217,28.868876540844358,22.163408687094698,39.259099370810226,17.542252951321856,45.4970149339337
IRFC,2023.0,25.996964842761994,99.4351235140376,13.802287325708914,1.2576500074435262,5.087842282928722,9.376133031937513,85.43434504108215,1.3534705106895168,0.048376801486258024,1248.5263157894738,-28588.0,-4.635641316685585,5.0,3.418853776111409,32.0,418935,-28588.0,-19,100.0,16.862899650229068,1.2643678160919603,16.90538732219855,20.908121863020448,24.548075686705495,20.68198021788925,24.58117551431116
IRFC,2024.0,24.064552448864703,99.50459748545694,13.038085361638096,1.3218383695952436,5.748487154636537,8.378352548852153,84.9421334949555,1.3189891050196507,0.05492885738906,1211.1363636363637,7906.0,1.2342482844666252,5.0,3.763027010482822,31.0,412039,7914.0,-22,100.0,12.321895287075279,3.9727582292849117,12.400373071053084,19.101938730495593,13.236946449292141,19.06740855567788,23.245023933940367
IRFC,2024.0,24.064552448864703,99.50459748545694,12.458952686291655,1.2970619887204964,5.832480888742231,7.832721266880404,81.54397307160139,1.3189891050196507,0.05389927743209237,1158.4782608695652,7906.0,1.2342482844666252,5.0,3.93794475476318,31.0,403111,7914.0,-23,100.0,0.0,0.0,0.0,9.491488610844879,1.7322712009365748,14.700726755195493,14.970422199862575
ITC,2013.0,24.36586754380416,35.48927825921943,33.26712151308403,21.80644796059894,48.241616509028376,0.0044045254339753,0.2887146536839424,103.83333333333333,0.8949588157038127,2.6044481054365733,3221.0,0.921858774662513,6.0,29.313924050632913,55.0,102,7102.0,-12140,100.0,,,,,,,
ITC,2014.0,25.49425026907608,37.04752733246474,33.04695818188493,22.035350567959263,47.599985443429524,0.00888497264750156,0.5924402663533099,451.0689655172414,0.8643262828045437,2.7324510486804425,4090.0,0.8159093434062882,7.0,34.260377358490565,54.0,242,7344.0,-12921,100.0,11.664241887532413,16.835410176531674,16.56715087781837,,,,
ITC,2015.0,25.192570265605273,36.715871911791226,30.813587093521555,21.28090181058496,44.53193350831146,0.008476178472397277,0.5853934540389972,158.82417582417582,0.844729282729805,2.5365614585375416,4568.0,1.0065446364658963,8.0,39.571072319201996,52.0,269,9843.0,-15303,100.0,9.944485356596623,8.643484057326955,8.960244648318039,,,,
ITC,2016.0,24.242192284139623,37.07644417228006,22.261012183692596,18.394609978509614,33.980310081144914,0.0019681349578256793,0.16262995876168904,191.5,0.7587849218795377,2.594294035877408,5878.0,1.0313651194611093,8.0,53.01863354037267,73.0,84,9799.0,-15107,100.0,0.966071566581661,-2.8428264648737045,1.9576199831602636,7.420625551256488,7.238570128202171,,
ITC,2017.0,24.497287691732136,36.171904227459784,22.57341693060134,18.743067730509143,33.29889362434887,0.0009911016310085537,0.08229274750438298,328.0612244897959,0.7651078750581416,2.690996035990688,7376.0,1.0143170754987114,8.0,38.2,56.0,46,10627.0,-15893,100.0,9.124311083894664,10.272602883906966,6.462046658867249,6.599902674191616,5.191842166756144,,
ITC,2018.0,26.45170199544293,38.02389007802251,21.88725956960579,17.890443797574758,31.4410231035664,0.0006855836983431727,0.0560389782226304,152.38260869565218,0.6763437679986302,2.629448075526507,6055.0,1.1458278952405812,9.0,43.040983606557376,56.0,36,13169.0,-16524,100.0,1.592312008978669,9.697432471127222,6.7937944408532625,3.829143769542398,5.530902812018423,6.563647692065455,8.328673833208056
ITC,2019.0,26.553578816714936,38.347124534546964,21.70406317106576,17.89263859267623,31.33684957906481,0.00021981366564650582,0.01812124506893043,270.71830985915494,0.6738315281785361,2.495096521110767,7037.0,0.9802898099096292,10.0,48.23898858075041,56.0,13,12583.0,-19374,100.0,11.256875877465532,11.685373705733927,12.2026511712366,7.243193969335526,10.548655096564818,6.485782310928911,7.356362807797945
ITC,2020.0,31.57244674819794,39.16740908722767,23.88889740015014,20.169186791012923,29.50984729447301,0.004243714859130115,0.35829312775672284,248.34567901234567,0.6388224185432863,2.274582047621241,8516.0,0.942089399089335,12.0,53.110659072416595,82.0,277,14690.0,-21713,100.0,2.167976830781959,21.478653786226243,4.353455251658844,4.914174068769528,14.173218807130539,4.934885839116165,9.780965642396078
ITC,2021.0,27.16974237164261,34.64482205574842,22.17674449434106,18.143734493838206,28.151704114289483,0.004490695477819941,0.367402828052765,310.2758620689655,0.6677919225607029,2.114215812516096,18267.0,0.9360382574908466,11.0,49.02274573517465,101.0,271,12527.0,-23298,100.0,-0.265246618611803,-14.173026357981144,-11.781430934656745,4.270804431240349,5.205882509463722,4.677684227502499,7.091951336070168
ITC,2022.0,25.563525434908072,34.00610108005606,24.822672324073334,20.082646769262656,32.888924328203494,0.003986870546793691,0.3225555728276076,346.6666666666667,0.7855976993626613,2.5026824034334765,13538.0,1.017609494936464,12.0,50.693993506493506,93.0,249,15776.0,-24232,100.0,23.119556611243077,15.840992303668845,20.849692352768834,7.85231002593576,6.494867989916275,7.234668062509075,8.152300226979946
ITC,2023.0,27.463726222873987,36.24416587938352,28.16426867182416,22.692267362607915,37.00493802277537,0.004424842744559323,0.3565145460264939,333.2435897435897,0.8262632382239518,2.7433754980464973,13146.0,0.9692457770703907,15.0,55.63555913113435,100.0,306,18878.0,-25851,100.0,16.94121526918955,25.633748306779335,24.637540609998542,12.818517330621537,7.695476412191082,10.295187558658526,11.126524392785209
ITC,2024.0,29.282025230717128,37.0177518132814,27.851074395694365,22.61590775334045,35.06616762464911,0.004066731984914169,0.33023083462301367,340.25,0.7723477995509732,2.5473040977713874,18742.0,0.8278637174112091,16.0,59.701121794871796,84.0,303,17179.0,-27820,100.0,-0.0747331462654599,6.541048416080497,2.0580454403983817,12.890307004910628,15.743119736566346,7.950896846254429,10.083407558317958
ITC,2024.0,29.282025230717128,37.0177518132814,27.57021762814551,22.05887042765571,34.71351065237528,0.004039008317168443,0.3231601662574013,340.25,0.7533246165130593,2.4028889190288893,18742.0,0.8278637174112091,16.0,60.16466826538769,84.0,304,17179.0,-29492,100.0,0.0,0.0,0.0,5.328922111516565,10.206639842232711,7.488820199843471,5.881935204016031
JINDALSTEL,2013.0,14.903821881153128,30.82748523249356,13.890457368718238,5.172323165069297,13.311242397157244,1.1583850931677018,43.134231598128714,4.5923149015932525,0.3470467646698088,1.0194554531885327,-6069.0,1.193089430894309,31.0,228.51612903225808,5.0,24618,3522.0,-19429,100.0,,,,,,,
JINDALSTEL,2014.0,9.830965467178263,30.068443430467696,8.385670057496682,2.7512951112271993,9.832479907762217,1.6084918177797434,52.773787238982486,2.390149418926397,0.27986011347641226,0.5512018062819743,-8114.0,2.4156118143459917,21.0,248.46153846153845,7.0,36368,4580.0,-34989,100.0,-2.630383197859343,-35.77235772357723,-5.027841467409111,,,,
JINDALSTEL,2015.0,-7.48415030153085,28.163496726972838,-6.900484744796122,-1.9222367846221056,8.211231835054026,2.162389506700884,60.236705190833625,0.463304347826087,0.2568410183089082,0.41594665866260744,-5535.0,-0.8140495867768595,-14.0,231.23076923076923,0.0,45501,1182.0,-46643,100.0,0.5962874624079628,-176.58227848101268,-5.77685807897913,,,,
JINDALSTEL,2016.0,-15.855976167240229,17.653705891417122,-9.517203107658158,-3.3409814065239503,4.337893780290791,1.4427487976322604,50.64720015584753,-0.21819299323909036,0.2107080239832031,0.29934807343399245,2071.0,-1.4036281179138321,-32.0,356.43956043956047,0.0,46797,4333.0,-65038,100.0,0.3504973970413827,112.60330578512398,-37.09736456808199,-0.57208908819526,,,
JINDALSTEL,2017.0,-11.74836828218303,21.797898440031478,-8.44564240790656,-2.802097709080872,6.204134332880989,1.5257395760540415,50.62103229367927,0.11566405114792211,0.23850952249516974,0.3276557665473518,4852.0,-2.6989755713159966,-25.0,326.64130434782606,0.0,45850,6850.0,-65932,100.0,10.961014946838565,-17.784256559766764,37.00901949374455,3.854176821762212,,,
JINDALSTEL,2018.0,-4.85489394940816,19.43459712792165,-5.3184136909659365,-1.8110500952594417,8.819840209418373,1.413921342767813,48.14748403003474,0.5178479048111744,0.3730359744480556,0.486281957633309,6293.0,-4.77970297029703,-15.0,313.2474226804124,0.0,42962,7724.0,-68450,100.0,54.080451789103364,-36.327817178881006,37.37523890422596,19.714245040004673,,10.94010726559529,
JINDALSTEL,2019.0,-5.135630030234638,17.910829110420305,-7.517531556802244,-2.7100819091920316,11.741387973870806,1.2329437431821724,44.44781519308772,0.3428705440900563,0.5277019359333042,0.6802821593592028,8195.0,-3.7425373134328357,-17.0,330.77319587628864,0.0,39559,9027.0,-69039,100.0,41.098359670732435,49.257425742574256,30.03555418148092,34.11580979207605,,19.483595321619717,
JINDALSTEL,2020.0,-1.0547688737705352,18.01281544181631,-1.2446712512057752,-0.4457221813643556,9.905455178214089,1.1458443538600367,41.03318401640257,0.9227707006369427,0.4225780570970114,0.5465905651403122,7338.0,-22.035,-1.0,315.0686274509804,0.0,36824,8814.0,-69381,100.0,-19.254354213686497,-83.41625207296849,-18.79457917261056,20.632095903301707,,14.344614348072525,
JINDALSTEL,2021.0,12.339859452268719,31.61745568119379,13.411912619833414,5.481757451181911,17.712721145745576,0.9401225836869401,38.42497430626927,3.2077733381765348,0.44423175745118193,0.636239857219084,10077.0,2.8031403796578394,36.0,311.9117647058824,0.0,29910,11961.0,-54349,100.0,-8.817867784721678,-1166.75,60.049773093251346,1.2784253107735788,,12.174400426686717,
JINDALSTEL,2022.0,13.223625063518742,30.322870656295198,18.992280701754385,8.827827357653566,31.581411443808904,0.37900350877192984,17.616512708105006,6.132415254237288,0.6675799801680496,1.1248241294407315,13717.0,2.371859296482412,56.0,352.7227722772277,5.0,13502,16048.0,-45488,100.0,47.96842013939096,58.56573705179282,41.90981432360743,2.896190806178045,,18.82107580889585,
JINDALSTEL,2023.0,7.468240246560925,18.683755543862286,10.267142045160957,5.723997868264508,19.210480551852065,0.3370536867669095,18.790960289224653,4.641770401106501,0.7664453310671641,1.222084424234073,3257.0,1.8487669854051334,31.0,387.06,6.0,13046,7347.0,-43542,100.0,3.998749169370286,-41.26514927579071,-35.920077344505316,11.952973262442178,,9.837235785942955,
JINDALSTEL,2024.0,11.802438733764944,20.260555268697622,13.410506363390198,7.553764807565204,16.782917681121273,0.3716941962270963,20.93649905943363,5.823029366306028,0.6400172860847018,1.040715939153439,-2336.0,1.010937237085647,58.0,443.16,3.0,16472,6008.0,-48384,100.0,-5.370968954371191,49.54705586311021,2.615167974250654,13.346256701428505,11.676303196350535,1.4028310947741707,
JINDALSTEL,2024.0,11.802438733764944,20.260555268697622,12.553600473162799,7.180050984040304,15.79061416542843,0.3647155742379755,20.859963030530015,5.823029366306028,0.6083531671720772,1.0207167761290845,-2336.0,1.010937237085647,58.0,468.7227722772277,3.0,17266,6008.0,-49332,100.0,0.0,0.0,0.0,-0.5318204363705004,-4.231082405906106,5.834255216326922,
JIOFIN,2023.0,68.88888888888889,86.66666666666667,0.027164388363126533,0.0269729400504655,0.033953196824070206,0.006510690501226779,0.6464804663708345,,0.00039154267815191856,0.2848101265822785,945.0,66.29032258064517,,57060.0,0.0,743,2055.0,-158,100.0,,,,,,,
JIOFIN,2024.0,86.52291105121293,84.04312668463612,1.153456416595399,1.1079433671814058,1.1203898007876505,0.0,0.0,196.6,0.012805202156520298,10.784883720930232,763.0,-0.4224299065420561,3.0,21.902565716984103,0.0,0,-678.0,-172,100.0,4022.222222222222,5077.419354838709,3897.435897435897,,,,
JIOFIN,2024.0,86.52291105121293,84.04312668463612,1.1703027474771044,1.1128676623538711,1.1367613603219973,0.0,0.0,196.6,0.01286211534994661,10.847953216374268,763.0,-0.4224299065420561,3.0,21.587281599244452,0.0,0,-678.0,-171,100.0,0.0,0.0,0.0,,,,
JSWENERGY,2013.0,10.15783540022548,31.578354002254795,14.522888459058672,4.421434880753754,16.89384800965018,1.6726305609284333,50.92256354892532,2.231568016614746,0.43527333398763374,0.636983842010772,781.0,1.9145394006659266,6.0,3.7829268292682925,36.0,10377,1725.0,-13925,100.0,,,,,,,
JSWENERGY,2014.0,8.788159111933396,37.638760407030524,11.565971693806118,3.949282893369362,19.51789890268034,1.5379698676000608,52.51506963209312,1.87893864013267,0.4493868218665558,0.6342500916758342,1906.0,2.985526315789474,5.0,4.006707317073171,43.0,10106,2269.0,-13635,100.0,-2.5028184892897376,-15.649278579356274,16.208496965369502,,,,
JSWENERGY,2015.0,14.528725794372527,38.7717984380015,18.063314711359403,6.992790937178167,21.556031406138473,1.2362330407023145,47.857878475798145,2.664028144239226,0.48130792996910404,0.708589189598969,2972.0,2.499263622974963,8.0,4.5841463414634145,24.0,9294,3394.0,-13191,100.0,8.082793709528225,78.68421052631578,11.336405529953918,,,,
JSWENERGY,2016.0,14.861563517915311,41.01180781758957,15.045342126957955,5.115806440309751,16.40071643735244,1.5315333882934872,52.07610638074214,2.3464619492656875,0.3442307018465959,0.48398857030249287,266.0,2.4232876712328766,9.0,5.964351567301782,22.0,14862,3538.0,-20298,100.0,5.103241681823034,7.511045655375548,11.175496688741715,3.4637570222804337,17.456220384976252,,
JSWENERGY,2017.0,7.53963451530921,40.22752027108798,6.00829395312952,2.194511958857304,13.448234008981672,1.3838364355289807,50.544224875832185,1.5293768545994064,0.2910634400648138,0.4239392540146734,3091.0,6.184590690208668,4.0,6.369164619164619,13.0,14349,3853.0,-19491,100.0,-15.889657980456029,-57.32876712328767,-17.49813849590469,-1.5065483639832622,-6.410997571621024,,
JSWENERGY,2018.0,1.0560318051931916,33.70605044104858,0.7650765076507651,0.3181018674450806,11.799243247945027,1.0695769576957697,44.470641068822275,1.2321428571428572,0.30122375659593575,0.4263919054934576,3719.0,46.28235294117647,0.0,6.774390243902439,0.0,11883,3934.0,-18877,100.0,-2.5898584049376727,-86.35634028892456,-18.381468110709985,-4.861442664652715,-60.29550116268536,-1.9237930178255813,-37.6353015223954
JSWENERGY,2019.0,7.485226526592252,31.243160428977895,5.785823041786499,2.6382781763480674,12.75863609956652,0.8928269328370834,40.71202653706704,1.7525167785234899,0.3524647072436936,0.5126507713884993,2436.0,3.641812865497076,4.0,7.2041438147471055,24.0,10555,2491.0,-17825,100.0,13.529631010063369,704.7058823529412,5.234058238112782,-2.384016709512471,-22.33337821969158,1.1083666261997083,-2.08516376390232
JSWENERGY,2020.0,13.066602199927473,35.74277771062492,9.282156963764383,4.335967269664273,13.762449967420645,0.844925296239052,39.46893425855361,1.5176022835394862,0.3318358669929004,0.4950038891880572,2383.0,1.9259944495837187,7.0,7.0925700365408035,15.0,9840,2082.0,-16713,100.0,-9.465966294594008,58.04093567251463,3.572679509632226,0.04032421099160466,20.165338938295974,-2.4116092813303402,-4.460011471449954
JSWENERGY,2021.0,11.889627275353943,42.08321294423577,5.67312331977666,3.140382340596024,12.732199833908824,0.5770317777624595,31.941847597970007,2.2265625,0.2641279047582707,0.4426680309522287,2670.0,4.495747266099635,5.0,8.834957369062119,41.0,8371,3700.0,-15637,100.0,-16.330230871509734,-23.866790009250693,-1.4879945891105861,-4.903786983743197,113.13771385646447,-6.762923346846216,-10.831923997101322
JSWENERGY,2022.0,21.341986041386065,43.73699032692543,10.008613264427218,5.71213213606869,13.552376977652997,0.5135228251507321,29.30785868781543,3.8803088803088803,0.2676476371501606,0.5506708920504348,1565.0,1.693631669535284,11.0,10.61890243902439,19.0,8943,2952.0,-14831,100.0,17.986131175960708,111.78614823815312,22.622725712324065,-3.6754178035583673,36.588382411421996,-0.2334485509002837,22.84623990988117
JSWENERGY,2023.0,14.3244289585753,31.765389082462253,7.944602501476193,3.0567775781233864,7.513736263736264,1.3447313328681088,51.74009129024929,3.302132701421801,0.2133961211971002,0.41294964028776976,-4694.0,1.4081081081081082,9.0,11.35222425350396,22.0,25051,2084.0,-25020,100.0,26.509122076649927,-15.088927137119912,-8.118701007838746,7.68960675156638,11.039800750289386,5.120760469863872,77.0796104558991
JSWENERGY,2024.0,15.018283127285393,46.857043357130415,8.280529953917052,2.98613395191026,10.270012403396622,1.5156009984639016,54.65577232676095,2.0555284948855332,0.19883324389357246,0.396807849098321,-1963.0,3.6139130434782607,10.0,12.694698354661792,19.0,31573,6234.0,-28946,100.0,11.169183120402625,16.554054054054056,63.98537477148081,18.389287172901202,27.976360369609466,4.6799560539164675,20.322431469794555
JSWENERGY,2024.0,15.018283127285393,46.857043357130415,6.167101640985306,2.6566253927185364,9.149326805385558,1.1030352865467805,47.51586274872174,2.0555284948855332,0.17689274933776875,0.36379184746460586,-1963.0,3.6139130434782607,10.0,16.02922636103152,19.0,30853,6234.0,-31573,100.0,0.0,0.0,0.0,12.038878293048484,-0.3454258958057843,6.782763861255359,9.797557995870743
JSWSTEEL,2013.0,2.431300706621303,17.042658989793246,5.443891004980955,1.6152869785961435,16.831222538123548,1.2672135950776442,37.600194738580846,2.016268429079817,0.6643715333924504,1.1006135322752542,411.0,6.290635091496233,4.0,60.08802816901409,30.0,21625,5844.0,-34717,100.0,,,,,,,
JSWSTEEL,2014.0,0.7848496680983992,17.90121046466224,1.8985548313969962,0.517774343122102,16.170790638613074,1.6778596391801266,45.75862957238537,1.4291338582677164,0.6597114889232355,1.088721676656889,-3024.0,6.45273631840796,2.0,69.88118811881188,74.0,35527,2594.0,-47046,100.0,34.0486783564512,-56.727664155005385,40.80159705159705,,,,
JSWSTEEL,2015.0,3.2507739938080498,17.677263459941102,7.7254374158815615,2.010413991173792,15.339754930869537,1.7386271870794079,45.244822191608094,1.726882336100773,0.6184416372848903,1.0152560564244097,504.0,4.5737514518002325,7.0,73.56435643564356,19.0,38754,7876.0,-52176,100.0,3.4205388520109237,328.35820895522386,2.12673137746755,,,,
JSWSTEEL,2016.0,-1.1577528522601455,15.457565108554375,-2.536117262469683,-0.5872513948746749,10.498610429949322,2.225245175577349,51.52673153698707,0.31463482366009443,0.5072338139597348,0.7400427502671891,3040.0,-14.338877338877339,-1.0,63.009966777408636,-67.0,42204,6897.0,-56140,100.0,-21.56988597749755,-127.93263646922183,-31.41819735155916,2.8294216135426042,,,
JSWSTEEL,2017.0,6.235162937918135,22.135098194374507,15.30887093213229,3.939548889267655,18.653854897622043,1.9134543206605732,49.240384069086986,2.3609341825902335,0.6318277370603943,0.9467733696577558,2794.0,2.275165849437554,15.0,75.23920265780731,19.0,43334,7888.0,-58730,100.0,33.83719250950754,-820.7900207900208,91.65369043911554,2.775315860808414,105.07336742929456,,
JSWSTEEL,2018.0,8.49818581179709,20.735962631893567,21.83370240731481,6.646732630205501,22.13351931266786,1.4069933566683335,42.832445362618245,3.0672791137530395,0.7821354789605306,1.2434829207578482,7850.0,2.0250286275151317,26.0,92.70860927152317,16.0,39393,12379.0,-57848,100.0,29.366592331486952,76.3195846553216,21.189470263243425,10.737301001569,52.54819837059286,13.488074366619983,45.763147097236654
JSWSTEEL,2019.0,8.877142890852673,22.334438453461072,21.623796522488863,6.55417824507609,23.031718801328612,1.3621497341572064,41.28679320888177,3.851161603267807,0.7383206878228525,1.3529947002107146,3246.0,1.944843168527379,32.0,115.59800664451828,16.0,47396,14633.0,-62644,100.0,17.827700777112042,23.081956486176992,26.910699919549486,26.828090306897657,,10.597981401367097,79.65716688248622
JSWSTEEL,2020.0,5.344625371628072,16.1102473883752,10.707942839968306,2.9729934759520558,12.051376221664524,1.678269898084647,46.59611591564254,1.7064478311840563,0.5562585343650432,1.1810582266247887,-6804.0,3.262311814238326,17.0,121.59136212624584,15.0,61423,12785.0,-62085,100.0,-13.486791651427021,-47.91334396597554,-37.59640781827787,9.660608965808981,4.169474654299199,6.719141968738929,17.87682326651079
JSWSTEEL,2021.0,9.861095454602388,25.273362642317664,16.835600034214355,5.30822495061254,18.485470336032833,1.3341886921563595,42.066654530498866,4.036391205458681,0.5382997228908352,1.2298627478164426,11087.0,2.3865108599009273,33.0,154.8476821192053,25.0,62392,18789.0,-64917,100.0,8.882251861549783,100.89308497065579,70.8118174892068,3.5370146463593155,8.79993065287823,13.955994183906961,
JSWSTEEL,2022.0,14.304746158733629,26.722506507436584,31.112828209281247,10.656284194722243,28.031877535224393,1.0734059467732588,36.76463852202458,6.98731884057971,0.7449474514593989,1.4654685622747297,11522.0,1.2546566052153978,85.0,223.578073089701,25.0,72237,26270.0,-99880,100.0,83.33270707298439,165.9469071510225,93.84478144513825,19.975661883306707,40.65725452096822,21.35838854644947,43.283529441726955
JSWSTEEL,2023.0,2.4939744516751023,11.129187756085804,6.300327269959662,1.9659065541301135,12.60337909763354,1.2307329324910572,38.402861227611034,1.819327731092437,0.7882625071839422,1.5888637843219853,12593.0,5.634935974873158,17.0,218.25581395348837,25.0,80853,23323.0,-104452,100.0,13.383115507853338,-80.23211385996753,-52.77905609244772,31.295087581999702,1.8372635540720328,18.199339744214637,-7.502880977365567
JSWSTEEL,2024.0,5.127252779904689,16.089162657280323,11.5528718021347,3.937287733986257,16.99757927716371,1.1328071688833383,38.606745122818104,2.6508328192473782,0.7679137157851319,1.5561483536514882,-2389.0,1.3460381143430291,36.0,254.65245901639344,25.0,87984,12078.0,-112461,100.0,5.450711014702336,116.79149553032136,52.44721169463995,29.901036567598815,4.455778963004109,15.604695052452788,3.585216043903361
JSWSTEEL,2024.0,5.127252779904689,16.089162657280323,11.263274169658324,3.848298222740685,16.096704854679746,1.1957171189717068,40.85380498181569,2.6508328192473782,0.7505575379125781,1.5311914886170752,-2389.0,1.3460381143430291,36.0,261.2,25.0,95258,12078.0,-114294,100.0,0.0,0.0,0.0,6.136794278693181,-24.60645619186429,19.003295649459908,18.01914957204056
KOTAKBANK,2013.0,20.64956634065326,60.92452482007751,14.659068579288661,1.9320585315319203,6.5487111842823,5.60430994956442,73.86454871152934,1.6150234741784038,0.09356412137954849,17.480645161290322,-6157.0,1.285969615728329,15.0,40.93029490616622,2.0,85561,2878.0,-620,100.0,,,,,,,
KOTAKBANK,2014.0,21.08293008509928,58.84365092608043,13.241458813665899,2.067972208810364,6.7157996972034155,4.503091595053448,70.3266037627765,1.6995456266565694,0.09808751442343101,9.48259493670886,7938.0,3.588444796201029,16.0,49.56883116883117,2.0,85937,9068.0,-1264,100.0,10.592360214061625,12.913315460232354,6.815084052703324,,,,
KOTAKBANK,2015.0,23.312561003078308,72.96343569337037,14.014262502256724,2.091416100872939,7.687378871178262,4.70563278570139,70.22443151201638,1.558145240431796,0.08971198405000538,9.616606498194946,-2165.0,0.7413848631239935,20.0,57.398963730569946,2.0,104258,2302.0,-1385,100.0,11.1213081928917,22.872971903442817,37.7853395718134,,,,
KOTAKBANK,2016.0,17.27281639054995,56.567983531026364,10.562282699916077,1.4634308400192688,5.417216242730341,5.38541541781561,74.6162854437634,1.6583671864762155,0.08472450623743792,11.585462805224305,2672.0,1.4259364358683315,19.0,36.38386041439477,3.0,179679,5025.0,-1761,100.0,53.17966814325399,13.494363929146536,18.759003910269612,23.473719850788033,16.33898554679323,,
KOTAKBANK,2017.0,22.482530012542558,66.439706145852,13.03907305414112,1.8172404304314451,6.085597173840795,5.331757248259379,74.3080800034759,1.6288164665523157,0.08082900053586688,12.691301876065946,7933.0,2.634389320581789,27.0,41.83913043478261,2.0,205230,13222.0,-1759,100.0,9.420645034800511,42.42338251986379,28.515726540161168,23.036106730766193,25.70059051662397,,
KOTAKBANK,2018.0,24.901516055867255,66.86960327881899,12.395024560291553,1.853014331398792,5.595548866572547,4.948502614482649,73.978443681156,1.6693465867563222,0.07441371550396779,9.882422335823831,-15867.0,-1.660594439117929,33.0,52.97796432318993,2.0,249840,-10392.0,-2543,100.0,12.573911485396883,24.68619246861925,13.302319309600863,23.569906220162085,26.315889529165215,18.318355472841485,22.833010294153834
KOTAKBANK,2019.0,24.149374811437767,66.2331132043847,12.467766220729997,1.8230082673070647,5.652491095567094,5.049462626122774,73.83208788094268,1.6549417884567748,0.07548883900893537,11.060808305524658,-1501.0,0.2529150471960022,38.0,60.567085953878404,2.0,291763,1822.0,-2697,100.0,18.702001512076727,15.116650687120492,17.57215114549242,13.500651991387326,26.914896948037104,20.004824943182275,23.30869241378142
KOTAKBANK,2020.0,25.670669773555595,67.44936368524826,12.89523838107958,1.938971913902697,5.7433721515896154,4.899335204165854,73.66807093392423,1.6761780724603363,0.07553257982774221,12.513644859813084,33551.0,5.425229838240428,45.0,69.63113897596656,0.0,326477,46619.0,-2675,100.0,12.212128322885585,19.280955024986124,14.2726996659581,14.457748677369553,19.630671009507704,20.239510229555723,22.5791601484139
KOTAKBANK,2021.0,30.438756855575868,90.83485679463742,11.845053889659587,2.086230876216968,7.245612457437009,3.878514091938486,68.31100920113438,1.5582499576055622,0.06853863599343432,12.850430696945967,-6291.0,0.4885885885885886,50.0,85.10494450050454,2.0,327110,4881.0,-2554,100.0,-1.953755153253267,16.257418829279647,32.04003897599432,9.305731632382619,16.871865553933674,9.974796418167053,23.17027688055957
KOTAKBANK,2022.0,35.82881360955514,90.98426246999199,12.50607769099467,2.2120849481608347,6.638884804027577,3.783654890601562,66.92558801679056,1.6394290525640511,0.061740390632719605,12.391112743297834,-2595.0,0.6872363305484325,61.0,97.4445564516129,2.0,365747,8308.0,-2723,100.0,2.806215722120653,21.011011011011014,2.9753119549174922,4.190961522495429,18.833500702742278,8.61184401023458,19.221515022302448
KOTAKBANK,2023.0,35.40841261180043,79.44058266707789,13.348060171356002,2.4055896716793193,6.3105304916315035,3.745568533457349,67.50269974050256,1.755877034358047,0.06793836532727301,13.707642276422764,-11623.0,-0.08321608040201005,75.0,112.60221550855992,2.0,418807,-1242.0,-3075,100.0,24.925165229246325,23.45934320456613,9.075214176357527,7.985826558635645,20.205178031376136,10.896955244101703,18.985970213374358
KOTAKBANK,2024.0,32.386151466116615,83.66733645109092,14.013018188532914,2.372513081844081,7.234918028249577,4.003739266919029,67.78642301935605,1.6273628309277808,0.07325702420450533,16.021937321937322,6766.0,0.8611980453522209,92.0,130.75653923541248,2.0,520374,15685.0,-3510,100.0,33.41794975208181,22.03015075376884,40.51664924593101,19.66335897034557,22.162712282993226,13.51960376324537,20.38200065626572
LICI,2019.0,0.4596611071061123,1.0358560160137742,324.32098765432096,0.07665039803060705,2.1908885681506973,332.59382716049384,7.8605610505685455,,0.16675415179930025,22.6842899102961,22910.0,5.052912066996574,,8.1,2.0,269401,13274.0,-25194,100.0,,,,,,,
LICI,2020.0,0.43149911709867,-1.1061344525772918,270.45908183632736,0.0774322439292835,-2.7305779926498044,252.90818363273453,7.240743418116402,,0.1794493681700332,22.25839948965126,13952.0,20.06162361623616,,10.02,2.0,253414,54367.0,-28216,100.0,9.892249977253154,3.15949752569471,-217.34797297297294,,,,
LICI,2021.0,0.43044431000095523,-0.03647342505724301,43.201626961069145,0.07765978226014512,-3.659067808915348,0.0005810575246949448,0.00010445162375271705,,0.18041772293371186,38.98403204875021,229049.0,27.10221923335575,7.0,68.84,0.0,4,80602.0,-17723,100.0,10.010620291922677,9.741697416974171,-96.37253490715416,,,,
LICI,2022.0,0.5700616081127022,0.4596424020806903,36.38207796789557,0.09696621509010571,29.329805996472665,8.819897689186806e-05,2.350696123396502e-05,,0.17009778190664493,40.7206527855937,8748.0,-0.9170909090909091,57.0,1.7925691699604742,23.0,1,-3783.0,-17770,100.0,4.731703222108674,38.7020847343645,-1419.8412698412699,8.18323111829875,16.230817761538695,,
LICI,2023.0,4.5877791768838225,4.359645590012082,77.85997015119071,0.7862197392110195,73.98827677200268,0.0,0.0,539.4805194805194,0.17137262036771503,38.325013432325505,1671.0,1.5145428785732145,65.0,7.309565217391304,5.0,0,54519.0,-20473,100.0,8.433042290970505,772.6545454545455,928.4726398075767,7.702257779277111,136.82761372865951,,
LICI,2024.0,4.836600998148862,3.87474201090824,49.44710986501021,0.7696696436280568,39.613520731869436,0.0,0.0,368.296875,0.15913440945875762,40.93317849712101,853.0,0.6384299540522045,66.0,13.082529644268774,15.0,0,26122.0,-20667,100.0,7.817462542759124,13.665027641192328,-4.174584149443095,6.981735429882496,139.6168760853028,8.15986061977938,73.17556747076097
LICI,2024.0,4.836600998148862,3.87474201090824,41.906244558927455,0.7154246255674604,33.568875643900995,0.00010242018906766902,0.00017485204457118496,368.296875,0.14791888473770706,201.56445079818917,853.0,0.6384299540522045,66.0,15.436679841897233,15.0,10,26122.0,-4197,100.0,0.0,0.0,0.0,5.3457250373362575,114.86041275055321,6.138441391254279,72.10154765256111
LODHA,2011.0,12.149102623101703,23.469857340082832,35.483870967741936,2.7853977632411904,8.04416403785489,7.521505376344086,59.041991981430684,2.254416961130742,0.22926777801223888,2.192734611503532,,,6.0,6.888888888888889,0.0,5596,,-991,100.0,,,,,,,
LODHA,2012.0,12.897765741367637,24.509140148950575,33.83658969804618,4.110919292188174,13.444753946146704,3.782415630550622,45.95381959430298,3.188976377952756,0.3187311178247734,3.042224510813594,,,9.0,10.425925925925926,0.0,4259,,-971,100.0,35.94109526000921,44.31818181818181,41.9607843137255,,,,
LODHA,2015.0,12.796664528543939,23.524695317511224,24.225865209471767,2.8502035859704264,9.622195985832349,3.5980570734669097,42.33159511393671,3.5792682926829267,0.22273019501392957,2.7231441048034934,,,18.0,30.5,0.0,11852,,-2290,100.0,111.10358835477321,109.44881889763778,102.62430939226519,,,,
LODHA,2016.0,8.522245120620681,25.772820947993697,17.694437452806444,2.2691326942319487,11.938454627133872,3.4822552227535866,44.6564023110939,2.2125506072874495,0.26625996578548144,4.343865192206424,-467.0,0.55049786628734,16.0,36.78703703703704,0.0,13835,387.0,-1899,100.0,32.28030788967287,-11.904761904761907,44.921608725289694,55.996142470333,38.60656454534226,,
LODHA,2017.0,7.368155437799646,20.36336109008327,14.480535581453013,1.7211399605080901,7.98377522754254,4.012645673196132,47.693849282367154,2.360054347826087,0.23359170080457398,4.521391899600684,295.0,2.5154109589041096,13.0,35.690265486725664,0.0,16183,1469.0,-1753,100.0,-3.9156261365013934,-16.92745376955903,-24.08278457196613,38.95724411817181,15.299995535613299,,
LODHA,2018.0,8.20502221762943,17.381419861527334,15.411490683229815,1.9726217982161933,6.057332180927687,4.3897515527950315,56.18742391493379,4.030769230769231,0.2404163871705051,4.404642694583523,45.0,0.8765743073047859,10.0,13.01010101010101,0.0,22616,696.0,-2197,100.0,22.091849608882153,35.95890410958904,4.213135068153662,15.77413499290854,-0.1673643295316274,34.814375088235415,24.635946210476376
LODHA,2019.0,13.80700428319476,26.698580666834637,42.80135381411091,3.2969677522862186,10.782850552879724,6.675605311116897,51.42186747954436,5.382042253521127,0.23878950746029198,5.566619915848527,-638.0,-0.2816301703163017,21.0,9.69949494949495,0.0,25641,-463.0,-2139,100.0,23.04433192104991,107.0528967254408,89.00118906064209,13.014373889520137,32.73399403212429,32.15340959456483,33.96623975562694
LODHA,2020.0,5.96319215623242,15.406252511452223,16.300527240773285,1.823409431597572,8.34348885793872,4.047231985940246,45.27314280097314,2.3554054054054054,0.30577740643353896,6.156853043047996,3954.0,5.083557951482479,9.0,11.494949494949495,0.0,18423,3772.0,-2021,100.0,4.5015537079029055,-54.866180048661796,-39.698018244731045,16.222535136393958,8.308785518131945,14.816366483085108,-1.4446504097443524
LODHA,2021.0,0.8808955771701229,25.380803817214172,1.0437051532941943,0.12211254706421083,6.067918567918568,3.9558599695586,46.283199348733085,1.029049295774648,0.13862318103185103,2.8001027749229186,2944.0,52.583333333333336,1.0,11.613636363636363,0.0,18193,2524.0,-1946,100.0,-56.2083098931126,-93.53099730458221,-27.856025039123633,-17.423078351808165,-60.75295966627807,-7.958624381472812,-41.54021921731441
LODHA,2022.0,13.08350481966858,23.675944979963177,9.97852304642326,3.145505676492032,9.246647772936848,0.9529985131339831,30.04114154775544,3.494186046511628,0.24041766482658056,4.801352054082163,3137.0,1.653973509933775,12.0,25.116182572614107,20.0,11537,1998.0,-1923,100.0,69.44393466691136,2416.666666666667,58.06218365871294,-8.128636778863052,-9.762225964928051,3.0997835489557257,15.646053678074455
LODHA,2023.0,5.174234424498416,21.795142555438225,3.8695411829740185,1.2524922038750574,9.50145007595636,0.7154702677090736,23.15832523899596,1.937759336099585,0.24206328919789377,5.180525164113786,4539.0,5.612244897959184,5.0,26.271784232365146,14.0,9060,2750.0,-1828,100.0,2.566879670746247,-59.437086092715234,-5.580969807868252,-8.699120881275668,-12.917532791194708,-0.4315268098149416,-9.202243971478053
LODHA,2024.0,15.063978286157425,25.833656455990695,8.895758200240426,3.292512394592991,10.589263718361346,0.4406663232010991,16.310013136149838,5.20746887966805,0.21856858341455146,8.824636441402909,-435.0,1.6164736164736164,16.0,17.574446680080484,,7698,2512.0,-1169,100.0,8.933474128827879,217.14285714285714,29.11821705426356,23.70811095275156,218.7155543964547,-2.8278535641862446,-1.119685230740497
LODHA,2024.0,15.063978286157425,25.833656455990695,8.545974483062032,3.279518835074391,10.181859860930695,0.43939727232732073,16.86187612113538,5.20746887966805,0.2177060251134325,8.16139240506329,-435.0,1.6164736164736164,16.0,18.275376884422112,,7990,2512.0,-1264,100.0,0.0,0.0,0.0,3.766260485107553,8.758036939750745,-3.6798286588290097,15.933626678433654
LT,2013.0,7.1090747856931715,15.309166151613685,395.1456310679612,227.2766323024055,724.8091603053435,0.17475728155339806,10.051546391752577,2.6454114605773373,31.969931271477662,106.47496423462088,-11277.0,-0.8230958230958231,38.0,83.6875,22.0,234,-4355.0,-699,100.0,,,,,,,
LT,2014.0,5.743410068897406,16.561243445340608,303.41614906832297,183.23330832708177,818.4776292852993,0.06832298136645963,4.126031507876969,2.1522944256236527,31.903225806451612,131.05392912172573,-12653.0,-1.462231320368475,35.0,100.625,27.0,110,-7143.0,-649,100.0,14.279955929379518,-7.673407673407673,23.6264700719677,,,,
LT,2015.0,5.401995017894244,17.06099272264465,245.11352418558738,166.75621222296843,698.9304812834224,0.10760118460019744,7.320349227669578,1.9932562620423893,30.869375419744795,134.59590043923865,-6143.0,-0.27486910994764396,34.0,126.625,32.0,218,-1365.0,-683,100.0,8.083100148141176,1.6581371545547618,11.344597472667894,,,,
LT,2016.0,4.541049425446491,15.314174956982654,216.09411764705882,146.38189352884922,710.6929784304727,0.02588235294117647,1.7532674529805548,2.1624873170024643,32.23525661459993,158.49843260188086,-7867.0,-0.705574912891986,31.0,125.0,40.0,55,-3240.0,-638,100.0,10.000108779601646,-7.531212243254126,-1.2624330527926553,10.757630816626085,-4.613252756634001,,
LT,2017.0,5.933474824355972,15.20418618266979,206.29770992366412,146.84174779261943,528.6259541984733,0.0,0.0,2.301361839215112,24.748019017432647,201.68265682656826,-3141.0,1.0260561208757324,43.0,184.94117647058823,22.0,0,6655.0,-542,100.0,8.099127786238402,41.245644599303134,7.322743122820619,8.723735620593477,9.910063495473299,,
LT,2018.0,6.687666585897746,16.8035560605934,207.3575129533679,149.97189432265316,521.0103626943005,0.0,0.0,2.50881514130153,22.42514521266629,175.74596182085168,-6117.0,-1.253248375812094,53.0,227.05882352941177,30.0,0,-10031.0,-681,100.0,9.487521955503508,23.404255319148938,21.00481347773766,9.19262592982355,17.246563281707083,9.966792462191098,8.631021572439623
LT,2019.0,7.555834935660405,16.910220381600354,208.80850194154914,153.31632653061226,467.2251736820597,0.0,0.0,2.531748581218546,20.29111644657863,145.3978494623656,-15779.0,-0.46549867867280026,63.0,287.8235294117647,28.0,0,-4756.0,-930,100.0,12.981793571350986,27.64867566216891,13.698970712545378,10.170442476179108,30.549086724171516,9.715816069123928,15.902222805442445
LT,2020.0,7.489756070731238,16.880482908450897,201.59141376757955,123.58479863868406,388.7428752374921,0.1687638786084382,10.34600113442995,2.2781054350784866,16.500510493477027,75.75625,-1714.0,0.6144666789058197,68.0,317.88235294117646,26.0,912,6694.0,-1920,100.0,7.566927969235326,6.626211216599787,7.377766115630191,9.989345811031969,18.8694196013278,9.610821400775805,17.01354348296713
LT,2021.0,9.502202545981364,17.252664014296325,176.90306681270536,120.68933308425183,289.5581337941249,0.1092552026286966,7.453764244348964,2.4398297872340424,12.701195591257239,71.34260230849948,17324.0,1.7857750948069036,82.0,405.77777777777777,44.0,798,23074.0,-1906,100.0,-6.512801474025798,18.606572425188173,-4.451594509835866,4.3469578483188,17.30855417997357,6.102407546773847,22.986898462324156
LT,2022.0,6.656614767347513,15.534017799528499,72.92133258678611,50.64650981917169,167.16397387418357,0.018057110862262037,1.2541318296713981,2.5695722793719544,7.608448376433988,45.0679527785776,15579.0,1.8393319896343219,62.0,476.26666666666665,36.0,258,19164.0,-3473,100.0,15.106744423771312,-19.363826329231483,3.640238704177312,4.997081464441755,0.654736181331339,7.443699790639524,9.943565902862627
LT,2023.0,6.834805089968965,14.817198553515034,75.52434908389586,53.36655168008176,149.81525395687422,0.09287608486017358,6.562752864017717,2.8114346214928534,7.8080575784676975,49.83446588746942,14729.0,1.8176522224882292,75.0,553.0666666666667,32.0,1541,22777.0,-3679,100.0,17.135080915659874,20.270659372300614,11.729867566011354,8.022270030288814,4.777038653290466,8.904399787286167,9.379448678258795
LT,2024.0,7.031246466738726,13.506668535997433,77.66510140873214,56.44423467905896,135.20916334661354,0.10345688880007993,7.518878884693581,3.156959629941127,8.027628521638107,44.39128689018269,20445.0,1.1748890461182222,95.0,667.2666666666667,36.0,2071,18266.0,-4981,100.0,20.602047550738778,24.06831058973744,9.935213134064647,17.592821624288746,6.361264204860495,10.335347989682408,8.75885858017449
LT,2024.0,7.031246466738726,13.506668535997433,73.76986951364175,54.055839504885085,127.62820512820512,0.11036773428232503,8.087340495810299,3.156959629941127,7.68794548172873,40.57119266055046,20445.0,1.1748890461182222,95.0,702.5,36.0,2326,18266.0,-5450,100.0,0.0,0.0,0.0,12.20543343436644,14.272094284560243,8.737392862194127,7.372198481588521
LTIM,2013.0,14.593612048818489,22.591534666320438,41.97162061239731,24.140893470790378,55.343511450381676,0.17475728155339806,10.051546391752577,36.666666666666664,1.654209621993127,5.509298998569385,384.0,1.0818505338078293,174.0,83.6875,54.0,234,608.0,-699,100.0,,,,,,,
LTIM,2014.0,20.243902439024392,23.3130081300813,61.86335403726708,37.35933983495874,66.64729808251016,0.06832298136645963,4.126031507876969,39.83870967741935,1.8454613653413354,7.580893682588598,808.0,0.6305220883534136,309.0,100.625,55.0,110,628.0,-649,100.0,27.75902363022591,77.22419928825623,31.83908045977011,,,,
LTIM,2015.0,15.447971072719968,20.188830855765367,37.95656465942744,25.822699798522496,44.786096256684495,0.10760118460019744,7.320349227669578,94.6,1.671591672263264,7.288433382137628,539.0,0.834850455136541,238.0,126.625,63.0,218,642.0,-683,100.0,1.1788617886178798,-22.791164658634532,-12.38012205754141,,,,
LTIM,2016.0,14.300376325692781,17.584673280875812,39.34117647058824,26.64966528530443,47.17760440569068,0.02588235294117647,1.7532674529805548,173.5,1.8635639145680587,9.163009404388715,818.0,1.0263157894736843,49.0,125.0,72.0,55,858.0,-638,100.0,17.43672157492968,8.712613784135236,2.2885572139303534,14.928683203908989,14.153698604688936,,
LTIM,2017.0,14.936163667128133,18.920166128287956,30.884223918575067,21.983246547430383,39.12213740458015,0.0,0.0,413.0,1.4718134480416571,11.994464944649447,209.0,1.2049433573635426,57.0,184.94117647058823,29.0,0,1170.0,-542,100.0,11.20424221690044,16.148325358851668,19.649805447470815,9.733278403692513,-0.8437796701701084,,
LTIM,2018.0,15.22036682179031,16.24692033944703,28.808290155440414,20.835675473112236,30.751295336787564,0.0,0.0,91.125,1.3689338579726438,10.72834067547724,392.0,0.7589928057553957,65.0,227.05882352941177,33.0,0,844.0,-681,100.0,12.38271035225349,14.521112255406798,-3.495934959349589,13.642712673496305,13.08182681435306,13.663553615808555,14.623507637472377
LTIM,2019.0,16.049121321194157,19.934363751852636,30.983036991620683,22.749099639855945,38.47568451164691,0.0,0.0,185.36363636363637,1.4174669867947178,10.156989247311827,646.0,0.9201846965699209,87.0,287.8235294117647,32.0,0,1395.0,-930,100.0,29.2909937038051,36.33093525179856,58.6352148272957,17.344582304710478,21.945087021923328,13.93484548578321,8.76470157317437
LTIM,2020.0,13.971872414744002,18.650611269418146,28.127313101406365,17.243335224049915,32.1247625079164,0.1687638786084382,10.34600113442995,25.132530120481928,1.2341463414634146,5.666145833333333,1001.0,1.081578947368421,87.0,317.88235294117646,32.0,912,1644.0,-1920,100.0,15.170442515350402,0.26385224274405594,7.753584705257577,18.72338491072687,16.111379805119384,16.92484877805469,14.5996917922393
LTIM,2021.0,15.666936135812449,22.029102667744542,26.533406352683457,18.1019988791332,33.63367069859294,0.1092552026286966,7.453764244348964,33.75949367088607,1.1554268634410612,6.4900314795383,743.0,1.238390092879257,111.0,405.77777777777777,36.0,798,2400.0,-1906,100.0,13.705303796304813,27.499999999999993,34.302612124199115,19.187307945933107,20.341751610700463,16.17219033696773,18.312191546907464
LTIM,2022.0,15.128882760733847,20.10417863571948,27.645576707726764,19.200855531790783,36.08800275008594,0.018057110862262037,1.2541318296713981,44.040650406504064,1.2691522457709508,7.517708033400519,1608.0,0.8230379746835443,225.0,476.26666666666665,41.0,258,3251.0,-3473,100.0,111.06709781729992,103.8183694530444,92.62385321100916,40.33977169008729,37.60449836243862,32.05717863061026,32.39621611581924
LTIM,2023.0,13.289937618660158,18.40701564053883,26.57907425265188,18.78114220007666,33.68444272872663,0.09287608486017358,6.562752864017717,39.61333333333334,1.4131851284016865,9.019570535471596,2824.0,0.7018140589569161,149.0,553.0666666666667,40.0,1541,3095.0,-3679,100.0,27.094105480868656,11.64556962025316,16.365021908935027,45.02478270713488,42.62587895390335,35.34655180923289,31.72456117454432
LTIM,2024.0,12.90931103415266,17.982937748120616,22.904386052552702,16.64609352309033,28.91615356754799,0.10345688880007993,7.518878884693581,28.24774774774775,1.2894641301190821,7.13049588436057,1752.0,1.2366412213740459,155.0,667.2666666666667,42.0,2071,5670.0,-4981,100.0,7.0337220866106165,3.9682539682539764,4.567779960707274,42.13101535214459,33.24835486418234,30.32798083513346,24.775129058600996
LTIM,2024.0,12.90931103415266,17.982937748120616,21.755634638196916,15.941726643718926,27.294871794871796,0.11036773428232503,8.087340495810299,28.24774774774775,1.2349014290184626,6.516880733944954,1752.0,1.2366412213740459,155.0,702.5,42.0,2326,5670.0,-5450,100.0,0.0,0.0,0.0,10.802275399120443,5.094683865041194,26.697912583094553,24.709388701198364
M&M,2013.0,6.010801682849781,13.270638929730833,20.685336405991684,5.423546255795931,18.729839123913624,1.438354791844096,37.712626919388946,3.429255550718328,0.9022999829241701,3.7522805484241,-3825.0,-0.223298619520465,33.0,67.66440677966102,19.0,28711,-922.0,-18307,100.0,,,,,,,
M&M,2014.0,6.964770746341266,13.743057526249643,22.11352812459776,5.864215089487876,17.39234531586688,1.5088599991418887,40.01297090648431,2.970209884901828,0.8419825006542343,4.025950709972254,-4768.0,-0.0473418703919286,38.0,79.00677966101695,18.0,35167,-244.0,-18381,100.0,7.727133769088557,24.824412690724152,11.562088635366386,,,,
M&M,2015.0,4.732112865300638,12.306852536110178,13.075762849518505,3.582478596253285,13.789047798268724,1.4661793711567468,40.17017038230058,2.366170414950903,0.7570568788675087,3.7511419121121437,-3302.0,0.3120378586217096,25.0,87.35472972972973,23.0,37911,1055.0,-19047,100.0,-3.449953379008397,-34.40046565774156,-13.539823008849561,,,,
M&M,2016.0,4.686119645046874,13.293601086483564,13.41537067794051,3.5592677162200057,14.816447697146048,1.5685112486788464,41.61458959259704,2.684085510688836,0.7595341104835156,3.6842846733058052,-3121.0,0.6710748452447945,25.0,98.11851851851851,21.0,41553,2385.0,-20585,100.0,6.14852760049267,5.116829340431828,14.659388149664498,3.3547694143181372,-4.875837342141997,,
M&M,2017.0,4.83568691583207,12.814391271650772,13.604002955201826,3.558659463258225,13.66836858121443,1.6375176304654442,42.83568322572144,2.7411571154373457,0.7359160187991391,3.991281147267616,-5692.0,0.04517403110343125,30.0,95.7491961414791,22.0,48762,183.0,-20989,100.0,10.458722854392732,13.98424310635904,6.476889506050387,4.221061755777056,-7.713266081547188,,
M&M,2018.0,8.641170977479531,14.361413338545399,21.63970088375255,5.835637131606157,14.271686467471648,1.52,40.99025438332759,3.5899172310007526,0.675329437042143,3.5174547398976395,-4785.0,0.0856999246041719,60.0,67.7255985267035,11.0,55898,682.0,-26182,100.0,9.932794575817994,96.44532214268082,23.204471355379596,8.82961347345983,33.02080999115062,6.038547593725219,14.022828575381352
M&M,2019.0,5.745743451647711,14.521442690577821,15.0488957807068,3.7167441889195683,13.720766565612818,1.771953080059025,43.76331931138002,2.7667795259908385,0.6468691510850026,3.6131870406790187,-11521.0,-0.7224530496925378,43.0,73.49816176470588,17.0,70848,-4347.0,-28983,100.0,13.710990944035451,-24.39055038954511,14.978073491607446,11.355048135892677,19.18479742976862,7.19122605967879,3.144748073258663
M&M,2020.0,-0.4258311002626622,13.47536547186331,-0.8031224198754034,-0.19370489270800648,8.32206847395974,2.053891766118742,49.53776340244756,1.2748712838398937,0.4548866735861353,2.5390548688066286,-8327.0,4.538940809968848,1.0,72.14620938628158,205.0,82092,-1457.0,-29689,100.0,-28.01634820141137,-105.33488449393384,-33.201814953639776,-3.4569097977209085,,1.0777383538855156,
M&M,2021.0,2.035596004200436,15.464875198578316,3.636188735510557,0.9165413898453033,9.39970214228434,1.9389399259294888,48.87311478589787,1.5175352343493937,0.45025701954318414,3.4741814780168383,-1777.0,11.84457671957672,15.0,74.92252252252253,54.0,80625,17909.0,-21380,100.0,-1.4645406065108335,-571.0280373831775,13.08328411104549,-6.915731902531408,-42.51128268702363,-0.4156185562773529,-15.711781738280251
M&M,2022.0,8.043606037417796,16.28350578345588,15.391634658234832,4.207369422465601,11.772110288870893,1.6468603442055896,45.01763463814187,2.8656835392586686,0.5230700512796714,3.4657160427396416,5996.0,1.2750585964428511,53.0,84.75359712230215,20.0,77605,9248.0,-26018,100.0,21.3966450362153,379.6957671957672,27.822756159136407,-4.864113709642448,6.425546421575001,1.4828285717850775,12.354659227390563
M&M,2023.0,9.379148834409454,16.72727572586564,20.178831210304086,5.567766285006584,13.649546136609853,1.6365716921548452,45.15647410699862,3.411663807890223,0.5936323629474797,4.4682756079587325,-15940.0,-0.6219447863548444,83.0,101.19569120287254,18.0,92247,-7074.0,-27140,100.0,34.48780650098146,56.817868468220055,38.152966015119524,17.172954352743552,,5.658317806289093,7.4043467044287326
M&M,2024.0,8.82238743726542,17.89787025985418,18.537543435564285,5.227460570376871,14.23717956050744,1.6414413053331318,46.287523112447914,3.1338141025641026,0.5925222177725139,4.944292367307761,-11245.0,-0.4588427057864711,91.0,118.8330341113106,21.0,108647,-5630.0,-28129,100.0,14.685533813258122,7.87761561455953,22.71136307616466,23.253542874034295,100.95443275430912,5.838805854237616,15.316887061047968
M&M,2024.0,8.82238743726542,17.89787025985418,17.40376159541573,4.806486994672516,13.28664609866237,1.6573146861081955,45.77091820745848,3.1338141025641026,0.5448057035412096,3.9367640398550723,-11245.0,-0.4588427057864711,91.0,126.34767025089606,21.0,116844,-5630.0,-35328,100.0,0.0,0.0,0.0,15.539508806420098,19.154092065389293,13.031152596003249,
MARUTI,2013.0,5.575117370892019,9.843355001805707,12.980870296405298,8.97626921539412,21.17298635723649,0.08245743115408871,5.701929716175455,16.505050505050505,1.6100592361085875,4.420674516064658,940.0,1.6433198380566802,82.0,126.01324503311258,10.0,1569,4059.0,-10022,100.0,,,,,,,
MARUTI,2014.0,6.407435678685286,11.92133267477886,13.276888723483438,9.067225822849155,22.594783200714865,0.09322664681801265,6.366755623332063,21.293478260869566,1.4151099250222392,4.036795359796991,-2.0,1.750175192711983,94.0,142.35761589403972,13.0,2004,4995.0,-11034,100.0,0.537197544239798,15.54655870445345,21.76106397615225,,,,
MARUTI,2015.0,7.49788389992323,13.566662073581229,15.66329467883872,11.04794500681614,27.584550730438263,0.027387120651369355,1.9317225976738115,23.825688073394495,1.4734750703367463,4.067333867093675,1958.0,1.693095300603833,126.0,161.04635761589404,20.0,666,6449.0,-12490,100.0,14.051906066184717,33.46180798878766,29.792843691148786,,,,
MARUTI,2016.0,9.54522565073191,15.66965913629339,17.954664227854717,12.865702382624164,29.254060362433947,0.0075450744708649075,0.5406544024715629,93.5,1.347867808828348,4.59608938547486,1252.0,1.543023467345825,182.0,202.75496688741723,19.0,231,8482.0,-12530,100.0,13.36194169406113,44.31609346285115,30.934416715031922,9.135371961985772,30.559835605719755,,
MARUTI,2017.0,11.031798487185137,15.305867665418226,20.258934592043158,14.45535026943803,27.746418872144417,0.013054619015509103,0.9314857582755967,114.78651685393258,1.3103348729792148,5.114942528735632,1109.0,1.3689255758221275,249.0,245.52980132450332,30.0,484,10282.0,-13311,100.0,18.225702825192315,36.63816627251229,15.480939716312058,15.193306055999,38.06425837853369,,
MARUTI,2018.0,9.874826147426981,15.183751206004336,18.517822317253696,13.080932147125216,28.39268978444236,0.002843111915223572,0.20083654229186032,33.274566473988436,1.32467467799761,5.960788707147659,3486.0,1.4957492703971578,261.0,281.8476821192053,31.0,121,11788.0,-13389,100.0,17.21965190570611,4.92610837438423,16.284425678917568,16.250064525861575,27.425628680864488,12.492038326904996,26.11794187177232
MARUTI,2019.0,8.889482734581959,12.845656922433424,16.24692092075087,11.960480857915552,23.39795140946415,0.00339760468869447,0.2501211524332098,140.78947368421052,1.345464209226344,5.575435641640215,3061.0,0.8627630375114365,253.0,311.8675496688742,32.0,160,6601.0,-15437,100.0,7.842473906451652,-2.918411369115592,-8.763822412939426,14.331892236295385,11.651395353736916,14.081283722609971,21.80155887352504
MARUTI,2020.0,7.504625958234206,9.721120803595031,11.490903203610387,8.923744263531779,14.829525979393916,0.0037237164308987513,0.289180863770667,54.007462686567166,1.1890991387439491,4.805640243902439,2939.0,0.6157097569566748,188.0,327.2384105960265,32.0,184,3496.0,-15744,100.0,-12.09276386113306,-25.787478760946282,-33.47503617945007,3.578980418926614,-8.904020746010366,8.292608553724467,8.31207678306949
MARUTI,2021.0,6.236855567555278,7.689137725231626,8.359840764937811,6.149125756556826,10.201542203201297,0.010304565627321384,0.7579578569827393,53.166666666666664,0.985933647164313,4.694909600373608,1565.0,2.017771701982228,145.0,347.6887417218543,31.0,541,8856.0,-14989,100.0,-6.98916204070843,-22.701655512504402,-26.430999320190352,-4.1079341493794885,-17.726226304928883,4.090734083537506,-4.402184406721831
MARUTI,2022.0,4.3926185893807315,6.511943846937621,7.012090434279725,5.197171024432062,10.315638450502151,0.007698841559286501,0.5706172310330047,37.98425196850393,1.1831600942991856,6.4254019058703715,1601.0,0.4742268041237113,128.0,366.44370860927154,47.0,426,1840.0,-13747,100.0,25.518672199170123,-11.597174755069496,6.301977453335805,0.8684869623523994,-20.25480802629206,5.344376669695539,-12.375249834326507
MARUTI,2023.0,6.9791402753145855,11.081834304535091,11.077747989276139,8.255249435598266,17.300390254192596,0.016729222520107237,1.2466785207679858,42.42063492063492,1.1828461830459713,4.237858344368491,1995.0,1.3086882865440466,274.0,475.1592356687898,34.0,1248,10815.0,-27941,100.0,34.05411524963207,112.98969072164948,128.12934631432546,16.102262075377503,13.326542788723806,8.209976417024478,0.9535966822438846
MARUTI,2024.0,9.50809964894472,13.130031439890594,15.750385351954785,11.697772843960314,21.720269608414768,0.001389602503619973,0.10320543953375426,90.81443298969072,1.230295566502463,5.090902565942939,4936.0,1.2456257413997627,429.0,545.452229299363,29.0,119,16801.0,-27865,100.0,19.80238155561185,63.21393998063891,41.944825483920134,26.323644326166008,45.387585949345265,10.510215112642584,12.007182039300378
MARUTI,2024.0,9.50809964894472,13.130031439890594,15.133631039202927,11.083355245858533,20.86152054119439,0.0017727711330027152,0.12983171180646857,90.81443298969072,1.1656751249013937,4.835463748849576,4936.0,1.2456257413997627,429.0,567.6815286624204,29.0,158,16801.0,-29337,100.0,0.0,0.0,0.0,17.106733547571352,51.485806667281466,13.395938346353597,18.89139800712234
MOTHERSON,2013.0,1.7867025061269666,5.850264843070598,19.746614242027086,3.548159196169244,20.575559571805925,2.142420270860638,38.49595729649109,4.336,1.9858701624931314,4.794011749099868,397.0,3.2876106194690267,1.0,38.79661016949152,26.0,4904,1486.0,-5277,100.0,,,,,,,
MOTHERSON,2014.0,3.6068915630959424,7.881238903136713,37.07333558634674,7.19627394384676,30.734709578151044,1.6356877323420074,31.750196798740486,6.428571428571429,1.9951456310679612,5.138367967562088,1323.0,2.456700091157703,2.0,33.625,29.0,4840,2695.0,-5919,100.0,20.222942525100795,142.69911504424778,61.95945945945947,,,,
MOTHERSON,2015.0,3.7275323851014104,8.2051873863997,38.86883273164862,7.414634146341463,33.64088005677785,1.5436221419975933,29.446197991391678,6.713836477987422,1.9891535150645625,5.655245553923968,546.0,2.623839009287926,2.0,37.77272727272727,31.0,5131,3390.0,-6129,100.0,13.963963963963955,17.77575205104831,18.648310387984978,,,,
MOTHERSON,2016.0,4.766766981943251,9.533533963886502,40.34569024334774,9.021103483346046,33.900248423466465,1.3802592676825107,30.861937452326465,7.646376811594203,1.8924993643529113,5.207219812508745,282.0,1.23337091319053,3.0,33.31060606060606,26.0,6069,2188.0,-7147,100.0,7.3713972476270095,37.30650154798762,24.753867791842477,13.731605063334706,57.738749499655874,,
MOTHERSON,2017.0,5.12554276005286,9.842835567302247,26.25725338491296,6.799398948159278,22.398238642465902,1.251088007736944,32.397320310543456,9.221333333333334,1.3265715001252192,3.4754367259903223,-2345.0,1.7495395948434622,3.0,59.08571428571429,18.0,10349,3800.0,-12193,100.0,13.865004299226147,22.43517474633596,17.55918827508456,11.690303939805435,25.569567317509943,,
MOTHERSON,2018.0,4.013995701827612,9.10786281370442,22.865236746256574,6.112403310434359,25.313456412281564,1.0495750708215297,28.05755395683453,8.94890510948905,1.5227727592362201,3.827011963023382,70.0,1.4442477876106194,3.0,47.06666666666667,30.0,10374,3264.0,-14712,100.0,32.86530111383803,4.051565377532218,22.944138096379763,17.552034303678067,20.489344539496447,17.35161467491404,37.97296614612149
MOTHERSON,2019.0,3.3027407395746424,8.418997843300852,19.13709750980571,4.907143191280348,23.772058496688448,1.0520842834990423,26.977592739860594,8.56501182033097,1.4857791083875194,3.448026922868154,994.0,2.0552907530981885,3.0,34.69303797468354,29.0,11534,4312.0,-18423,100.0,12.823472994334217,-7.168141592920351,4.290171606864268,19.50895138539459,5.750871745675079,15.870129339266658,13.846522984671639
MOTHERSON,2020.0,2.1307777174002536,7.6635544797378525,11.490986590888909,2.8734483600914884,19.076115915891297,1.166503862889619,29.16971998312349,4.344013490725127,1.3485444007727667,2.926698795180723,4132.0,4.908809891808346,2.0,35.63607594936709,40.0,13136,6352.0,-20750,100.0,-4.39840687624955,-38.322211630123924,-12.976813762154071,12.743641155283726,-15.855677407263757,11.86932259609421,0.03094059998249854
MOTHERSON,2021.0,2.7348788565452327,7.617221544361165,12.491043706711249,3.285932689689836,17.8432893716059,0.949765146087095,24.984816435946303,3.9296875,1.201491130704308,2.8543708642221004,3165.0,3.2192479286169533,2.0,39.75,46.0,11930,5051.0,-20099,100.0,-5.531130102586901,21.251931993817628,-6.102277610657502,0.6277521202438852,-11.453479186758187,9.04130271469381,-2.426054692806645
MOTHERSON,2022.0,1.8534198889829712,7.391727036096214,5.741208470953954,2.121092488246061,13.577971081283485,0.6863221293957645,25.35620715644403,4.292817679558011,1.144420916627786,2.978562421185372,159.0,2.083756345177665,1.0,45.54867256637168,34.0,14130,2463.0,-21411,100.0,11.162628551507758,-24.665391969407267,7.8718535469107564,0.13153772630367655,-17.408123987968104,8.51873923333828,-11.457550766753288
MOTHERSON,2023.0,2.119612123673656,7.933949332385643,7.438090147871014,2.7229740746779716,17.246992605672663,0.6142882593978265,22.488178705364422,4.0793854033290655,1.2846567748247186,3.403810428997278,2395.0,2.7802395209580837,2.0,33.11504424778761,29.0,13792,4643.0,-23147,100.0,23.542509486624642,41.28595600676819,32.60500636402206,9.06564752845387,8.874807029984133,6.951211399731538,-5.871398473575439
MOTHERSON,2024.0,3.0600251286831757,9.445547764763102,11.546549416937488,3.58763572429851,20.231351867526097,0.7616899254444657,23.666516191879115,3.120375483158476,1.1724203473591674,3.2764092689728437,925.0,2.5062913907284767,4.0,38.57669616519174,20.0,19922,7569.0,-30122,100.0,25.262730365030215,80.83832335329342,49.12813949768038,19.82084189180693,24.392634688314452,9.21195713294276,7.557399109099472
MOTHERSON,2024.0,3.0600251286831757,9.445547764763102,9.254152111294967,3.085442229691762,16.058293569447553,0.7788502788502788,25.96777654042236,3.120375483158476,1.0083061739494683,3.0408873825296565,925.0,2.5062913907284767,4.0,46.35511363636363,20.0,25417,7569.0,-32455,100.0,0.0,0.0,0.0,15.667876924363377,36.70880554877822,10.198875797242213,18.471676253726145
NAUKRI,2013.0,16.101694915254235,25.635593220338983,12.5,9.212121212121211,19.868637110016422,0.001644736842105263,0.12121212121212122,44.333333333333336,0.5721212121212121,3.1052631578947367,29.0,0.9868421052631579,8.0,5.577981651376147,12.0,1,75.0,-152,100.0,,,,,,,
NAUKRI,2014.0,10.582010582010582,17.10758377425044,8.928571428571429,5.660377358490567,14.413075780089152,0.001488095238095238,0.09433962264150944,41.0,0.5349056603773585,3.8053691275167787,-123.0,1.35,8.0,6.165137614678899,30.0,1,81.0,-149,100.0,20.1271186440678,-21.052631578947366,-19.834710743801654,,,,
NAUKRI,2015.0,-1.912568306010929,2.8688524590163933,-0.9893992932862191,-0.6314839873703203,1.4830508474576272,0.0007067137809187279,0.04510599909788002,16.0,0.3301759133964817,1.2708333333333333,-1000.0,-3.642857142857143,2.0,11.791666666666666,150.0,1,51.0,-576,100.0,29.100529100529094,-123.33333333333334,-78.35051546391753,,,,
NAUKRI,2016.0,15.775401069518717,12.165775401069519,7.647440051847052,6.129870129870129,5.897602073882048,0.0006480881399870382,0.05194805194805195,59.333333333333336,0.38857142857142857,9.121951219512194,76.0,0.6610169491525424,11.0,12.75206611570248,27.0,1,78.0,-82,100.0,2.1857923497267784,-942.8571428571429,333.3333333333333,16.587824820776543,15.794910575502929,,
NAUKRI,2017.0,-4.842342342342342,-1.0135135135135136,-2.701005025125628,-2.0944958597174863,-0.5646173149309912,0.000628140703517588,0.04870920603994155,2.25,0.43253774963468095,5.656050955414012,48.0,-4.953488372093023,-2.0,13.15702479338843,-230.0,1,213.0,-157,100.0,18.71657754010696,-136.44067796610167,-109.8901098901099,16.129699512298636,,,
NAUKRI,2018.0,50.708502024291505,22.16599190283401,24.49877750611247,19.298921417565484,10.703812316715542,0.0004889975550122249,0.038520801232665644,118.0,0.38058551617873654,11.227272727272727,104.0,0.5049900199600799,42.0,16.762295081967213,13.0,1,253.0,-88,100.0,11.261261261261257,-1265.1162790697674,-2533.333333333333,10.513488411829686,,15.921232283459897,45.81588119284117
NAUKRI,2019.0,51.433536055603824,0.7819287576020852,23.27959103421156,18.563813107557227,0.3539127015336217,0.00039323633503735744,0.03135779241141424,103.28571428571429,0.36092819065537785,13.079545454545455,217.0,0.46621621621621623,49.0,20.84426229508197,12.0,1,276.0,-88,100.0,16.49797570850202,18.16367265469061,-95.89041095890411,15.449283492976317,71.19059437399883,15.212195570626985,58.06440878854655
NAUKRI,2020.0,-18.75,-26.676829268292686,-11.207289293849659,-8.50328378845489,-15.404929577464788,0.03507972665148064,2.6615969581749046,-8.0,0.4535084687175942,5.421487603305785,447.0,-1.4227642276422765,-19.0,17.991803278688526,-31.0,77,350.0,-242,100.0,13.987836663770636,-141.55405405405406,-3988.8888888888887,13.89560252422335,,12.378841526917284,
NAUKRI,2021.0,125.70921985815602,6.560283687943262,26.278724981467754,22.536554354736175,1.3550631752426296,0.012045959970348406,1.0330578512396695,146.63636363636363,0.1792752701843611,8.417910447761194,-1767.0,0.19464033850493653,110.0,41.82945736434109,7.0,65,276.0,-134,100.0,-14.02439024390244,-676.4227642276423,-121.14285714285715,4.516305991129865,41.45321900148786,8.562916099524465,64.42159040772262
NAUKRI,2022.0,810.6985525487728,28.067967275015732,74.71291033522793,62.891178050090325,2.577140875996764,0.0037118663728105787,0.3124542303373529,1291.909090909091,0.0775765268759459,1.5382381413359147,-470.0,0.05488278217668064,991.0,133.65891472868216,1.0,64,707.0,-1033,100.0,40.86879432624113,808.4626234132581,502.7027027027027,11.348112064468662,179.18185980408458,12.342009060770032,
NAUKRI,2023.0,-2.9838022165387894,14.83375959079284,-0.522466039707419,-0.42021851362708607,2.5768233987412072,0.00806090461262875,0.6483371353103614,8.833333333333334,0.14083323328130629,2.9288389513108615,154.0,-7.314285714285714,-8.0,103.86046511627907,-228.0,108,512.0,-801,100.0,47.64002517306483,-100.54339388293742,-21.973094170403584,21.375600315728605,,18.88148259878615,
NAUKRI,2024.0,23.462145110410095,28.036277602523658,1.9661621835965897,1.6487018204993213,2.3305362527861546,0.008129006675038002,0.6816481476350135,26.085714285714285,0.07027071960985341,3.130864197530864,-150.0,1.1798319327731093,44.0,234.5891472868217,49.0,246,702.0,-810,100.0,8.098891730605295,-950.0,104.3103448275862,31.002640631164248,-25.134755898556637,17.115610089960743,0.10114653187012212
NAUKRI,2024.0,23.462145110410095,28.036277602523658,1.423853737915191,1.1855896066632128,1.691045308597931,0.006126160620273763,0.5101024190013151,26.085714285714285,0.05053202088231778,3.127003699136868,-150.0,1.1798319327731093,44.0,323.93798449612405,49.0,256,702.0,-811,100.0,0.0,0.0,0.0,16.86248507792074,-64.12065079951562,14.088818557439309,
NESTLEIND,2013.0,12.27337655202725,21.404241292165697,47.170608108108105,17.690845739626226,54.74985947161327,0.5021114864864865,18.83116883116883,46.351351351351354,1.441400063351283,2.701395072721876,1355.0,1.6078782452999105,12.0,24.666666666666668,42.0,1189,1796.0,-3369,100.0,,,,,,,
NESTLEIND,2014.0,12.02435312024353,20.690005073566716,41.76947479732112,20.36082474226804,71.36856842842143,0.007049700387733521,0.3436426116838488,127.71428571428571,1.693298969072165,3.101983002832861,1212.0,1.3873417721518988,12.0,29.552083333333332,51.0,20,1644.0,-3177,100.0,8.284803867706847,6.08773500447628,4.671457905544152,,,,
NESTLEIND,2015.0,6.886850152905198,19.021406727828747,19.985800496982606,9.250739401906014,54.85008818342152,0.006389776357827476,0.29576076240552085,272.3333333333333,1.343246795925074,2.820910973084886,1028.0,1.9502664298401422,6.0,29.34375,83.0,18,1098.0,-2898,100.0,-17.04718417047184,-52.48945147679325,-23.737126042177536,,,,
NESTLEIND,2016.0,10.95066185318893,20.238485942457064,30.499695307739184,14.698972099853158,55.80693815987934,0.010054844606946984,0.4845814977973568,17.978021978021978,1.3422907488986784,3.3483516483516484,1340.0,1.4645354645354645,10.0,34.1875,61.0,33,1466.0,-2730,100.0,11.816513761467885,77.797513321492,18.9710610932476,0.14628993536529578,-3.5889155041166187,,
NESTLEIND,2017.0,12.237762237762238,20.94905094905095,35.8187134502924,16.637240255330706,60.677083333333336,0.01023391812865497,0.47534972158087735,20.98913043478261,1.3595002037213093,3.826452599388379,1687.0,1.4840816326530613,13.0,35.625,68.0,35,1818.0,-2616,100.0,9.506618531889298,22.377622377622373,13.351351351351347,0.5215437531334466,1.1127478048522432,,
NESTLEIND,2018.0,14.231314204746722,23.18455543747786,43.75170160631636,19.868941641938676,70.58506335939606,0.00952899537163082,0.4327398615232443,22.6875,1.3961424332344214,4.7030403998334025,2000.0,1.2769135034225265,17.0,38.260416666666664,69.0,35,2052.0,-2401,100.0,12.807192807192802,31.183673469387752,24.845016690510246,11.368157857324835,41.85211886698417,4.40861889926385,7.54557372112743
NESTLEIND,2019.0,15.910744603444094,23.655913978494624,102.60688216892598,27.436219155165205,138.80455407969637,0.09854014598540146,2.6348808030112925,21.72093023255814,1.7243831033040569,5.283639470311832,2378.0,1.166158536585366,20.0,19.979166666666668,168.0,189,2295.0,-2341,100.0,9.537725823591913,22.4642190416926,11.764705882352944,10.60640925001235,25.274786770601466,4.649122770208569,10.678011748831228
NESTLEIND,2020.0,15.595505617977528,23.98501872659176,103.12035661218424,26.354430379746834,147.7618827872635,0.07280832095096583,1.8607594936708862,18.152439024390244,1.6898734177215189,6.126663607159247,2133.0,1.1786743515850144,22.0,21.03125,93.0,147,2454.0,-2179,100.0,7.931118117875324,5.792682926829262,9.432672590567325,10.073403724396623,19.33876674198114,10.305889442764006,29.895607703023686
NESTLEIND,2021.0,14.368089003459739,24.163896614883658,108.83864337101747,25.722613553558414,160.95797559873475,0.1366906474820144,3.2305076512023314,15.143564356435643,1.790259897983969,4.921869782971619,316.0,1.0557129367327667,22.0,20.270833333333332,91.0,266,2236.0,-2995,100.0,10.419475655430709,1.729106628242083,11.242973141786393,9.291241380153581,9.640252321560027,10.028868653695744,16.171173303400877
NESTLEIND,2022.0,14.150440906669823,21.932887494821564,97.23464823098821,26.628800534580687,135.75091575091577,0.11020740138267589,3.018153469205925,22.006451612903227,1.8818353936964027,5.550919842312746,2345.0,1.1447093266415727,25.0,25.614583333333332,89.0,271,2737.0,-3044,100.0,14.625873414286694,12.889518413597735,4.042672655811352,10.957927986710603,6.7050140534975045,11.038888366343947,14.31117726718323
NESTLEIND,2023.0,15.680225870542715,23.376555474223572,121.96014640097602,33.400155919367414,163.77289377289378,0.11020740138267589,3.018153469205925,34.9327731092437,2.130081300813008,6.283180026281209,2465.0,1.1310436812270757,31.0,25.614583333333332,56.0,271,3392.0,-3044,100.0,13.191690832692204,25.428690924299445,20.642201834862384,12.732108141207288,12.935873052202474,11.114479545434808,13.290141126006617
NESTLEIND,2024.0,16.12281708616873,23.829630236943512,117.75449101796407,37.37527321106148,157.74762550881954,0.10329341317365269,3.278532737812411,37.47586206896552,2.318160220469448,7.050289017341041,2938.0,1.0615306381896772,41.0,34.791666666666664,79.0,345,4175.0,-3460,100.0,27.54365784795567,31.14371457152385,30.01565645269515,18.282008662499027,22.913427743605965,14.548573711802671,14.852319512993839
NESTLEIND,2024.0,16.12281708616873,23.829630236943512,98.57142857142858,35.406913935902054,133.29511579912864,0.09273182957393483,3.330932661145121,37.47586206896552,2.196074900972272,6.215031847133758,2938.0,1.0615306381896772,41.0,41.5625,79.0,370,4175.0,-3925,100.0,0.0,0.0,0.0,13.02065116290314,18.045143221615454,12.813312317887537,13.566082326860851
NHPC,2013.0,45.02429086350102,65.06817113305125,9.64255747608659,4.607046070460704,8.28163957315249,0.6826648766571572,32.61653918314331,7.374795417348609,0.10232356761437437,0.27110506861537154,1516.0,0.9906021580229725,2.0,2.422160799934965,28.0,20340,2846.0,-23537,100.0,,,,,,,
NHPC,2014.0,22.10041954256327,58.76302611990797,5.781349571620761,2.6584400996304556,8.849485376541324,0.7370601147065071,33.89226236019991,3.1022443890274314,0.1202891236752568,0.24973806063473822,2702.0,2.3417023882424983,1.0,2.5513503748532202,27.0,20819,3824.0,-29587,100.0,15.796897038081802,-43.160459450052215,4.5761078998073135,,,,
NHPC,2015.0,34.03478895511495,62.44982362243036,9.096820339423891,4.5543329643857025,9.999610455377663,0.669224266857403,33.50478546780389,3.868827160493827,0.13381405039390584,0.2944906147012466,3293.0,1.4513938527519656,2.0,2.7782494806250564,27.0,20584,4061.0,-27916,100.0,11.259981052916501,71.3410900183711,18.240442192537998,,,,
NHPC,2016.0,28.309791716542975,57.25401005506344,7.4740068893594165,3.764544832306639,9.272794245943274,0.6300919634674336,31.73678429874409,3.9008620689655173,0.13297677602152078,0.3694825298540469,5225.0,2.5247357293868924,2.0,2.858188058892602,81.0,19938,5971.0,-22610,100.0,1.6178080525483418,-15.475339528234455,-6.836774444877292,9.396117433337391,-6.28009500103448,,
NHPC,2017.0,40.357184274614404,56.63922068885539,11.993796312252284,5.781979497233622,10.124168238635185,0.6626572462519387,31.94543672221576,5.0026478375992935,0.14327014139265953,0.38795159040806226,6465.0,2.393390804597701,3.0,2.82824836728726,61.0,19227,8329.0,-22227,100.0,3.2200143643763557,47.14587737843552,2.111645410830021,5.282835558354648,28.685916441349725,,
NHPC,2018.0,35.912314635718886,54.77756286266925,9.270663426650245,4.425341235917563,8.733013999958885,0.6192203987883226,29.55841927128851,4.29004329004329,0.12322628827483197,0.3657846328003396,3810.0,1.6861759425493716,2.0,2.9282581148260065,57.0,18602,4696.0,-21201,100.0,-10.06610228458773,-19.97126436781609,-13.022113022113025,-1.9263396255236653,-0.15511300403553419,3.9773181180608352,-0.6202466121244421
NHPC,2019.0,31.570744740064566,55.449181787821445,9.208390155204883,4.2497077951269215,9.989170543879352,0.6190661731281252,28.570144154404055,5.641741071428571,0.13460904486468667,0.3596508788085038,2642.0,1.3483779971791254,3.0,3.066002986560478,56.0,19066,3824.0,-24977,100.0,15.834945196647322,1.8312387791741491,17.25517890772128,2.449295490710135,6.240888435923275,3.984150124326624,11.67192648790385
NHPC,2020.0,33.42326139088729,54.416466826538766,10.659316146712978,4.692958457847553,9.972897743920305,0.7401293776488959,32.5855465297361,4.72405929304447,0.1404099499137169,0.4101303171871158,6.0,0.8947683109118086,3.0,3.12404181184669,52.0,23226,2993.0,-24402,100.0,11.410441945897798,17.94781382228492,9.335474804256183,5.090381881155981,-1.3101945768037693,4.012259228031634,3.6357709277351935
NHPC,2021.0,37.3134328358209,54.69527363184079,10.891598342056696,4.922336469043973,9.353232067211401,0.7068949868393186,31.947330999781233,8.790294627383016,0.13191861737037847,0.43868503614786525,3463.0,1.4083333333333334,3.0,3.2904927824788452,49.0,23365,5070.0,-21993,100.0,-3.597122302158273,7.623318385650224,-3.10319500550863,7.552001673957842,8.932908751747304,2.9220824381200217,8.766278996914423
NHPC,2022.0,41.272965879265094,43.88670166229222,10.807250651470463,4.883034882517338,6.576855630398086,0.7472867329114287,33.76462063968533,6.489761092150171,0.11831073387848048,0.41896907216494844,1506.0,1.2162162162162162,4.0,3.476455948232952,52.0,26096,4590.0,-21825,100.0,-5.223880597014929,4.833333333333334,-23.953003600530607,0.5938907211133992,9.993044511574766,1.1802076244835424,1.6352899253456288
NHPC,2023.0,40.17158480248892,58.30112190063166,11.5283677389681,4.942524735822575,9.299108284085953,0.7992208003030221,34.26476899699574,12.025263157894736,0.12303534351764855,0.4791525500293626,514.0,1.1042008918094344,4.0,3.6795420607267295,48.0,29540,4705.0,-22137,100.0,15.999562554680669,12.904080551139385,54.09917767256416,1.9565404471107772,8.402293475047728,6.463846578139609,8.87728106871608
NHPC,2024.0,41.81893687707641,49.90656146179402,10.407730866621879,4.317394985905228,6.745435920463634,0.8413260296625498,34.900371930501514,9.294407894736842,0.10324018993108032,0.44854242339573436,970.0,1.7224428997020853,4.0,3.852862120457939,53.0,32561,6938.0,-21474,100.0,-9.192042990477988,-5.468199953062658,-22.267141009055624,-0.05530974579651682,3.8155287821050266,1.404917217643753,7.269596517101484
NHPC,2024.0,41.81893687707641,49.90656146179402,10.032628458990262,4.123626907996438,6.464583977729663,0.8520760168372812,35.022163982760205,9.294407894736842,0.09860668912070925,0.45250399323499013,970.0,1.7224428997020853,4.0,3.996913887506222,53.0,34210,6938.0,-21286,100.0,0.0,0.0,0.0,1.748204028978484,2.1948919183869764,-0.7629523217842382,3.785974610532783
NTPC,2013.0,17.598366844710423,25.376828211079726,15.492368291482029,7.040094867319999,11.966899643940392,0.8668020679468242,39.38951537119076,7.6684062625451626,0.4000425112990558,0.9956148288391129,-337.0,1.3116160813602415,13.0,9.853244390539722,38.0,70419,16508.0,-71833,100.0,,,,,,,
NTPC,2014.0,14.557640750670242,25.184475935146178,13.057518121128147,5.698138098521873,11.687719215091478,0.9327371205441491,40.70348494388311,5.43947287771989,0.3914190627529757,0.930196655899677,1022.0,1.4497062176620188,12.0,10.591752577319587,42.0,81455,16531.0,-84208,100.0,9.524874856679432,-9.399332591768628,8.694693922530172,,,,
NTPC,2015.0,12.496716985379642,21.70166464474655,12.171413257972569,4.547771628313429,9.412734748787607,1.2455477866835578,46.539105738421206,3.8498228400109022,0.3639173099330032,0.8704887156652478,-1088.0,1.4900920736589272,10.0,9.956822316555488,21.0,102252,14889.0,-91853,100.0,2.077109664241039,-12.373936683328946,-12.039336949358749,,,,
NTPC,2016.0,14.688811379366722,25.298381383181646,11.772863772863772,4.798700287094118,9.721516866580453,1.0857111657111658,44.2543342309661,4.154486036838978,0.32669085082233545,0.7898072722185755,4963.0,2.237733048882293,11.0,11.106731352334748,26.0,99424,24125.0,-92929,100.0,-8.205660542541615,7.8963170536429095,7.007837713231901,0.8677523966065248,-5.02912495340746,,
NTPC,2017.0,13.059164818020038,26.32554057677775,10.950755330239783,4.309717177324307,10.206463747158702,1.1628712770089331,45.765302633537274,4.5774047428723685,0.33001476261157436,0.7848505720736234,-4313.0,1.8823035280940825,11.0,11.866343238326259,37.0,113773,20167.0,-104532,100.0,11.779933511363016,-0.6214636861144651,16.31839724256785,1.5553258876010778,-2.056074553867737,,
NTPC,2018.0,11.922845497996208,25.52705970505092,10.140687311105317,3.717627401837928,9.624933650668629,1.2557477091239149,46.036347931976835,4.632561277265572,0.3118070600229387,0.6868337946898515,-1008.0,1.8729765758903065,11.0,12.560703456640388,40.0,130049,19670.0,-128245,100.0,7.363301723507476,-1.9787194325182056,4.1068617464580015,3.278963072629759,1.6732086709522198,4.254629054165937,-3.5556351524588803
NTPC,2019.0,13.993837685841633,22.645008824673187,12.602710202322262,4.045278058819968,7.9848390022994655,1.5540828147310004,49.883691770219905,3.008028545941124,0.2890756738526993,0.664218299831109,-5377.0,1.331480689753456,14.0,11.253865588681153,44.0,173058,18686.0,-150985,100.0,13.855113926637387,33.63168920205675,1.000667111407605,10.966209019035155,9.18780665551029,5.066267148996562,4.239536008202838
NTPC,2020.0,10.872981071402469,28.855148724694878,10.015146415348369,3.152271505340746,9.814711813636688,1.7080444294850219,53.76076955470391,3.594944437660276,0.28991786931660174,0.5828660884011437,-5738.0,2.007225676356915,12.0,12.01010611419909,27.0,202984,23890.0,-187803,100.0,9.150737383708751,-15.191677354995015,39.08410391897843,10.089278382076806,3.567327097369799,6.483658660598168,3.5603487062274786
NTPC,2021.0,13.421380602702387,30.524248863544667,11.904818711775981,3.7608473903452575,10.13374133419855,1.6717804340737559,52.81316108154825,2.8852992194275804,0.2802131540467612,0.5487515068021354,11410.0,2.1674126528158193,15.0,12.966793853769207,41.0,210208,32444.0,-203245,100.0,1.8882920412190307,25.768778356578736,7.781928702589758,8.185195145356472,12.540003626275432,8.728811496983235,6.784138551726704
NTPC,2022.0,12.7836947591374,30.42308301110282,12.528255056362376,4.078580000048096,11.6626213592233,1.5564805649533884,50.671306372059796,3.3471629692832763,0.3190454776098944,0.5898418569910592,18897.0,2.463915094339623,17.0,13.960400123749613,41.0,210707,41788.0,-224923,100.0,18.952578206955906,13.300821698176236,18.558336270708487,9.776219885898762,6.515985999412499,10.0896886146449,9.621273019093369
NTPC,2023.0,9.716413082340656,27.011412713456334,11.645116750440407,3.828582545635067,12.866009255655031,1.5161777408976826,49.847603585955824,3.089368393465537,0.39403250079943825,0.7329010414933618,21007.0,2.7540447403773145,17.0,15.16169949468908,42.0,222913,47152.0,-240424,100.0,32.81701075609222,0.9492924528301971,17.922798672018224,17.197212187118605,12.885040668502533,14.875181849027719,10.268488784144324
NTPC,2024.0,11.950633329785267,28.82672926202094,13.273598407068633,4.450861504179203,12.933810240774582,1.475521125007778,49.47671288897049,3.287781481180392,0.37243729109201756,0.6893687194420199,8644.0,1.9119163697731107,21.0,16.573166958853253,36.0,237131,40785.0,-258934,100.0,1.301877904964055,24.59552596226855,8.109925203798628,16.971938102031615,12.532921935042452,12.222309654337993,8.735165684951163
NTPC,2024.0,11.950633329785267,28.82672926202094,12.677094228392127,4.333746419356805,12.541678853465926,1.438201245602358,49.16583710866871,3.287781481180392,0.36263738496231435,0.6885231357906593,8644.0,1.9119163697731107,21.0,17.352995771888214,36.0,242009,40785.0,-259252,100.0,0.0,0.0,0.0,10.396947683816492,7.94484549100567,10.274187835397397,12.37826578850374
ONGC,2013.0,14.812574081390755,26.855121493480837,15.730882198678275,9.467927268135615,25.114165795869823,0.1356210007342914,8.162604962434497,76.91322314049587,0.6391817665256645,1.3538831867874694,-1346.0,1.6618321246978411,19.0,35.654043945769054,34.0,20686,39874.0,-119644,100.0,,,,,,,
ONGC,2014.0,15.314063208917936,28.216010705199256,15.489218829871277,8.205221308650485,22.204144351795357,0.285288582183187,15.112808330461327,64.16185897435898,0.5357964895869234,1.1167114537303668,-10363.0,1.9977498593662104,21.0,40.24123422159888,31.0,49113,53270.0,-155923,100.0,7.4927153299091165,11.131949654080199,12.939932415346767,,,,
ONGC,2015.0,11.000913480360172,26.293320407896942,9.810201989415644,5.23994589266739,18.051271549793302,0.2989332520572996,15.966990975204753,10.556564245810057,0.47631916222432047,0.8943495634486169,3892.0,1.9177540529853696,14.0,42.18209443665264,44.0,53944,33950.0,-179933,100.0,-7.579786470328109,-33.6096006000375,-13.877467942194176,,,,
ONGC,2016.0,10.563062336740945,31.55132380921668,6.623393693065202,3.8335498519480824,16.084220736253304,0.23001405360591262,13.312968879838023,6.324482209240574,0.36292030944606346,0.7459600546076728,8036.0,3.533201038009464,10.0,46.2398316970547,56.0,45500,46292.0,-166277,100.0,-22.922142888213614,-25.989945207027056,-7.5085082246171275,-8.513177422485574,-18.264326253664454,,
ONGC,2017.0,10.325090440557014,18.691284432897,15.005710287777926,6.561835667285304,19.242458475150684,0.41170145998168595,18.003261908779034,12.617376775271513,0.6355233113998088,1.3380982830076968,1965.0,1.5694744420446365,19.0,30.2923484494312,40.0,80029,45780.0,-211125,100.0,127.76129510787189,122.63013280415205,34.92781397725822,17.50567486523249,3.0370265949263064,,
ONGC,2018.0,8.077940912161534,17.628739471841243,12.777241335365824,5.676433698000139,18.31772751861106,0.5222552801454766,23.20178036373772,8.843168633726746,0.7027079994425476,1.4275362959948332,-10006.0,2.178609789780574,17.0,31.79351721988468,38.0,106550,56792.0,-226058,100.0,14.229786270026112,-10.63114950803936,7.736156351791523,26.10422573836175,13.768041278074783,14.780201866571652,1.6719168611926793
ONGC,2019.0,8.049352029296244,17.745431948845418,15.644389537831781,6.8931618810463435,23.04420406805554,0.4966579697050716,21.883524290992256,10.396265204728456,0.8563623327639471,1.8300367635888555,24326.0,1.8108904472862277,24.0,34.48871224165342,29.0,107742,61458.0,-230391,100.0,30.652668373070235,30.19027159736074,31.517516567350444,50.35776353338637,37.33552226836893,19.34791444347761,4.9419020577952555
ONGC,2020.0,2.8876207376338447,13.13368353128592,5.585459084171932,2.2535033952050103,15.573395660789593,0.6312553631328497,25.468561896593776,3.5319802376819336,0.7804014446341597,1.6266544208092106,17434.0,6.162098463687151,9.0,32.607949125596186,58.0,129473,70593.0,-243892,100.0,-5.904787203764494,-66.24432789203843,-30.358598751653986,11.98376349590955,-26.767506537856246,19.777417891578963,-8.336333013158049
ONGC,2021.0,7.029807568891126,16.28210064867747,9.665989383702671,3.9427925899126532,13.968794470420818,0.6027079251157339,24.58467774684909,6.931482575310101,0.5608677835451169,1.2465804567049306,8044.0,2.2090355805243447,13.0,35.132114467408584,28.0,133187,47185.0,-243746,100.0,-23.41125405819604,86.45251396648044,-5.051338643124459,-1.9870207580221289,-6.423992434663428,19.625016807385354,10.268820886323393
ONGC,2022.0,10.03448374134344,16.259470815029538,18.995541477362497,8.451462469567602,20.937432009835145,0.4700754904567577,20.914514967595927,10.49631320224719,0.8422418818365738,1.930983246987052,37051.0,1.5873737168823792,36.0,41.25643879173291,29.0,121986,78248.0,-254402,100.0,61.67438431589376,130.77715355805242,61.449679623228825,5.226364884007695,13.249407481792508,11.700282175161902,11.064305194750812
ONGC,2023.0,5.184005465837723,11.944974703103476,11.679440720905623,5.346142240852043,17.859178109400975,0.5068823112308345,23.202009410958794,6.457092153631639,1.0312763510923726,2.5209055135376506,11372.0,2.625602538287876,28.0,44.617965023847376,40.0,142255,86062.0,-250819,100.0,28.711684166385076,-33.50509189759403,-5.4423216566091615,16.808572292326552,41.965608621646396,14.39893778765693,4.687528684693643
ONGC,2024.0,9.655290194725701,17.388518015001793,16.940398136885513,8.044955154739396,20.975989850097196,0.45444863084819176,21.581658387035873,8.539729252501472,0.8332173339682772,1.9815314922902691,42060.0,1.7383758603176827,39.0,53.588235294117645,31.0,153181,99263.0,-298454,100.0,-6.4677498177263315,74.20525962535847,36.15660624677268,24.855263957274687,38.78658467052287,7.001683761214439,10.96639922553624
ONGC,2024.0,9.655290194725701,17.388518015001793,16.209165540655622,7.536951534686528,18.911627427974533,0.5435766274171389,25.27527210426418,8.539729252501472,0.7806033151446515,1.68759095760163,42060.0,1.7383758603176827,39.0,56.00572337042925,31.0,191489,99263.0,-350438,100.0,0.0,0.0,0.0,6.379950822268254,5.022709312566298,8.312132366587456,37.886625048348364
PFC,2013.0,25.63243617881483,34.578953448076696,18.741554054054056,2.6209177346010746,3.6695841914288514,5.889907094594594,82.36756629067501,1.545156889495225,0.10225004429221048,230.85333333333332,-25080.0,-5.65615141955836,13.0,17.939393939393938,21.0,139473,-25102.0,-75,100.0,,,,,,,
PFC,2014.0,25.515018451908254,35.53510533937497,19.845941428675243,2.81082750102923,4.073621865929805,5.785008356950803,81.93443804034582,1.5840802880563856,0.11016364759160148,297.31944444444446,-22464.0,-4.1144269498352255,17.0,20.85,22.0,159215,-22473.0,-72,100.0,23.63982904008317,23.073456511942325,27.058627025221305,,,,
PFC,2015.0,24.027533215943652,33.73219145189691,18.52457498997254,2.6228419654714474,3.8277620602433164,5.794174817191694,82.03807576710702,1.5464544513457557,0.10915985182078702,244.98039215686273,-21946.0,-3.5734510326449036,18.0,24.55378787878788,20.0,187795,-21455.0,-102,100.0,16.72817302751437,9.923105089710727,10.805836729328245,,,,
PFC,2016.0,22.19590108036323,32.88467750619145,17.164427667369825,2.501415743062859,3.8709023233018858,5.569557011213501,81.16657228379582,1.5503391967341058,0.11269719278375535,140.71212121212122,-15271.0,-2.1503880983182406,19.0,27.293939393939393,30.0,200660,-13298.0,-198,100.0,11.497518809028339,2.9980013324450328,8.69616799145807,17.1834902302616,11.69336992729566,,
PFC,2017.0,8.107030201950618,19.125484935281534,6.068666033383091,0.8615341935831885,2.199410432919024,5.5093771203691135,78.21351098301976,1.3139312977099236,0.10627001159757568,93.17905405405405,1128.0,0.802772808586762,7.0,13.956439393939394,59.0,202993,1795.0,-296,100.0,-1.0049890527978222,-63.84217335058216,-42.42523466492032,8.813989432062751,-25.748248739707346,,
PFC,2018.0,18.091888779203686,24.169134583744654,22.08414921925993,1.6835364791753984,2.4433194382361196,11.074735150876135,84.42580440203548,1.388887054706329,0.09305476612870815,302.0124223602484,-55739.0,-6.496305558713198,20.0,15.088636363636363,31.0,441151,-57148.0,-161,100.0,76.29527573329466,293.4257602862254,122.78672985781989,24.8455485247282,13.578981385649413,22.939276768900285,14.664625989085934
PFC,2019.0,23.361549550881602,32.866964846782246,26.824558052672902,2.009957558728447,3.03149116362006,11.448993017975,85.7870240065896,1.51584024027493,0.08603699657639349,276.05102040816325,-93715.0,-6.349050632911393,30.0,17.848863636363635,0.0,539488,-80252.0,-196,100.0,11.274267851266861,43.68534727748097,51.31892443839345,24.762166963467557,26.909031846714605,20.37545004533472,18.271219708064777
PFC,2020.0,15.23902941034588,22.53131582755793,19.18421052631579,1.3645375733779108,2.169171203834287,12.076133603238866,85.89531490048537,1.3450361121312278,0.08954228885807629,261.29831932773106,-42221.0,-4.447398965917484,22.0,18.71212121212121,35.0,596561,-42148.0,-238,100.0,14.939193435108855,-25.023734177215186,-21.20564584153405,31.129736459530143,61.83273001815508,20.004191472316112,9.558490376212593
PFC,2021.0,21.932566707602994,27.731104164340735,25.86272154294272,2.0260227121838525,2.7581372753140396,10.855925090921058,85.04267719641567,1.445148151463611,0.09237508492252874,210.1348973607038,-57402.0,-3.763234919826928,36.0,23.017803030303032,22.0,659682,-59143.0,-341,100.0,15.222949396195462,65.83306953677324,41.8141592920354,13.79782446393909,21.33957684154286,20.795615816250113,20.507619593217076
PFC,2022.0,24.60989745876059,30.602396999816424,26.18449690272895,2.372692793931732,3.1875894622974466,9.214744126346336,83.49886219974717,1.5229819499429644,0.09641213653603034,106.06675938803895,4357.0,0.2612958226768968,42.0,27.15,23.0,660476,4904.0,-719,100.0,6.427933459863788,19.419699669127,17.447536611141867,12.121161337341558,14.083711126824316,22.557427499151792,53.03446130405689
PFC,2023.0,27.263014262911284,34.11384583698059,25.165759642577058,2.363432249540236,3.172571817132678,8.925568573397657,83.8241201992608,1.563540846927707,0.08669005660006784,99.34015345268543,-76411.0,-3.527881391944851,48.0,31.878030303030304,22.0,751158,-74717.0,-782,100.0,1.8646245836720698,12.846334185848264,13.553003684977295,7.697594231791838,30.740915951433713,9.823727364499103,19.210407263202978
PFC,2024.0,28.916597455960137,36.68859553263103,26.1609340860332,2.54707727671322,3.4859055120562927,8.521864217426122,82.97045752288288,1.5794831096235464,0.0880835748601615,119.77486910994764,-101229.0,-3.6967612713049394,60.0,30.650606060606062,23.0,861961,-97820.0,-764,100.0,17.79517017661294,24.93979885735871,26.685785442058794,8.493112204756725,18.9656031749176,11.081753577550923,15.923593622700727
PFC,2024.0,28.916597455960137,36.68859553263103,24.045399196699563,2.3982178090398336,3.2898804793369476,8.273331152427167,82.5157858579377,1.5794831096235464,0.08293568469431128,119.93184796854521,-101229.0,-3.6967612713049394,60.0,33.347272727272724,23.0,910447,-97820.0,-763,100.0,0.0,0.0,0.0,6.263379649332057,12.131961526024583,8.031174578086375,22.796807039009217
PIDILITIND,2013.0,11.52800435019032,15.171288743882544,25.681405208964264,16.207951070336392,31.6505955757232,0.06723198061780739,4.2431192660550465,37.3125,1.4059633027522935,5.693498452012384,328.0,1.1132075471698113,8.0,32.372549019607845,31.0,111,472.0,-646,100.0,,,,,,,
PIDILITIND,2014.0,10.506654214335747,15.689936960074713,23.05327868852459,15.368852459016393,33.633633633633636,0.0235655737704918,1.5710382513661203,39.25,1.462773224043716,5.87517146776406,295.0,0.8755555555555555,9.0,38.27450980392157,31.0,46,394.0,-729,100.0,16.44915715062534,6.132075471698117,20.430107526881724,,,,
PIDILITIND,2015.0,10.611065235342693,15.91659785301404,22.643171806167402,15.5052790346908,33.10433662516101,0.02555066079295154,1.7496229260935143,43.375,1.461236802413273,4.952965235173824,116.0,1.0739299610894941,10.0,44.509803921568626,29.0,58,552.0,-978,100.0,13.098295587205232,14.222222222222225,14.732142857142861,,,,
PIDILITIND,2016.0,15.05316172355904,21.88024622271964,30.591357088703564,21.72859450726979,43.15673289183223,0.030326004548900682,2.1540118470651586,88.76923076923077,1.4434571890145396,4.715039577836412,416.0,1.123915737298637,16.0,51.72549019607843,26.0,80,907.0,-1137,100.0,10.672997522708517,57.003891050583654,52.140077821011666,13.38215159257896,23.92793868003096,,
PIDILITIND,2017.0,15.364073348762686,22.467509346626315,24.863151829443964,18.09224318658281,35.369955156950674,0.028233938346297897,2.0545073375262053,90.14285714285714,1.1775681341719078,4.405490196078431,-85.0,0.9200463499420626,17.0,68.05882352941177,28.0,98,794.0,-1275,100.0,4.775228502145112,6.9392812887236754,7.587382779198637,9.459161383961101,24.241330607670687,,
PIDILITIND,2018.0,15.893385982230997,22.063178677196447,27.028539451594852,18.580496249278706,36.25304136253041,0.03497481813094572,2.404308520869398,85.9375,1.169070975187536,4.529061102831594,835.0,0.8240165631469979,19.0,70.07843137254902,32.0,125,796.0,-1342,100.0,8.207228057682038,11.935110081112388,6.259904912836767,7.857956325501236,23.406490694288152,10.56808661335069,17.902293677310332
PIDILITIND,2019.0,13.111048318734106,19.369878496750495,22.372227579556416,15.718157181571815,32.17554564656184,0.027242044358727097,1.9139566395663956,52.61538461538461,1.1988482384823849,4.888121546961326,332.0,0.9105603448275862,18.0,81.33333333333333,36.0,113,845.0,-1448,100.0,16.45278051990786,-3.9337474120082816,2.237136465324374,9.703777884345666,4.7670737583963785,10.568774680198501,15.575849030725951
PIDILITIND,2020.0,15.382506169454347,21.606800109679188,25.179533213644522,17.200674536256326,33.22091062394604,0.06463195691202872,4.415146405028361,44.23529411764706,1.11819714855128,4.036524626452684,1383.0,1.1408199643493762,22.0,87.37254901960785,32.0,288,1280.0,-1807,100.0,3.0517095224639634,20.905172413793103,14.952589350838807,9.098918398267465,9.14253090187891,8.53063022135454,16.897694945923437
PIDILITIND,2021.0,15.439462498286026,23.118058412176058,20.132308242445916,12.775130474245518,28.460499662390276,0.059181119256213124,3.7553891536192423,42.13513513513514,0.827433628318584,1.6507469443186962,-296.0,1.236234458259325,22.0,109.66666666666667,38.0,331,1392.0,-4418,100.0,-0.013709898546754307,0.35650623885918886,6.979695431472077,6.262942890318812,5.2415142017369964,6.348674480278693,6.888989444074967
PIDILITIND,2022.0,12.166112287067836,18.707791553270837,18.847595252966894,12.71329260585633,27.218067165273503,0.06495940037476577,4.3817147672214025,39.42857142857143,1.044975774173162,2.109504571550074,397.0,0.7912178956089478,24.0,125.56862745098039,42.0,416,955.0,-4703,100.0,36.0345536816125,7.193605683836579,10.083036773428233,11.913281555906497,9.15737869071278,12.049572817433262,6.939782106798709
PIDILITIND,2023.0,10.924654631748453,16.831934909738113,17.872989462007766,12.270347453593528,26.121267920557674,0.05421519689406545,3.7220371251784865,36.895833333333336,1.1231794383626845,2.401098901098901,659.0,1.208688906128782,25.0,141.41176470588235,44.0,391,1558.0,-4914,100.0,18.92954339280315,6.793703396851702,7.00431034482758,17.388750704087606,4.733757970627095,14.187062591288724,5.938826574488365
PIDILITIND,2024.0,14.108051360736493,21.868690947266415,20.780302129178065,14.466710831401125,30.807736063708763,0.045438325205186154,3.1632991056641275,47.64705882352941,1.0254223252732693,2.2716932672904053,955.0,1.559244419004007,34.0,164.84313725490196,47.0,382,2724.0,-5451,100.0,4.9495719976269115,35.53141970519782,36.3544813695871,19.2998469335665,15.76701574818362,11.836370175898114,13.48774998597666
PIDILITIND,2024.0,14.108051360736493,21.868690947266415,20.04589787722318,13.696589572716581,29.78115033542285,0.04348823866896156,2.9713837710701685,47.64705882352941,0.9708349666797335,2.251863975268231,955.0,1.559244419004007,34.0,170.88235294117646,47.0,379,2724.0,-5499,100.0,0.0,0.0,0.0,7.668866529658458,13.117173564543494,11.166011193227131,9.259701483601312
PNB,2013.0,11.655174014998492,,812.2977346278317,65.57805355976485,,10.833333333333334,87.45917700849118,1.244083159484929,5.626518615284128,3076.5,-1292.0,-0.13784860557768924,28.0,12.36,19.0,6695,-692.0,-14,100.0,,,,,,,
PNB,2013.0,11.655174014998492,,812.2977346278317,65.57805355976485,,10.833333333333334,87.45917700849118,1.244083159484929,5.626518615284128,3076.5,-1292.0,-0.13784860557768924,28.0,12.36,19.0,6695,-692.0,-14,100.0,0.0,0.0,,,,,
PNB,2013.0,11.655174014998492,,812.2977346278317,65.57805355976485,,10.833333333333334,87.45917700849118,1.244083159484929,5.626518615284128,3076.5,-1292.0,-0.13784860557768924,28.0,12.36,19.0,6695,-692.0,-14,100.0,0.0,0.0,,,,,
PNB,2013.0,11.655174014998492,,812.2977346278317,65.57805355976485,,10.833333333333334,87.45917700849118,1.244083159484929,5.626518615284128,3076.5,-1292.0,-0.13784860557768924,28.0,12.36,19.0,6695,-692.0,-14,100.0,0.0,0.0,,0.0,0.0,,
PNB,2013.0,11.655174014998492,,812.2977346278317,65.57805355976485,,10.833333333333334,87.45917700849118,1.244083159484929,5.626518615284128,3076.5,-1292.0,-0.13784860557768924,28.0,12.36,19.0,6695,-692.0,-14,100.0,0.0,0.0,,0.0,0.0,,
PNB,2014.0,8.172071711375061,,393.3618843683083,31.83708838821491,,10.822269807280515,87.59098786828423,1.1760807937632884,3.895840554592721,1729.1538461538462,16604.0,4.601524224278715,20.0,14.151515151515152,10.0,10108,16906.0,-26,100.0,4.381138120777317,-26.81274900398406,,1.439556697824762,-9.88194463760107,0.861263793685163,-6.052097809947199
PNB,2014.0,8.172071711375061,,393.3618843683083,31.83708838821491,,10.822269807280515,87.59098786828423,1.1760807937632884,3.895840554592721,1729.1538461538462,16604.0,4.601524224278715,20.0,14.151515151515152,10.0,10108,16906.0,-26,100.0,0.0,0.0,,1.439556697824762,-9.88194463760107,0.861263793685163,-6.052097809947199
PNB,2014.0,8.172071711375061,,393.3618843683083,31.83708838821491,,10.822269807280515,87.59098786828423,1.1760807937632884,3.895840554592721,1729.1538461538462,16604.0,4.601524224278715,20.0,14.151515151515152,10.0,10108,16906.0,-26,100.0,0.0,0.0,,1.439556697824762,-9.88194463760107,0.861263793685163,-6.052097809947199
PNB,2014.0,8.172071711375061,,393.3618843683083,31.83708838821491,,10.822269807280515,87.59098786828423,1.1760807937632884,3.895840554592721,1729.1538461538462,16604.0,4.601524224278715,20.0,14.151515151515152,10.0,10108,16906.0,-26,100.0,0.0,0.0,,0.0,0.0,0.861263793685163,-6.052097809947199
PNB,2014.0,8.172071711375061,,393.3618843683083,31.83708838821491,,10.822269807280515,87.59098786828423,1.1760807937632884,3.895840554592721,1729.1538461538462,16604.0,4.601524224278715,20.0,14.151515151515152,10.0,10108,16906.0,-26,100.0,0.0,0.0,,0.0,0.0,0.861263793685163,-6.052097809947199
PNB,2015.0,7.236707041675221,,223.2425585813806,18.51851851851852,,10.437618746041798,86.5826109797741,1.1402865073541142,2.5589703178355663,1217.75,3942.0,1.3656737588652483,18.0,15.182692307692308,18.0,16481,4814.0,-40,100.0,8.345566973619833,-4.055525313010344,,2.70786829796108,-1.3705397499532146,1.6160313352410194,-0.8245924412894734
PNB,2015.0,7.236707041675221,,223.2425585813806,18.51851851851852,,10.437618746041798,86.5826109797741,1.1402865073541142,2.5589703178355663,1217.75,3942.0,1.3656737588652483,18.0,15.182692307692308,18.0,16481,4814.0,-40,100.0,0.0,0.0,,2.70786829796108,-1.3705397499532146,1.6160313352410194,-0.8245924412894734
PNB,2015.0,7.236707041675221,,223.2425585813806,18.51851851851852,,10.437618746041798,86.5826109797741,1.1402865073541142,2.5589703178355663,1217.75,3942.0,1.3656737588652483,18.0,15.182692307692308,18.0,16481,4814.0,-40,100.0,0.0,0.0,,2.70786829796108,-1.3705397499532146,1.6160313352410194,-0.8245924412894734
PNB,2015.0,7.236707041675221,,223.2425585813806,18.51851851851852,,10.437618746041798,86.5826109797741,1.1402865073541142,2.5589703178355663,1217.75,3942.0,1.3656737588652483,18.0,15.182692307692308,18.0,16481,4814.0,-40,100.0,0.0,0.0,,0.0,0.0,1.6160313352410194,-0.8245924412894734
PNB,2015.0,7.236707041675221,,223.2425585813806,18.51851851851852,,10.437618746041798,86.5826109797741,1.1402865073541142,2.5589703178355663,1217.75,3942.0,1.3656737588652483,18.0,15.182692307692308,18.0,16481,4814.0,-40,100.0,0.0,0.0,,0.0,0.0,1.6160313352410194,-0.8245924412894734
PNB,2016.0,-6.908904810644831,,-163.56011183597388,-11.829732735667823,,12.122087604846225,87.67483401300935,0.8458244735079083,1.7122442789255503,875.9310344827586,12815.0,-4.036182336182336,-19.0,16.89763779527559,-2.0,26014,14167.0,-58,100.0,4.298911927735571,-199.57446808510636,,1.4129133792979864,,0.8453681014307435,
PNB,2016.0,-6.908904810644831,,-163.56011183597388,-11.829732735667823,,12.122087604846225,87.67483401300935,0.8458244735079083,1.7122442789255503,875.9310344827586,12815.0,-4.036182336182336,-19.0,16.89763779527559,-2.0,26014,14167.0,-58,100.0,0.0,0.0,,1.4129133792979864,,0.8453681014307435,
PNB,2016.0,-6.908904810644831,,-163.56011183597388,-11.829732735667823,,12.122087604846225,87.67483401300935,0.8458244735079083,1.7122442789255503,875.9310344827586,12815.0,-4.036182336182336,-19.0,16.89763779527559,-2.0,26014,14167.0,-58,100.0,0.0,0.0,,1.4129133792979864,,0.8453681014307435,
PNB,2016.0,-6.908904810644831,,-163.56011183597388,-11.829732735667823,,12.122087604846225,87.67483401300935,0.8458244735079083,1.7122442789255503,875.9310344827586,12815.0,-4.036182336182336,-19.0,16.89763779527559,-2.0,26014,14167.0,-58,100.0,0.0,0.0,,0.0,,0.8453681014307435,
PNB,2016.0,-6.908904810644831,,-163.56011183597388,-11.829732735667823,,12.122087604846225,87.67483401300935,0.8458244735079083,1.7122442789255503,875.9310344827586,12815.0,-4.036182336182336,-19.0,16.89763779527559,-2.0,26014,14167.0,-58,100.0,0.0,0.0,,0.0,,0.8453681014307435,
PNB,2017.0,2.578134753839111,,22.212262459662963,2.884078212290503,,6.3637504481893155,82.62802607076351,1.047063137950003,1.1186685288640597,828.5862068965517,22097.0,17.706214689265536,6.0,33.602409638554214,0.0,35497,21938.0,-58,100.0,-5.405086213683963,-135.2991452991453,,-1.8351677944652423,,-1.105177082700537,
PNB,2017.0,2.578134753839111,,22.212262459662963,2.884078212290503,,6.3637504481893155,82.62802607076351,1.047063137950003,1.1186685288640597,828.5862068965517,22097.0,17.706214689265536,6.0,33.602409638554214,0.0,35497,21938.0,-58,100.0,0.0,0.0,,-1.8351677944652423,,-1.105177082700537,
PNB,2017.0,2.578134753839111,,22.212262459662963,2.884078212290503,,6.3637504481893155,82.62802607076351,1.047063137950003,1.1186685288640597,828.5862068965517,22097.0,17.706214689265536,6.0,33.602409638554214,0.0,35497,21938.0,-58,100.0,0.0,0.0,,-1.8351677944652423,,-1.105177082700537,
PNB,2017.0,2.578134753839111,,22.212262459662963,2.884078212290503,,6.3637504481893155,82.62802607076351,1.047063137950003,1.1186685288640597,828.5862068965517,22097.0,17.706214689265536,6.0,33.602409638554214,0.0,35497,21938.0,-58,100.0,0.0,0.0,,0.0,0.0,-1.105177082700537,
PNB,2017.0,2.578134753839111,,22.212262459662963,2.884078212290503,,6.3637504481893155,82.62802607076351,1.047063137950003,1.1186685288640597,828.5862068965517,22097.0,17.706214689265536,6.0,33.602409638554214,0.0,35497,21938.0,-58,100.0,0.0,0.0,,0.0,0.0,-1.105177082700537,
PNB,2018.0,-24.855823499230375,,-184.36596133353632,-19.218318575645053,,8.186481960724615,85.33593576438477,0.40802266626901285,0.7731917864737059,191.07843137254903,-1350.0,0.14383618198332096,-44.0,39.33532934131737,0.0,53777,-1742.0,-255,100.0,1.3879062799117658,-1077.4818401937046,,0.46051146319201486,,0.27605293834132016,
PNB,2018.0,-24.855823499230375,,-184.36596133353632,-19.218318575645053,,8.186481960724615,85.33593576438477,0.40802266626901285,0.7731917864737059,191.07843137254903,-1350.0,0.14383618198332096,-44.0,39.33532934131737,0.0,53777,-1742.0,-255,100.0,0.0,0.0,,0.46051146319201486,,0.27605293834132016,
PNB,2018.0,-24.855823499230375,,-184.36596133353632,-19.218318575645053,,8.186481960724615,85.33593576438477,0.40802266626901285,0.7731917864737059,191.07843137254903,-1350.0,0.14383618198332096,-44.0,39.33532934131737,0.0,53777,-1742.0,-255,100.0,0.0,0.0,,0.46051146319201486,,0.27605293834132016,
PNB,2018.0,-24.855823499230375,,-184.36596133353632,-19.218318575645053,,8.186481960724615,85.33593576438477,0.40802266626901285,0.7731917864737059,191.07843137254903,-1350.0,0.14383618198332096,-44.0,39.33532934131737,0.0,53777,-1742.0,-255,100.0,0.0,0.0,,0.0,,0.27605293834132016,
PNB,2018.0,-24.855823499230375,,-184.36596133353632,-19.218318575645053,,8.186481960724615,85.33593576438477,0.40802266626901285,0.7731917864737059,191.07843137254903,-1350.0,0.14383618198332096,-44.0,39.33532934131737,0.0,53777,-1742.0,-255,100.0,0.0,0.0,,0.0,,0.27605293834132016,
PNB,2019.0,-18.31361343893225,,-128.4465366509751,-11.402985074626866,,9.664963012777404,85.80179104477612,0.5564981532779316,0.6226507462686567,511.2450980392157,-34161.0,3.5112041884816754,-21.0,44.52095808383233,0.0,71859,-33532.0,-102,100.0,7.023088763468444,-21.146065560234494,,2.288268469643273,,1.3667438654533681,
PNB,2019.0,-18.31361343893225,,-128.4465366509751,-11.402985074626866,,9.664963012777404,85.80179104477612,0.5564981532779316,0.6226507462686567,511.2450980392157,-34161.0,3.5112041884816754,-21.0,44.52095808383233,0.0,71859,-33532.0,-102,100.0,0.0,0.0,,2.288268469643273,,1.3667438654533681,
PNB,2019.0,-18.31361343893225,,-128.4465366509751,-11.402985074626866,,9.664963012777404,85.80179104477612,0.5564981532779316,0.6226507462686567,511.2450980392157,-34161.0,3.5112041884816754,-21.0,44.52095808383233,0.0,71859,-33532.0,-102,100.0,0.0,0.0,,2.288268469643273,,1.3667438654533681,
PNB,2019.0,-18.31361343893225,,-128.4465366509751,-11.402985074626866,,9.664963012777404,85.80179104477612,0.5564981532779316,0.6226507462686567,511.2450980392157,-34161.0,3.5112041884816754,-21.0,44.52095808383233,0.0,71859,-33532.0,-102,100.0,0.0,0.0,,0.0,,1.3667438654533681,
PNB,2019.0,-18.31361343893225,,-128.4465366509751,-11.402985074626866,,9.664963012777404,85.80179104477612,0.5564981532779316,0.6226507462686567,511.2450980392157,-34161.0,3.5112041884816754,-21.0,44.52095808383233,0.0,71859,-33532.0,-102,100.0,0.0,0.0,,0.0,,1.3667438654533681,
PNB,2020.0,0.883134855602899,,6.1029319239964765,0.6149047848467175,,8.523467975336604,85.87874331211806,1.0223531637700354,0.6962750716332379,219.672,-13131.0,-26.377319587628865,1.0,47.30357142857143,0.0,67736,-12793.0,-250,100.0,5.313824381076571,-105.07853403141361,,1.7407952702759522,,1.040869956814472,
PNB,2020.0,0.883134855602899,,6.1029319239964765,0.6149047848467175,,8.523467975336604,85.87874331211806,1.0223531637700354,0.6962750716332379,219.672,-13131.0,-26.377319587628865,1.0,47.30357142857143,0.0,67736,-12793.0,-250,100.0,0.0,0.0,,1.7407952702759522,,1.040869956814472,
PNB,2020.0,0.883134855602899,,6.1029319239964765,0.6149047848467175,,8.523467975336604,85.87874331211806,1.0223531637700354,0.6962750716332379,219.672,-13131.0,-26.377319587628865,1.0,47.30357142857143,0.0,67736,-12793.0,-250,100.0,0.0,0.0,,1.7407952702759522,,1.040869956814472,
PNB,2020.0,0.883134855602899,,6.1029319239964765,0.6149047848467175,,8.523467975336604,85.87874331211806,1.0223531637700354,0.6962750716332379,219.672,-13131.0,-26.377319587628865,1.0,47.30357142857143,0.0,67736,-12793.0,-250,100.0,0.0,0.0,,0.0,0.0,1.040869956814472,
PNB,2020.0,0.883134855602899,,6.1029319239964765,0.6149047848467175,,8.523467975336604,85.87874331211806,1.0223531637700354,0.6962750716332379,219.672,-13131.0,-26.377319587628865,1.0,47.30357142857143,0.0,67736,-12793.0,-250,100.0,0.0,0.0,,0.0,0.0,1.040869956814472,
PNB,2021.0,3.289192652712516,,30.393594225780983,3.7780550376403625,,6.69831961204466,83.26300590189673,1.0851294163960241,1.1486268627423493,452.6795580110497,30163.0,11.484230055658626,2.0,52.779761904761905,0.0,59394,30950.0,-181,100.0,49.19516369860519,455.6701030927835,,14.266321969035145,77.12193318613498,8.330550242412027,40.917005622195205
PNB,2021.0,3.289192652712516,,30.393594225780983,3.7780550376403625,,6.69831961204466,83.26300590189673,1.0851294163960241,1.1486268627423493,452.6795580110497,30163.0,11.484230055658626,2.0,52.779761904761905,0.0,59394,30950.0,-181,100.0,0.0,0.0,,14.266321969035145,77.12193318613498,8.330550242412027,40.917005622195205
PNB,2021.0,3.289192652712516,,30.393594225780983,3.7780550376403625,,6.69831961204466,83.26300590189673,1.0851294163960241,1.1486268627423493,452.6795580110497,30163.0,11.484230055658626,2.0,52.779761904761905,0.0,59394,30950.0,-181,100.0,0.0,0.0,,14.266321969035145,77.12193318613498,8.330550242412027,40.917005622195205
PNB,2021.0,3.289192652712516,,30.393594225780983,3.7780550376403625,,6.69831961204466,83.26300590189673,1.0851294163960241,1.1486268627423493,452.6795580110497,30163.0,11.484230055658626,2.0,52.779761904761905,0.0,59394,30950.0,-181,100.0,0.0,0.0,,0.0,0.0,8.330550242412027,40.917005622195205
PNB,2021.0,3.289192652712516,,30.393594225780983,3.7780550376403625,,6.69831961204466,83.26300590189673,1.0851294163960241,1.1486268627423493,452.6795580110497,30163.0,11.484230055658626,2.0,52.779761904761905,0.0,59394,30950.0,-181,100.0,0.0,0.0,,0.0,0.0,8.330550242412027,40.917005622195205
PNB,2022.0,5.125783688780462,,39.87348229772472,5.95287056923944,,5.403632282420161,80.67297293180398,1.1030690045490463,1.161358131883197,508.28,18828.0,5.12589559877175,4.0,57.994082840236686,18.0,52961,20032.0,-150,100.0,-6.948190638921092,45.009276437847866,,-2.371876749362356,13.187533233852777,-1.429952814411739,7.715736958564889
PNB,2022.0,5.125783688780462,,39.87348229772472,5.95287056923944,,5.403632282420161,80.67297293180398,1.1030690045490463,1.161358131883197,508.28,18828.0,5.12589559877175,4.0,57.994082840236686,18.0,52961,20032.0,-150,100.0,0.0,0.0,,-2.371876749362356,13.187533233852777,-1.429952814411739,7.715736958564889
PNB,2022.0,5.125783688780462,,39.87348229772472,5.95287056923944,,5.403632282420161,80.67297293180398,1.1030690045490463,1.161358131883197,508.28,18828.0,5.12589559877175,4.0,57.994082840236686,18.0,52961,20032.0,-150,100.0,0.0,0.0,,-2.371876749362356,13.187533233852777,-1.429952814411739,7.715736958564889
PNB,2022.0,5.125783688780462,,39.87348229772472,5.95287056923944,,5.403632282420161,80.67297293180398,1.1030690045490463,1.161358131883197,508.28,18828.0,5.12589559877175,4.0,57.994082840236686,18.0,52961,20032.0,-150,100.0,0.0,0.0,,0.0,0.0,-1.429952814411739,7.715736958564889
PNB,2022.0,5.125783688780462,,39.87348229772472,5.95287056923944,,5.403632282420161,80.67297293180398,1.1030690045490463,1.161358131883197,508.28,18828.0,5.12589559877175,4.0,57.994082840236686,18.0,52961,20032.0,-150,100.0,0.0,0.0,,0.0,0.0,-1.429952814411739,7.715736958564889
PNB,2023.0,3.8678104669238302,,30.667397060166163,5.02806676146995,,4.895553729571807,80.26495022827632,1.0994075303471833,1.299977546590824,594.8287671232877,21860.0,6.725811253349211,3.0,64.81065088757397,21.0,53621,22592.0,-146,100.0,13.907032869022329,-14.04810644831116,,4.435988015401104,-4.920880850700781,2.6384554224778034,-2.982274271462826
PNB,2023.0,3.8678104669238302,,30.667397060166163,5.02806676146995,,4.895553729571807,80.26495022827632,1.0994075303471833,1.299977546590824,594.8287671232877,21860.0,6.725811253349211,3.0,64.81065088757397,21.0,53621,22592.0,-146,100.0,0.0,0.0,,4.435988015401104,-4.920880850700781,2.6384554224778034,-2.982274271462826
PNB,2023.0,3.8678104669238302,,30.667397060166163,5.02806676146995,,4.895553729571807,80.26495022827632,1.0994075303471833,1.299977546590824,594.8287671232877,21860.0,6.725811253349211,3.0,64.81065088757397,21.0,53621,22592.0,-146,100.0,0.0,0.0,,4.435988015401104,-4.920880850700781,2.6384554224778034,-2.982274271462826
PNB,2023.0,3.8678104669238302,,30.667397060166163,5.02806676146995,,4.895553729571807,80.26495022827632,1.0994075303471833,1.299977546590824,594.8287671232877,21860.0,6.725811253349211,3.0,64.81065088757397,21.0,53621,22592.0,-146,100.0,0.0,0.0,,0.0,0.0,2.6384554224778034,-2.982274271462826
PNB,2023.0,3.8678104669238302,,30.667397060166163,5.02806676146995,,4.895553729571807,80.26495022827632,1.0994075303471833,1.299977546590824,594.8287671232877,21860.0,6.725811253349211,3.0,64.81065088757397,21.0,53621,22592.0,-146,100.0,0.0,0.0,,0.0,0.0,2.6384554224778034,-2.982274271462826
PNB,2024.0,8.395910695456838,,61.320565191187306,12.652858189053626,,3.684256345007701,76.02078180486659,1.2066127761403098,1.5070262950629396,529.4417475728155,-29445.0,-3.0511084416293546,8.0,57.434615384615384,18.0,55017,-27939.0,-206,100.0,25.58581380620646,172.61089610002975,,7.8897519805478655,39.695066938810996,4.661780061622922,22.21053408786382
PNB,2024.0,8.395910695456838,,61.320565191187306,12.652858189053626,,3.684256345007701,76.02078180486659,1.2066127761403098,1.5070262950629396,529.4417475728155,-29445.0,-3.0511084416293546,8.0,57.434615384615384,18.0,55017,-27939.0,-206,100.0,0.0,0.0,,7.8897519805478655,39.695066938810996,4.661780061622922,22.21053408786382
PNB,2024.0,8.395910695456838,,61.320565191187306,12.652858189053626,,3.684256345007701,76.02078180486659,1.2066127761403098,1.5070262950629396,529.4417475728155,-29445.0,-3.0511084416293546,8.0,57.434615384615384,18.0,55017,-27939.0,-206,100.0,0.0,0.0,,7.8897519805478655,39.695066938810996,4.661780061622922,22.21053408786382
PNB,2024.0,8.395910695456838,,61.320565191187306,12.652858189053626,,3.684256345007701,76.02078180486659,1.2066127761403098,1.5070262950629396,529.4417475728155,-29445.0,-3.0511084416293546,8.0,57.434615384615384,18.0,55017,-27939.0,-206,100.0,0.0,0.0,,0.0,0.0,4.661780061622922,22.21053408786382
PNB,2024.0,8.395910695456838,,61.320565191187306,12.652858189053626,,3.684256345007701,76.02078180486659,1.2066127761403098,1.5070262950629396,529.4417475728155,-29445.0,-3.0511084416293546,8.0,57.434615384615384,18.0,55017,-27939.0,-206,100.0,0.0,0.0,,0.0,0.0,4.661780061622922,22.21053408786382
POWERGRID,2013.0,32.97148536044645,82.84534821496827,16.3352649320153,3.8038876737458547,11.331506963904806,2.6221641480134834,61.06064347703379,3.2223932281646785,0.11536901150074085,0.20906853343562204,-10394.0,2.7104103872014838,5.0,5.702591792656587,31.0,69233,11690.0,-62568,100.0,,,,,,,
POWERGRID,2013.0,32.97148536044645,82.84534821496827,16.3352649320153,3.8038876737458547,11.331506963904806,2.6221641480134834,61.06064347703379,3.2223932281646785,0.11536901150074085,0.20906853343562204,-10394.0,2.7104103872014838,5.0,5.702591792656587,31.0,69233,11690.0,-62568,100.0,0.0,0.0,0.0,,,,
POWERGRID,2014.0,29.238187078109934,83.36226293796207,13.107383710876707,3.214588634435963,10.904152441177954,2.427229235114416,59.52784845914617,2.9542102028272894,0.1099448685326548,0.2094893066853418,-11416.0,3.3471855760773965,5.0,6.631880733944954,30.0,84220,15223.0,-74252,100.0,18.91292714624264,5.4486436355205115,19.65488603857155,,,,
POWERGRID,2014.0,29.238187078109934,83.36226293796207,13.107383710876707,3.214588634435963,10.904152441177954,2.427229235114416,59.52784845914617,2.9542102028272894,0.1099448685326548,0.2094893066853418,-11416.0,3.3471855760773965,5.0,6.631880733944954,30.0,84220,15223.0,-74252,100.0,0.0,0.0,0.0,5.943997695145753,1.7841918177492477,,
POWERGRID,2015.0,28.76852907639681,85.10262257696694,13.127292593459766,3.1383719773111753,11.083143998455622,2.503785218137829,59.85856801671808,2.569223229600588,0.10909045676186685,0.1923435426741674,-8385.0,3.1311930241775663,5.0,7.346903669724771,21.0,96243,15800.0,-91191,100.0,12.761170041787206,10.949868073878633,15.115292665998314,10.271398154924128,5.371362572273486,,
POWERGRID,2015.0,28.76852907639681,85.10262257696694,13.127292593459766,3.1383719773111753,11.083143998455622,2.503785218137829,59.85856801671808,2.569223229600588,0.10909045676186685,0.1923435426741674,-8385.0,3.1311930241775663,5.0,7.346903669724771,21.0,96243,15800.0,-91191,100.0,0.0,0.0,0.0,4.084611260593074,3.5242906491287807,6.041955694121515,3.1890365577615043
POWERGRID,2016.0,28.854348247143136,88.04958357544064,13.552422105981352,3.323257785312751,11.922761695570927,2.468614964748692,60.53415276166682,2.488792764451435,0.11517355224413313,0.1794359393191652,-6568.0,2.518543379761705,6.0,8.404051987767584,20.0,108545,15008.0,-115094,100.0,17.74230330672748,18.093539437177952,21.819521672137743,9.908353098537571,9.425274095741187,9.56308041643008,6.678963021471107
POWERGRID,2016.0,28.854348247143136,88.04958357544064,13.552422105981352,3.323257785312751,11.922761695570927,2.468614964748692,60.53415276166682,2.488792764451435,0.11517355224413313,0.1794359393191652,-6568.0,2.518543379761705,6.0,8.404051987767584,20.0,108545,15008.0,-115094,100.0,0.0,0.0,0.0,5.595199681693397,5.700095513440795,5.832345241646686,5.553001131995772
POWERGRID,2017.0,28.995602599525238,87.36428376853328,14.94204467974171,3.808097637763081,13.295588470444706,2.386154895118919,60.81303472314502,2.524339136041264,0.13133362635565413,0.18664565144758058,-2261.0,2.895584485303986,8.0,9.530963302752294,31.0,118988,21575.0,-137678,100.0,24.42862676738331,25.03775801308945,23.460184777826655,13.575400907352787,13.8734396414117,10.561133313561255,10.377059859614945
POWERGRID,2017.0,28.995602599525238,87.36428376853328,14.94204467974171,3.808097637763081,13.295588470444706,2.386154895118919,60.81303472314502,2.524339136041264,0.13133362635565413,0.18664565144758058,-2261.0,2.895584485303986,8.0,9.530963302752294,31.0,118988,21575.0,-137678,100.0,0.0,0.0,0.0,7.557352275212281,7.73257969944936,7.937055666091664,8.106912309406255
POWERGRID,2018.0,27.388662616011217,86.66955999198771,15.073678021533826,3.640494510858472,13.962856789419616,2.416179767023114,58.35396753552189,2.8392954669579464,0.13291976179699494,0.1917694208632633,-2991.0,2.7681618722574353,9.0,10.402522935779816,33.0,131503,22710.0,-156198,100.0,16.56613612483948,10.106026036773596,15.639198218262806,13.195953746234457,11.245919175295715,11.297407255721769,10.208649636320622
POWERGRID,2018.0,27.388662616011217,86.66955999198771,15.073678021533826,3.640494510858472,13.962856789419616,2.416179767023114,58.35396753552189,2.8392954669579464,0.13291976179699494,0.1917694208632633,-2991.0,2.7681618722574353,9.0,10.402522935779816,33.0,131503,22710.0,-156198,100.0,0.0,0.0,0.0,5.242413792963618,3.261167128502662,7.720544952038333,6.603251983382408
POWERGRID,2019.0,28.62032573661542,76.78484839841411,16.981164006837144,4.056108011965398,13.102051940972629,2.477212340706392,59.1705069124424,2.0469268627675405,0.14172123858032176,0.20295820307977308,4544.0,2.3192146701215868,11.0,11.293769113149848,43.0,146376,23271.0,-172740,100.0,17.042798958402884,22.306192101413934,3.6940025422749434,10.9104242721481,10.429857334751592,11.164848796124605,10.983940964197902
POWERGRID,2019.0,28.62032573661542,76.78484839841411,16.981164006837144,4.056108011965398,13.102051940972629,2.477212340706392,59.1705069124424,2.0469268627675405,0.14172123858032176,0.20295820307977308,4544.0,2.3192146701215868,11.0,11.293769113149848,43.0,146376,23271.0,-172740,100.0,0.0,0.0,0.0,5.385671303904904,6.942290510166238,6.410239330314971,6.133358336658623
POWERGRID,2020.0,29.300021195421788,87.12908011869436,17.0937925064919,4.308628555621788,15.441974033291855,2.2917954742178805,57.766557187995524,2.534335892312546,0.14705206275738203,0.2084014311586201,20006.0,2.7795460710733337,12.0,12.365443425076453,47.0,148270,30739.0,-181112,100.0,7.658518497390121,10.215268088499109,22.161961367013383,8.010099468911713,10.466366377224201,7.992376838809223,8.218188269280047
POWERGRID,2020.0,29.300021195421788,87.12908011869436,17.0937925064919,4.308628555621788,15.441974033291855,2.2917954742178805,57.766557187995524,2.534335892312546,0.14705206275738203,0.2084014311586201,20006.0,2.7795460710733337,12.0,12.365443425076453,47.0,148270,30739.0,-181112,100.0,0.0,0.0,0.0,2.4903083431889295,3.2953061415146756,4.731812517266398,6.154410094997487
POWERGRID,2021.0,30.363269424823407,88.05751765893038,17.210020590253947,4.706931343563752,16.374801214060206,2.0480439258750858,56.013890844244216,2.9054701905347264,0.15502057033804184,0.21575607154131696,20159.0,2.442921236291127,13.0,13.36697247706422,52.0,143232,29403.0,-183726,100.0,5.023314963967773,8.83443349308255,6.1424314297877425,4.1784857172495915,6.251734271152376,5.763487753998575,7.967067460239541
POWERGRID,2021.0,30.363269424823407,88.05751765893038,17.210020590253947,4.706931343563752,16.374801214060206,2.0480439258750858,56.013890844244216,2.9054701905347264,0.15502057033804184,0.21575607154131696,20159.0,2.442921236291127,13.0,13.36697247706422,52.0,143232,29403.0,-183726,100.0,0.0,0.0,0.0,1.647158059479925,2.8621127523330125,2.486538328167409,3.705458631025138
POWERGRID,2022.0,40.420931238287444,86.07467204843591,22.065130431361236,6.70412432755529,16.983815456381375,1.7665744226002336,53.674437138872285,3.4402687904430063,0.16585774058577407,0.21703785204382264,26877.0,1.5527817403708988,18.0,10.93146953405018,61.0,134696,26124.0,-191773,100.0,5.000000000000004,39.780658025922236,2.6356500315132037,3.3138011322389582,15.010581835450832,3.491500587269325,10.889655076152893
POWERGRID,2022.0,40.420931238287444,86.07467204843591,22.065130431361236,6.70412432755529,16.983815456381375,1.7665744226002336,53.674437138872285,3.4402687904430063,0.16585774058577407,0.21703785204382264,26877.0,1.5527817403708988,18.0,10.93146953405018,61.0,134696,26124.0,-191773,100.0,0.0,0.0,0.0,1.6396356814853519,11.810440946676248,1.975302965895831,8.753359174159336
POWERGRID,2023.0,33.81356489704624,86.78376422603776,18.57249536289837,6.113589057389236,18.702329757572894,1.5487196781731023,50.97987907622162,2.837450695453602,0.1808028545941124,0.2459217955424214,33065.0,2.6071984435797666,17.0,11.90336917562724,67.0,128584,40203.0,-185437,100.0,9.56465330834655,-8.345221112696144,10.467258415675772,4.781977230955503,8.60939592936225,3.8554036532811864,6.874403333455947
POWERGRID,2023.0,33.81356489704624,86.78376422603776,18.57249536289837,6.113589057389236,18.702329757572894,1.5487196781731023,50.97987907622162,2.837450695453602,0.1808028545941124,0.2459217955424214,33065.0,2.6071984435797666,17.0,11.90336917562724,67.0,128584,40203.0,-185437,100.0,0.0,0.0,0.0,3.0916497569093204,-2.862921378550509,2.8423409184446857,5.080090688726746
POWERGRID,2024.0,33.97028990249329,86.87476823070044,17.870011245496066,6.208612241806171,18.905255362881597,1.4173456039290386,49.243109847744876,3.110338538698279,0.18276594811604718,0.2578912134832725,24176.0,2.394528992486997,17.0,9.369530158047521,67.0,123516,37290.0,-177761,100.0,0.526281165712783,0.9922178988326813,0.6316959773600139,3.2721840656727785,-2.5427076340845733,2.9503617340101984,5.28779266761672
POWERGRID,2024.0,33.97028990249329,86.87476823070044,16.915957897481018,6.099954171024336,18.55574037059298,1.331378107993613,48.009964864451995,3.110338538698279,0.17956732746565765,0.2631962704819208,24176.0,2.394528992486997,17.0,9.897967960434363,67.0,122568,37290.0,-174178,100.0,0.0,0.0,0.0,0.17512020536012418,0.32965140501479695,1.950654245796457,-1.5334765055859623
POWERGRID,2024.0,33.97028990249329,86.87476823070044,17.870011245496066,6.208612241806171,18.905255362881597,1.4173456039290386,49.243109847744876,3.110338538698279,0.18276594811604718,0.2578912134832725,24176.0,2.394528992486997,17.0,9.369530158047521,67.0,123516,37290.0,-177761,100.0,0.0,0.0,0.0,0.17512020536012418,0.32965140501479695,1.950654245796457,-1.5334765055859623
POWERGRID,2024.0,33.97028990249329,86.87476823070044,16.915957897481018,6.099954171024336,18.55574037059298,1.331378107993613,48.009964864451995,3.110338538698279,0.17956732746565765,0.2631962704819208,24176.0,2.394528992486997,17.0,9.897967960434363,67.0,122568,37290.0,-174178,100.0,0.0,0.0,0.0,0.0,0.0,0.10503535275530052,0.1976606391644875
RECLTD,2013.0,28.113539680211236,97.33020390200969,21.86537364517969,2.9355901049245614,10.59117428747017,6.147290359383914,82.53197518572414,1.6415934677718669,0.10441908554798192,189.36111111111111,-19907.0,-5.233237672841117,15.0,17.760891590678824,21.0,107762,-20059.0,-72,100.0,,,,,,,
RECLTD,2014.0,27.527143935435173,96.67305347500435,22.789982214103734,3.0998273878020717,11.32838014369693,6.065134836321684,82.49620776231824,1.6593921275535626,0.1126098441259546,235.93150684931507,-17108.0,-3.6372073402235814,18.0,21.077001013171227,20.0,126173,-17244.0,-73,100.0,26.32389614199795,23.68901643621184,25.470987189148463,,,,
RECLTD,2015.0,26.012461059190027,94.4071261682243,21.31461391193363,2.912960055817199,11.016631449798924,6.021817166560306,82.29711756497471,1.6378378378378378,0.1119832548403977,186.76363636363635,-23747.0,-4.4719311377245505,20.0,25.40222897669706,20.0,150979,-23898.0,-110,100.0,19.28235499041979,12.71883568867327,16.486486486486495,,,,
RECLTD,2016.0,23.589637305699483,93.03626943005182,19.69681237670024,2.750006040252241,11.329850331894702,5.856505035821825,81.76665297542826,1.57043831396163,0.11657686825001812,94.98031496062993,-14034.0,-2.3331576172904587,22.0,29.273556231003038,30.0,169212,-13278.0,-254,100.0,17.430880062305288,6.493263473053901,15.72570250064449,20.95245212809047,14.081858803819403,,
RECLTD,2017.0,25.938861040348428,92.2425836141014,18.749071901636423,3.002687340959357,11.140222903702822,4.9850613287398655,79.83638136459844,1.6664685782201754,0.11576018454660039,68.55774647887324,6704.0,1.0779344210359576,24.0,17.04860759493671,30.0,167852,6805.0,-355,100.0,0.8829015544041363,10.929537866807237,0.022276676319887834,12.217010575956122,10.015854931114166,,
RECLTD,2018.0,19.644275752493602,85.08694500838556,13.658401865717442,1.8364484053306929,8.136178329971218,6.271234810359641,84.3202541568676,1.4468611715292883,0.09348516730618475,171.65151515151516,-32464.0,-7.303976634464165,17.0,16.500253164556963,41.0,204367,-32510.0,-132,100.0,-6.902785767113151,-29.49469348962458,-14.124721603563472,3.3186815152052462,-5.912835243148063,10.692872231645211,3.034757907311003
RECLTD,2019.0,22.59524559193955,93.29738664987406,16.618421814392402,1.9235795130907944,8.502663247188796,7.0702541538817805,81.8380721987308,1.517296502333909,0.08513204714964451,153.9878787878788,-35409.0,-6.247343668350462,22.0,17.491645569620253,38.0,244249,-35866.0,-165,100.0,12.136993556359776,28.982251179510232,22.95762228331344,1.742183283115084,0.29200656316961116,8.086719475284987,3.9019069291109876
RECLTD,2020.0,16.605437178545188,86.70429497027587,14.046388111986891,1.432729158862346,8.070317235805213,8.087945306099387,82.49690228510504,1.3701753462166288,0.08628072500936518,180.3734939759036,-32591.0,-6.579243765084473,19.0,17.92253164556962,44.0,286289,-32712.0,-166,100.0,17.84477329974812,-13.394878940951049,9.516979540181403,7.151594915280923,-7.651089345201633,7.824923806375206,-1.4326832563657743
RECLTD,2021.0,23.562167786933657,90.74162612143881,19.143588337446303,2.089969990046574,8.638854899902809,7.534114797550498,82.25246777609532,1.5016520080040952,0.08870024222497735,133.17228464419475,-42651.0,-5.1936022917164,32.0,22.158987341772153,30.0,329723,-43512.0,-267,100.0,18.752922316478514,68.50362027353178,24.28257771272293,16.20759495981052,23.469850013527505,8.066617435404822,8.041437551389885
RECLTD,2022.0,25.55250025460841,87.68204501476728,19.558015356432943,2.4426812052767364,8.959899260323086,6.490295046186226,81.05997176653848,1.5637386059589133,0.09559460643528209,62.54140127388535,-1106.0,-0.08160621761658031,38.0,25.981772151898735,30.0,333043,-819.0,-628,100.0,10.459262592457176,19.78992599665792,6.734852006818537,15.625136079482704,20.464117089444688,10.044533302339254,9.71473858501366
RECLTD,2023.0,28.28090968951021,95.29453477181787,19.213695801789402,2.3989104259263634,8.573036447024569,6.551789401238816,81.80183586357124,1.5855981123330385,0.08482437277525601,61.600624024961,-38303.0,-3.3455717739768964,42.0,22.07368021268515,30.0,380790,-37360.0,-641,100.0,0.5346776657500829,11.269430051813467,9.263023404378878,9.661482237118623,30.958934233994874,11.74917195172258,20.197596741976675
RECLTD,2024.0,29.7682934528695,100.7702506471368,20.39653929343908,2.5803050396668312,9.29915054435852,6.4249170872386445,81.27969995859108,1.5997061573393883,0.08667964267928514,75.18512658227849,-59554.0,-4.0808059384941675,54.0,26.33877706038739,30.0,445568,-57723.0,-632,100.0,20.338854277465423,26.667860660875785,27.253640905708522,10.147497322590194,19.07507541943736,13.338042247865678,19.763114350230794
RECLTD,2024.0,29.7682934528695,100.7702506471368,19.242279961909944,2.3764042961760805,8.594629231755057,6.578928037001768,81.24917048453784,1.5997061573393883,0.07983004803209531,76.39389067524115,-59554.0,-4.0808059384941675,54.0,27.918723889099887,30.0,483617,-57723.0,-622,100.0,0.0,0.0,0.0,6.555021421029261,12.11940035857413,9.676514828396265,23.257787093025996
RELIANCE,2013.0,5.274815194579209,8.373383978563329,11.472357254675785,5.763928943003723,11.461451772368065,0.5889374090247452,29.589327652011686,8.570603522956974,1.0927262340730275,2.966258886633155,9317.0,1.7675955185291583,15.0,62.00783378746594,13.0,107219,36918.0,-133487,100.0,,,,,,,
RELIANCE,2014.0,5.2011321250873666,8.058433155487277,11.348502921680835,5.257868264143288,10.352706194732225,0.698389929889726,32.357063074365215,8.498175182481752,1.0109084210305403,3.065550817794183,-29809.0,1.9186180592513749,16.0,67.58061224489796,12.0,138761,43261.0,-141417,100.0,9.4868887278164,7.95748348175811,5.368722666264514,,,,
RELIANCE,2015.0,6.314574807945039,10.003151945124102,10.81927148408002,4.685957588515835,9.682999353587588,0.7700309841234971,33.350975051834936,10.382991556091676,0.7420860043688031,2.3927955106162675,-30332.0,1.4540609137055838,17.0,74.24362895005096,12.0,168251,34374.0,-156458,100.0,-13.643860389692774,4.843001596593943,7.196221554315163,,,,
RELIANCE,2016.0,10.954828437576811,15.327808410649233,12.895800583876039,4.985166870618717,9.801534238862693,0.8408937794745116,32.50667365612849,11.494987808182065,0.45506571819224473,1.474138770212536,1948.0,1.2770503332105423,22.0,78.54681139755766,10.0,194714,38134.0,-184910,100.0,-27.189266291282465,26.315566835871394,11.56773211567732,-11.702125928871233,12.654797506701133,,
RELIANCE,2017.0,9.81497200234246,15.234871066016566,11.31284863239404,4.2208426122167175,9.623553567865931,0.8246779594173881,30.768871621755455,11.401143154065991,0.43004122795351457,1.5310538669997884,-16651.0,1.6609124124291892,22.0,89.12098681987158,11.0,217475,49550.0,-198526,100.0,11.508788148930794,-0.09376779076387676,10.832675139417436,-11.161904202830897,9.781619696760458,,
RELIANCE,2018.0,9.231800584919515,16.456298631349743,12.292764032081116,4.447331539444798,12.05870827544441,0.8171655775350418,29.56378432414243,7.138350720317933,0.48174042523293636,0.9676591108855244,3267.0,1.980570953436807,27.0,49.56197230665316,10.0,239843,71459.0,-403885,100.0,28.579653500200685,20.939898769818655,38.88828902757682,1.4438176812272552,15.134731424593696,-0.26067659554612765,11.55325602881736
RELIANCE,2019.0,7.00939759332931,14.823951282425742,10.290820227737708,3.9931637982017385,12.125337854369295,0.7948965674016822,30.844501468480303,4.348105486511064,0.569687158565801,1.4266417989125797,-52161.0,1.0629816502246656,29.0,65.32433344583193,10.0,307714,42346.0,-398374,100.0,45.420561225925795,10.412971175166309,30.99587965482391,27.752396121588173,10.08481731323796,5.564807025835683,12.056155908410538
RELIANCE,2020.0,6.683660728800578,14.960472884080051,8.878677370949715,3.429018542323186,11.098608850688613,0.7906497820404929,30.535547692850052,3.4336496118400146,0.5130449736245878,1.1201915675724385,22380.0,2.379062186559679,29.0,70.85754850922858,10.0,355133,94877.0,-532658,100.0,4.986829996991227,0.10793985490875624,5.953709198813062,25.21152260870416,10.158853476505092,9.770964142825743,11.025192664189355
RELIANCE,2021.0,11.524382005845935,17.32549586431257,7.675114114817502,4.0709359008836685,8.251168890059992,0.398419245556806,21.132444235700515,3.617443012884044,0.35324548412388784,0.861524448599374,-115427.0,0.5016468486573996,39.0,108.63801396431342,9.0,278962,26958.0,-541258,100.0,-21.849604226057895,34.75175526579739,-9.495216543812878,6.063008125694136,14.202168526519788,11.335748602866925,12.470091024108365
RELIANCE,2022.0,9.76646566082171,15.630519683361813,8.703823678454365,4.527158950022088,9.883192265367367,0.40944726325715053,21.29676462777138,6.747051563357104,0.4635411731577409,1.1065231173084336,1492.0,1.6309823863217627,45.0,115.22320768662232,9.0,319158,110654.0,-627798,100.0,48.97331586272562,26.24909283760397,34.39905928951603,6.919806216822311,19.420001891985052,17.976229281293964,17.859388570391822
RELIANCE,2023.0,8.45371270521545,16.239006111392566,10.349336194179966,4.613539475503181,12.189602718888326,0.6309284341334763,28.125603251048332,5.826733432118951,0.5457412188442239,1.209147287891226,22031.0,1.5526401036605118,49.0,105.8043156961277,9.0,451664,115032.0,-724805,100.0,26.159502384575184,9.201857174441752,31.070813494073548,13.67192407462241,22.931799941979314,17.5287330506158,15.477206264039168
RELIANCE,2024.0,8.789365557299389,18.07459281612296,9.958650553699458,4.502440958879758,12.974182257168223,0.5784524141094746,26.152618048053387,5.530106410589151,0.5122600635424216,1.1526388327980666,45207.0,2.00946595798532,51.0,117.27475613360922,10.0,458991,158788.0,-779985,100.0,2.58387760783938,6.65694849368319,14.179513483888195,24.46173600944801,13.714491828409226,9.606097094616972,14.680632603495592
RELIANCE,2024.0,8.789365557299389,18.07459281612296,9.64301796442261,4.353423982837526,13.806375310328656,0.4362971396773213,19.69701226859006,5.530106410589151,0.4953058277593309,0.9280451965270602,45207.0,2.00946595798532,51.0,121.11336092225835,10.0,357525,158788.0,-968747,100.0,0.0,0.0,0.0,8.976542806524979,5.2138855783663285,8.544481624044288,14.655891402872268
SBILIFE,2013.0,4.236718224613315,2.8715534633490245,23.026315789473685,1.1728785791413783,15.60672514619883,0.0,0.0,173.5,0.276836578917973,52.54416961130742,903.0,1.7936507936507937,6.0,2.736,8.0,0,1130.0,-283,100.0,,,,,,,
SBILIFE,2014.0,4.218333526480473,2.9609456483949472,21.69249106078665,1.2005277044854883,15.226460071513706,0.0,0.0,164.2,0.2845976253298153,56.76973684210526,-542.0,0.22802197802197802,7.0,3.356,14.0,0,166.0,-304,100.0,16.059179556153325,15.555555555555545,19.672131147540984,,,,
SBILIFE,2015.0,3.4830548314030514,3.3933074062994146,20.09368836291913,1.0995534329002576,19.571111658861227,0.0,0.0,235.75,0.31568651259427155,80.13356164383562,2533.0,3.3263803680981594,8.0,4.056,15.0,0,2711.0,-292,100.0,35.583497508401905,11.950549450549453,55.38160469667319,,,,
SBILIFE,2016.0,4.367625750362244,4.760919064375906,17.832241707162478,1.0116386388426086,19.437988590745828,0.0,0.0,202.4,0.23162209783168922,64.19933554817275,-1426.0,6.845971563981043,8.0,4.733,14.0,0,5778.0,-301,100.0,-17.415274157015258,3.5582822085889587,15.869017632241821,9.12611314269931,10.238670196813192,,
SBILIFE,2017.0,3.1262275762734055,3.496137226659683,17.201008645533143,0.9340766823161188,19.23284710967045,0.0,0.0,231.8,0.2987871674491393,60.252465483234715,-507.0,8.926701570680628,10.0,5.552,16.0,0,8525.0,-507,100.0,58.08321258538604,13.151658767772512,16.086956521739125,20.966218859038644,9.468877314238577,,
SBILIFE,2018.0,3.3756017377010687,3.9098274040154988,17.61642156862745,0.9447913243509694,20.407537919411673,0.0,0.0,238.0,0.2798882681564246,66.6692759295499,1485.0,9.039130434782608,12.0,6.528,17.0,0,10395.0,-511,100.0,11.522849286368997,20.418848167539274,24.7191011235955,13.33997531496387,12.16225803614428,18.034002454357513,12.790223745197359
SBILIFE,2019.0,2.9750695004932295,3.304636355483813,17.51583949313622,0.9043575449452751,19.453609608024284,0.0,0.0,206.25,0.30397862799351205,79.22557726465364,-79.0,10.152976639035419,13.0,7.576,15.0,0,13473.0,-563,100.0,30.926382529059527,15.391304347826097,10.660660660660671,32.157635372902035,16.281196551717002,20.914022283789848,12.75814138877427
SBILIFE,2020.0,3.246723594684689,3.0846157358783506,16.264440123527393,0.8587993719048195,15.452361889511609,0.0,0.0,,0.26451262229737893,77.10915492957747,2313.0,13.571729957805907,14.0,8.743,0.0,0,19299.0,-568,100.0,-1.8070128239619732,7.159005275056529,-8.344640434192673,12.760544874167046,14.191052254509874,13.357796775948216,11.775957166118744
SBILIFE,2021.0,1.7774956356133946,1.0645440894607694,14.000000000000002,0.641890402504078,8.384615384615385,0.0,0.0,,0.36112066305162455,145.23581560283688,4675.0,16.399725274725274,15.0,10.4,17.0,0,23878.0,-564,100.0,87.02452166765606,2.390998593530247,-35.45521835677277,33.96830556888257,8.181876796257548,33.49074616664105,11.522831061243789
SBILIFE,2022.0,1.8148295434004555,0.8796982514490921,12.958182756840475,0.5509682187190171,6.281190844949235,0.0,0.0,,0.3035922688841979,90.29706202393906,241.0,14.50996015936255,15.0,11.622,13.0,0,21852.0,-919,100.0,1.3062639629851214,3.434065934065944,-16.284403669724767,22.990558812047702,4.3080955924506,22.124070110590345,9.537877158191499
SBILIFE,2023.0,2.1342824544868297,0.15129718736048417,13.220156706099248,0.547045604086472,0.937235922255512,0.0,0.0,191.6,0.2563135928594814,93.00576701268743,-1547.0,16.650784427658337,17.0,13.004995004995004,15.0,0,28656.0,-867,100.0,-2.828290131713729,14.276228419654725,-83.28767123287672,22.562675336949468,6.568067729851812,18.80547842049878,8.396836061922741
SBILIFE,2024.0,1.4349789374791648,0.18638058005273206,12.704588140595655,0.4755221579767963,1.6500100610369575,0.0,0.0,231.88888888888889,0.33137919000549837,110.17362270450751,-2099.0,15.375923970432947,19.0,14.893106893106893,14.0,0,29122.0,-1198,100.0,63.68371446996379,10.052295177222547,101.63934426229505,17.235877577119997,9.162347526806492,24.231614182367544,7.374662152227485
SBILIFE,2024.0,1.4349789374791648,0.18638058005273206,11.648932898702258,0.42229936878061614,1.513008180084876,0.0,0.0,231.88888888888889,0.29428959391032716,234.43694493783303,-2099.0,15.375923970432947,19.0,16.226546906187625,14.0,0,29122.0,-563,100.0,0.0,0.0,0.0,16.729808282509005,7.94064302852262,24.685523709887658,5.900028175471617
SHREECEM,2013.0,18.530823181985973,28.811369509043928,26.11862643080125,16.2987012987013,30.416991426344502,0.3350676378772112,20.909090909090907,6.7979274611398965,0.8795454545454545,3.04040404040404,990.0,1.254980079681275,288.0,109.82857142857142,7.0,1288,1260.0,-1782,100.0,,,,,,,
SHREECEM,2014.0,13.770778652668417,24.32195975503062,16.705582678836763,10.738163460226497,23.515479614278465,0.25472298874973465,16.37331150225133,7.317829457364341,0.7797789602947196,2.604831358249772,167.0,1.7801778907242694,226.0,134.6,10.0,1200,1401.0,-2194,100.0,5.481727574750828,-21.613545816733073,-10.954516335682252,,,,
SHREECEM,2015.0,6.806199073334398,21.47307876657613,8.074298711144806,5.326331582895724,21.701921524301632,0.17380591357088704,11.465366341585396,4.31404958677686,0.7825706426606651,2.083555259653795,249.0,2.908450704225352,122.0,150.74285714285713,20.0,917,1239.0,-3004,100.0,9.518810148731415,-45.870393900889454,-3.3093525179856087,,,,
SHREECEM,2016.0,20.729053318824807,25.516866158868336,16.695880806310253,12.078622001479445,18.211234791612736,0.1286882851300029,9.30994399239142,16.473684210526315,0.5826904787065412,1.8078688524590163,301.0,1.3700787401574803,328.0,195.6,7.0,881,1566.0,-3050,100.0,-11.902859881770256,168.3098591549296,4.6875,0.5871694192625121,4.4169105210502435,,
SHREECEM,2017.0,15.580637654177332,29.24133116127531,17.394128345024683,11.99176070213147,27.95017239461684,0.16796570537802027,11.579795808704997,12.868217054263566,0.769657890023285,3.306656406310119,154.0,1.6445108289768484,384.0,219.94285714285715,36.0,1293,2202.0,-2599,100.0,55.85781646717447,17.147856517935267,78.60696517412936,14.567043229101962,19.381018992893416,,
SHREECEM,2018.0,14.075053391640393,25.15000508491813,15.55580532763853,9.140140007924977,20.10569105691057,0.3824884792626728,22.473913617751947,14.533333333333333,0.649385814291375,2.7397603789356366,-1716.0,1.3576589595375723,397.0,254.2,13.0,3403,1879.0,-3589,100.0,14.417035140795909,3.3607169529499714,-1.5917230401910065,16.25019655633777,48.106969950003496,12.65991200677763,6.630261792239867
SHREECEM,2019.0,8.084428514536041,22.277976901632815,10.495295212490953,6.551345769056994,22.422639089305758,0.2898355909419915,18.092041567159363,5.620967741935484,0.810365971729168,2.030896150113232,1360.0,2.0492610837438425,289.0,276.3142857142857,21.0,2803,2080.0,-6182,100.0,27.68229431506153,-26.661849710982654,13.101496158511928,31.557814982381615,-3.8815842675246404,17.04694867780463,5.219991403224067
SHREECEM,2020.0,11.998756605533105,29.305253341622628,11.72450451818665,7.741676694745286,23.113699049954032,0.2388943731490622,15.77416766947453,7.646048109965636,0.6452065784195748,2.087944183027746,-1617.0,2.573186528497409,426.0,365.80555555555554,26.0,3146,3973.0,-6163,100.0,2.49303066507367,52.11822660098522,34.82302466928853,14.403304116144877,4.862990699644598,15.505115875457598,29.374158914062964
SHREECEM,2021.0,17.234513274336283,30.169616519174042,15.17828148340586,10.863198995955933,23.20871390480513,0.14483340910566994,10.365825314925859,12.96812749003984,0.6303165527820388,2.1814671814671813,1603.0,1.8202824133504494,646.0,427.69444444444446,9.0,2230,4254.0,-6216,100.0,5.37768106931924,51.36010362694301,8.48581278175551,11.307531177630858,19.080561577951748,19.717760896069713,15.37786448689804
SHREECEM,2022.0,8.454363757495004,24.716855429713526,7.268041237113403,5.343382879279127,18.938233792751404,0.12193585337915235,8.964587982651901,11.996197718631178,0.6320266116468062,2.0612469101895083,525.0,2.102442868400315,352.0,485.0,14.0,2129,2668.0,-7282,100.0,10.693215339233042,-45.699614890885755,-9.31312637496945,6.134030811830393,7.728809356106958,11.79878108764747,-1.068132079337214
SHREECEM,2023.0,13.270221823885278,16.580775263275825,12.711955355226442,8.99597478544847,13.857029165301249,0.14622236531444516,10.347839295207717,6.684410646387833,0.6779068884332042,2.386311990375618,164.0,1.084423807513719,664.0,517.6666666666666,28.0,2725,2569.0,-7481,100.0,18.93404397068621,86.68242710795901,-20.21563342318059,11.530061577037909,15.3380456562489,12.66789173934042,11.348864890629384
SHREECEM,2024.0,8.445007553238145,22.01647093221578,8.370767521615225,6.205908683974934,20.206628203408023,0.07998840747717723,5.930170098478067,12.468992248062015,0.7348612354521038,2.139610051089563,1929.0,1.93133294864397,480.0,575.0833333333334,16.0,1656,3347.0,-9591,100.0,14.950705803271337,-26.846770789362594,52.63513513513514,14.809971802418321,-9.486515671324725,10.325615915556586,11.2926552609119
SHREECEM,2024.0,8.445007553238145,22.01647093221578,8.300205948560754,6.2206109336300655,20.024820494636998,0.08055941376502707,6.037546214867727,12.468992248062015,0.7366021752395994,2.1252071251035627,1929.0,1.93133294864397,480.0,579.9722222222222,16.0,1682,3347.0,-9656,100.0,0.0,0.0,0.0,10.987126982819294,10.946169769949844,9.78360648622909,2.3364278270602945
SHRIRAMFIN,2013.0,20.873163076045085,31.088600370951635,19.937312619242302,3.0947243728053473,5.350653177487477,4.549741073862088,70.62232939882388,1.6995472186287193,0.1482633159876465,97.34722222222223,-8400.0,-5.713602187286398,12.0,32.32599118942731,11.0,33386,-8359.0,-72,100.0,,,,,,,
SHRIRAMFIN,2014.0,16.021708352996697,23.58423784804153,15.957696827262044,2.5949705724986623,4.240560033941451,4.539365452408931,73.81716731636475,1.4653909756673753,0.16196590995948942,54.68387096774194,-4167.0,-2.9860088365243005,11.0,37.48898678414097,12.0,38630,-4055.0,-155,100.0,20.93023255813953,-7.177033492822971,-8.260670032124828,,,,
SHRIRAMFIN,2015.0,11.201917838073443,18.426501035196686,11.094323332613858,1.6539563020883612,3.0217472882900593,5.039391323116771,75.12790809923737,1.350616234594135,0.14764938700646782,59.59090909090909,-9656.0,-9.349221789883268,8.0,40.819383259911895,22.0,46695,-9611.0,-154,100.0,8.270410571024067,-24.300441826215025,-15.407703851925959,,,,
SHRIRAMFIN,2016.0,11.429674679023073,17.607877208224732,11.635220125786164,1.7408436622410421,3.041774368381556,4.892885220125786,73.20659285724787,1.3516116352201257,0.15230911737461955,68.15131578947368,-5543.0,-4.6511824324324325,9.0,44.82819383259912,19.0,49790,-5507.0,-152,100.0,12.880026152337365,15.175097276264582,7.86516853932584,13.907920735704039,-6.810039978644056,,
SHRIRAMFIN,2017.0,11.611483078051913,18.08676511052004,11.17190257677374,1.7005614808048786,3.0615413277029124,4.684080480056477,71.30000268651104,1.3713355048859934,0.1464551486983854,80.16911764705883,-2679.0,-2.1145339652448656,10.0,49.92070484581498,7.0,53080,-2677.0,-136,100.0,5.251472149821401,6.92567567567568,8.114035087719307,8.755614848577654,-2.3112291423315057,,
SHRIRAMFIN,2018.0,18.878684639312695,28.181010220708043,18.619430241051862,2.6181183237469186,3.9709458260715293,5.999342585829072,84.35805258833197,1.6078951474489,0.1386811832374692,110.67213114754098,-13056.0,-5.155747351902707,20.0,60.308370044052865,10.0,82131,-13142.0,-122,100.0,23.837475924057607,101.34281200631912,92.95131845841784,13.736307343403208,35.35020158792932,14.011434159366654,11.744228615295228
SHRIRAMFIN,2019.0,16.580844490216272,24.465756951596294,16.13731754682704,2.443582276439731,3.6591353235076096,5.507360771784752,83.39483394833948,1.4994711792702273,0.14737381306975023,105.68707482993197,-5611.0,-2.1486801242236027,20.0,70.3215859030837,11.0,87914,-5535.0,-147,100.0,15.064434898533552,1.0592389172224381,-0.1051248357424428,14.465284797216626,29.578033710946094,12.88328854393026,13.660409851906241
SHRIRAMFIN,2020.0,15.168166173540246,21.526477869693856,13.84632344835189,2.1983792204155215,3.1583050577176928,5.221860875316944,82.90742653107661,1.4136894021412245,0.14493375107205994,33.86707566462168,-2519.0,-0.9808917197452229,20.0,79.92070484581498,5.0,94735,-2464.0,-489,100.0,6.597579814624099,-2.4844720496894457,-6.208892396737697,14.951201510418443,25.65949492839823,12.532292167201753,19.56534025314376
SHRIRAMFIN,2021.0,14.343932958328551,19.527034783606933,11.50711424229866,1.9236394426910937,2.652362723466627,4.906110420407975,82.01524132091448,1.360655737704918,0.13410822877376646,39.86727688787185,-4264.0,-1.6962785114045618,18.0,85.83794466403162,18.0,106546,-4239.0,-437,100.0,5.19896141537346,-0.5175159235668803,-4.572230014025247,8.867930802405022,-0.6581736045456754,10.957339615615979,16.113552024963205
SHRIRAMFIN,2022.0,14.131394443001819,19.03921059465074,10.427284920482851,1.9125875108949308,2.601106853980417,4.401073002490898,80.72511035510445,1.3631433541389542,0.13534315517192905,46.06459330143541,-8893.0,-3.2557883131201764,20.0,96.29151291512915,20.0,114846,-8859.0,-418,100.0,10.521180117093332,8.88355342136855,7.760141093474426,7.41578421475495,1.842150434587042,12.046811444085236,16.53569410007547
SHRIRAMFIN,2023.0,19.742883379247015,28.856749311294767,13.835263835263836,2.8588660464541986,4.236092723202465,3.7737175951461666,77.97865823253693,1.6324786324786325,0.14480488951574988,8.210016155088853,-12549.0,-2.9277408637873754,32.0,116.34224598930481,22.0,164202,-17625.0,-3714,100.0,58.358867826538564,121.24219037118706,140.0163666121113,22.564994850987507,33.82141531523914,17.694877574792244,18.753202713907747
SHRIRAMFIN,2024.0,20.333626470264925,28.918874354182698,15.116350338120824,2.9802711607711085,4.304889074344531,3.994034363699512,78.74457235384628,1.6389530408006159,0.14656859980827017,9.78698224852071,-31359.0,-4.203405865657522,39.0,130.1781914893617,23.0,195496,-31101.0,-3718,100.0,19.33621933621934,22.906976744186046,19.59313558358904,27.82625310142639,43.59376752249222,18.556070052776754,23.49387942502037
SHRIRAMFIN,2024.0,20.333626470264925,28.918874354182698,14.122385096961368,2.6896945330022866,4.0440102685502595,3.966636127653077,75.54700876449996,1.6389530408006159,0.13227815200282092,11.31819595645412,-31359.0,-4.203405865657522,39.0,139.3404255319149,23.0,207820,-31101.0,-3215,100.0,0.0,0.0,0.0,23.634085569241158,39.57731140520626,17.050783690024286,24.116830993151094
SIEMENS,2011.0,7.26056043496445,9.795064826432455,22.746331236897273,8.544989171096674,30.678543358658633,0.0,0.0,50.61538461538461,1.1769049025398701,10.226689478186485,267.0,0.0034562211981566822,,56.11764705882353,24.0,0,3.0,-1169,100.0,,,,,,,
SIEMENS,2014.0,5.6471249297621275,1.1144409065368046,13.782857142857145,5.860058309037901,2.7199999999999998,0.0,0.0,28.225806451612904,1.037706511175899,7.874631268436578,738.0,1.0082918739635158,17.0,61.61971830985915,35.0,0,608.0,-1356,100.0,-10.681723128398158,-30.52995391705069,-89.83774551665243,,,,
SIEMENS,2015.0,11.114266780270757,9.448073463978037,22.94313074066836,11.100605143721634,19.405016527318686,0.004885675200312683,0.23638426626323752,57.266666666666666,0.9987708018154312,7.5774748923959825,1220.0,0.4889267461669506,33.0,72.07042253521126,30.0,25,574.0,-1394,100.0,-1.0769807079977545,94.69320066334991,738.655462184874,,,,
SIEMENS,2016.0,26.889360524130296,9.421426594075852,42.83404380420402,24.311696979809778,14.950944501391126,0.003674849331177422,0.20857667278491573,359.0,0.9041381611880527,8.832110839445802,750.0,0.17604667124227866,82.0,95.8169014084507,41.0,25,513.0,-1227,100.0,2.59396004922845,148.21124361158434,2.3046092184368705,-3.2198039267691048,49.734981780159096,,
SIEMENS,2017.0,10.275643922277451,9.543605964753727,14.785435630689205,8.654285279342364,13.732119635890767,0.0,0.0,209.625,0.8422134267011722,8.106227106227106,1894.0,0.503957783641161,32.0,108.30985915492958,22.0,0,573.0,-1365,100.0,2.103903294269638,-60.98146877144819,3.4280117531831467,1.1937835029123933,23.54193070579873,,
SIEMENS,2018.0,7.041813208284486,10.371238765142634,10.85672972647307,6.284877232142858,15.98987829859019,0.0,0.0,176.25,0.8925083705357143,9.265025343953656,-74.0,0.11098779134295228,25.0,116.88732394366197,28.0,0,100.0,-1381,100.0,15.634884771802993,-20.75637642919965,25.662878787878785,6.598477888646781,-8.444262631263689,1.3673614071062712,0.7490623997655987
SIEMENS,2019.0,8.399571996331396,11.38795475389789,12.144988396507902,7.15587967183227,16.465907835119904,0.0,0.0,140.83333333333334,0.8519338455528064,10.733388022969647,138.0,1.1583257506824385,31.0,127.45070422535211,23.0,0,1273.0,-1219,100.0,2.2586948026572795,21.97558268590456,12.283345892991715,6.482233989415653,-27.75029996608148,4.14780560352479,12.755069257055474
SIEMENS,2020.0,7.7317514578725115,10.08445606273879,8.1015592077539,4.848675914249685,10.566793088916983,0.0,0.0,35.53333333333333,0.6271122320302648,8.316053511705686,1591.0,0.9362808842652796,22.0,133.69014084507043,32.0,0,720.0,-1196,100.0,-23.98349128706817,-30.02729754322111,-32.68456375838926,-3.4914748224880943,-12.221405026476695,-1.1965214353366616,-8.113512860093364
SIEMENS,2021.0,8.25125018942264,11.001666919230187,10.52478979414323,6.04496253122398,14.027630180658873,0.0003865854837150865,0.022203719122953096,61.5,0.7326117124618373,4.043504901960785,-967.0,1.3057851239669422,31.0,145.73239436619718,26.0,4,1422.0,-3264,100.0,32.69656143173134,41.61248374512354,44.76570289132602,1.0390555224739861,6.520786136539347,4.020709132474987,-17.868894894686548
SIEMENS,2022.0,9.561283926137069,11.525591770975337,13.290267011197244,7.673181162663484,15.773405698778834,0.015676141257536608,0.9050673827639365,56.361111111111114,0.8025262320354071,5.194077888638558,944.0,0.6338302009073234,43.0,163.5211267605634,23.0,182,978.0,-3107,100.0,22.27610243976359,41.689623507805315,28.099173553719005,7.243190352062467,11.975431464533193,7.839945218238031,6.297020703908007
SIEMENS,2023.0,10.03375268487266,12.718625345197914,14.991976770841292,9.064030305830178,18.752827627808777,0.01337204859784519,0.8084634574517233,115.78260869565217,0.9033539684006283,6.436471362738644,641.0,0.7135575942915392,55.0,184.32394366197184,18.0,175,1400.0,-3038,100.0,21.16743090841493,27.15489306545691,33.70967741935485,25.274415560826657,36.644101013409866,8.852664484885441,16.840886231483097
SIEMENS,2024.0,12.221223021582734,13.956834532374101,17.698769290877124,10.743507648523657,19.85162445638271,0.018167610861496385,1.1028103877623623,61.65,0.8790861298865568,7.146529562982005,1168.0,0.6144223693892568,76.0,216.29577464788733,16.0,279,1670.0,-3112,100.0,13.736319934540253,38.53211009174311,24.809006835544835,18.998700727442852,35.646062247422265,11.193358902067896,19.85339817550189
SUNPHARMA,2013.0,31.165214266463032,42.979067469230074,23.142094729819878,17.024095794277862,31.372549019607842,0.01734489659773182,1.2759483731658243,101.34883720930233,0.5462531285272612,1.9711351159907915,982.0,0.9677140386278467,14.0,144.1346153846154,9.0,260,3357.0,-5647,100.0,,,,,,,
SUNPHARMA,2014.0,24.12313432835821,43.55099502487562,20.939271255060728,13.332187661110156,33.21160959878593,0.13824561403508773,8.8021996906685,105.11363636363636,0.5526722804605603,2.3588088602024353,1783.0,1.0206238721319927,15.0,89.4927536231884,10.0,2561,3959.0,-6817,100.0,44.46141406881681,11.818968002306129,46.38377926421404,,,,
SUNPHARMA,2015.0,19.99123831775701,28.818633177570092,21.358920352601608,11.239045214785625,22.792631518161343,0.35088540447772837,18.46355930464052,12.058721934369602,0.5621985509923445,2.159911685853966,4114.0,1.0255661066471877,22.0,123.85507246376811,14.0,8996,5616.0,-12682,100.0,70.34825870646766,41.170404743490586,12.723118663429966,,,,
SUNPHARMA,2016.0,19.861691297784954,28.693790149892934,17.154291604766094,10.207837194197879,19.705882352941178,0.25761756056150137,15.329797214404273,13.564053537284895,0.5139460200620625,1.7947958669354838,2737.0,1.1816896429833863,19.0,136.85892116182572,5.0,8497,6686.0,-15872,100.0,3.99751752336448,3.323593864134411,3.5469977197871705,36.784696435759166,17.711677206135334,,
SUNPHARMA,2017.0,24.846412059028438,31.99062638545823,21.413755458515286,12.842294786807432,21.738288394912956,0.2683406113537118,16.092969964808905,23.62,0.5168671740731647,1.7865912305516265,2896.0,0.9026255416772878,29.0,152.66666666666666,12.0,9832,7082.0,-17675,100.0,10.850563414891013,38.670908448214924,23.586983117200887,25.22744658989391,26.46669663064487,,
SUNPHARMA,2018.0,9.596436256559326,21.257880629695343,6.634650519392389,3.9535281583899717,11.562865767264215,0.2710497468288354,16.15160893976391,7.716216216216216,0.4119787859464672,1.4050283774465602,803.0,1.536978756884343,9.0,159.64166666666668,23.0,10385,3907.0,-18853,100.0,-16.115650136170757,-67.60132551618659,-44.25856266085923,-1.111162061551163,-22.570931319614473,18.934068669904768,-6.028913273042247
SUNPHARMA,2019.0,11.036950388770386,21.939723388151105,7.747108116593012,4.96671311348506,12.281411293428858,0.25390615566664254,16.278061619445737,7.864864864864865,0.4500077411363988,1.3310436415258506,1886.0,0.6845386533665836,11.0,172.5375,25.0,10514,2196.0,-21837,100.0,9.728566574804631,26.199842643587722,13.248090925235312,0.6729630665407882,-17.23301430719112,12.569268760264052,-3.7273522971935424
SUNPHARMA,2020.0,12.704793227358548,21.264997868323285,9.216834198608197,6.117840279203449,13.033091323093002,0.18369601237158953,12.193154823004956,17.534653465346533,0.48153796521688125,1.4373003020090165,4330.0,1.571188878235858,16.0,188.60416666666666,25.0,8315,6555.0,-22847,100.0,12.977361866097837,30.049875311720697,9.50290105065077,1.3127318460437687,-18.985019465835016,3.6932749659858377,-5.294288306122463
SUNPHARMA,2021.0,6.782494477282226,25.285091647262526,4.889912403417773,3.359853302179764,16.828594703065704,0.08327055936982115,5.721510750939044,20.851063829787233,0.4953713288574724,1.5542151904607246,6577.0,2.715669014084507,12.0,193.59583333333333,62.0,3869,6170.0,-21553,100.0,2.009866617942624,-45.54170661553212,21.294572533295142,8.139520190442262,-3.673837205125996,3.2938423054365673,-16.680035395059534
SUNPHARMA,2022.0,8.767527293423708,26.538003828840484,7.0587990252233865,4.856970878238935,20.806458155855744,0.02686884255691404,1.8487732171520295,36.28346456692913,0.5539727126805778,1.7054489300683875,3429.0,2.6512245500147538,14.0,200.04583333333332,73.0,1290,8985.0,-22665,100.0,15.39196369932534,49.1637323943662,21.10979929161747,9.968860363153143,1.846412653809848,4.126666314649863,-15.455637638926811
SUNPHARMA,2023.0,19.39798569019733,26.546051132479608,15.20314313778016,10.547378332837743,18.527059048043128,0.12297526564871863,8.531569035583308,55.69767441860465,0.5437357518089008,1.8236442966964472,-2261.0,0.5825208504639963,35.0,233.3125,33.0,6886,4959.0,-24065,100.0,13.535468515548189,151.19504278548246,13.569896666016756,10.14964456279115,26.8370437626152,10.62469519395506,27.34485916122502
SUNPHARMA,2024.0,19.815658700538176,26.84289749881436,15.094161810671148,11.2650630655976,19.446975695015013,0.051423814535002436,3.837858114127632,47.588235294117645,0.5684929901064378,2.08939726853647,11372.0,1.2627471383975026,40.0,265.27916666666664,34.0,3274,12135.0,-23211,100.0,10.506767534065542,12.88617408669095,11.742489270386258,13.126755589483485,61.722961970425125,10.78116321985565,24.536829642931245
SUNPHARMA,2024.0,19.815658700538176,26.84289749881436,13.90436229472618,10.906078351264242,18.15949893286091,0.03721334008536497,2.9188796586318033,47.588235294117645,0.5503767760679105,1.7125856345787132,11372.0,1.2627471383975026,40.0,287.9791666666667,34.0,2572,12135.0,-28318,100.0,0.0,0.0,0.0,7.854965429643301,41.54154753032437,8.110440060216305,18.16145159668261
TATACONSUM,2013.0,6.0535981499115765,10.474765338049245,9.251559251559252,5.060268364794178,12.421358283594127,0.28877338877338876,15.79486013190812,8.583333333333334,0.835910848305663,1.65787099684258,197.0,0.3887640449438202,6.0,77.58064516129032,36.0,1389,173.0,-4434,100.0,,,,,,,
TATACONSUM,2014.0,6.590850348927371,9.7182734556733,8.719439220379552,5.145797598627787,10.321163875926434,0.24585399213540776,14.509131268287762,9.126436781609195,0.7807486631016043,1.4935340667824744,421.0,0.8274509803921568,7.0,94.33870967741936,29.0,1438,422.0,-5181,100.0,5.264589851720847,14.606741573033698,-2.3376623376623384,,,,
TATACONSUM,2015.0,3.415488552483423,9.908670086325534,4.96996176952485,2.886445337280609,11.61801378905677,0.24103404332787184,13.998731232818779,7.097560975609756,0.8451046732924509,1.6239333604225925,211.0,1.531135531135531,4.0,88.59677419354838,6.0,1324,418.0,-4922,100.0,3.295425174463684,-46.470588235294116,5.319148936170204,,,,
TATACONSUM,2016.0,-0.5574807895133344,5.514539701672443,-0.5922842964623019,-0.3739262253663466,4.815155900539403,0.21674403713782617,13.683678625568469,2.452991452991453,0.6707427993936331,1.4236379236379237,261.0,-3.135135135135135,0.0,99.15873015873017,-999.0,1354,116.0,-4662,100.0,-16.964844238708864,-113.55311355311355,-53.78787878787878,-3.3485297241104828,,,
TATACONSUM,2017.0,6.710914454277287,11.666666666666666,7.262569832402235,4.763899068160402,11.216676120249575,0.12561851556264964,8.239974871741179,16.3953488372093,0.7098733116951105,1.482615350973103,886.0,1.6285714285714286,6.0,99.44444444444444,38.0,787,741.0,-4573,100.0,2.154587916227202,-1329.7297297297296,116.12021857923497,-4.309904173920942,-3.732341905258707,,
TATACONSUM,2018.0,8.158473954512106,12.311078503301541,7.907836723083488,5.31497944747156,10.359303617730584,0.1518987341772152,10.209349010610842,15.48076923076923,0.6514673549373865,1.4203834931221342,325.0,0.6402877697841727,8.0,111.60317460317461,30.0,1068,356.0,-4798,100.0,0.5162241887905594,22.197802197802208,6.068268015170664,-5.1759102605060665,26.756638900136597,-1.5027994128252953,4.55455456174807
TATACONSUM,2019.0,6.301709873138445,10.83838940981798,6.232951445717403,4.199981619336459,9.276525433730674,0.15561920349154393,10.48616855068468,10.423076923076923,0.6664828600312471,1.476083859149196,263.0,0.45951859956236324,6.0,116.38095238095238,39.0,1141,210.0,-4913,100.0,6.4123257520176,-17.805755395683455,-6.317044100119185,2.9979685855094917,,-1.2889403541939681,-2.1706417085053276
TATACONSUM,2020.0,4.77326968973747,13.406661824219155,3.329714078899747,2.490120716721702,8.389065645087982,0.11480275063336953,8.585503166783955,12.72463768115942,0.5216802901531965,0.8267844886753604,460.0,2.3521739130434782,5.0,150.16304347826087,54.0,1586,1082.0,-11656,100.0,32.88747931605074,0.6564551422319376,64.3765903307888,12.435655206180174,0.36496673863617435,3.8117253809679896,10.998992517000872
TATACONSUM,2021.0,8.015859334597483,13.308050336148941,6.398789046374019,4.599861509545949,9.549727857496288,0.11242603550295859,8.081907211395785,18.958904109589042,0.5738450885349689,0.9649837810862514,1310.0,1.7806451612903227,9.0,157.97826086956522,44.0,1634,1656.0,-12023,100.0,20.39016291376985,102.17391304347827,19.5046439628483,19.404950704602154,18.705102034038458,11.818125796841251,
TATACONSUM,2022.0,8.169014084507042,13.835010060362174,6.703209615638621,4.816132858837485,10.384197172888728,0.09325056135252939,6.699881376037959,17.735632183908045,0.5895610913404508,0.9861893801095325,199.0,1.4935960591133004,10.0,164.58695652173913,60.0,1412,1516.0,-12599,100.0,7.093604550939503,9.139784946236551,11.334196891191706,19.659229119605513,30.471788004139388,12.879048702120599,17.4061722440779
TATACONSUM,2023.0,9.577015163607342,13.465863745193355,8.109602506604412,5.799138915736754,10.382635936451107,0.09829821220126558,7.029259291802125,14.8,0.6055267551181794,1.0545524100994643,627.0,1.106818181818182,12.0,175.0215053763441,65.0,1600,1461.0,-13070,100.0,10.929577464788732,30.04926108374384,7.969749854566599,12.668012266323302,42.103693641575354,15.126573553688294,18.87754506830248
TATACONSUM,2024.0,7.9902669998684726,15.020386689464685,7.566793298872766,4.358119014311847,11.692433705334288,0.21654107242947002,12.471752932314645,20.49425287356322,0.5454284586965099,0.7855150325446844,26.0,1.594238683127572,12.0,169.02105263157895,64.0,3477,1937.0,-19358,100.0,10.324312558949433,-7.954545454545459,23.06034482758621,9.436125385661253,9.319535187362149,15.96086282879563,21.59956338772886
TATACONSUM,2024.0,7.9902669998684726,15.020386689464685,6.350616767719004,3.9231514368743947,10.340924525739123,0.15445327200501777,9.541491766225379,20.49425287356322,0.49099128188569585,0.7003500368459837,26.0,1.594238683127572,12.0,193.25252525252526,64.0,2955,1937.0,-21712,100.0,0.0,0.0,0.0,6.964466543439074,6.17853900144083,9.550565929535292,21.440539874751472
TATAMOTORS,2013.0,5.284094219595007,13.02802540348424,26.505832026994714,5.9264539891879044,26.924129475769814,1.427212583362117,31.911126953008974,4.8334269662921345,1.1215647834610587,3.400940337224384,-806.0,2.2216319165998395,35.0,58.992163009404386,6.0,53716,22163.0,-55512,100.0,,,,,,,
TATAMOTORS,2014.0,6.034342063444342,14.96903373218688,21.416377050179864,6.432384423099815,27.607211317586298,0.9243643680263398,27.763178376200635,4.973257527900611,1.0659628432512613,3.369912580327679,8160.0,2.5730249110320287,48.0,101.8695652173913,5.0,60642,36151.0,-69092,100.0,23.327665750319127,40.83801122694466,41.70190274841437,,,,
TATAMOTORS,2015.0,5.347717539586334,14.910757374819026,25.013330489495573,5.9300929144807535,30.213362284693506,1.3083431090256301,31.01784547963677,5.464719193581567,1.10890167077513,2.9742537777325695,-701.0,2.524763731969019,48.0,87.36335403726709,0.0,73610,35531.0,-88479,100.0,13.024300574658332,0.1637010676156514,12.584282558172898,,,,
TATAMOTORS,2016.0,4.276935021937695,14.061733187814507,14.791265579086026,4.437199829776886,25.88799287987486,0.8785084608369642,26.354185664782054,3.8893434240130906,1.0374718827892273,2.5463108027454493,1206.0,3.2454187360849462,40.0,116.27687776141384,1.0,69360,37900.0,-107232,100.0,3.757044220414274,-17.01840403609749,-2.1509212773006436,13.088031298199422,5.391117653187827,,
TATAMOTORS,2017.0,2.8020749518897414,10.971363735803303,13.015397333884469,2.7723970944309926,21.650593417528867,1.3537942199717543,28.837038667547144,3.197970740915526,0.9894086139848852,2.8109417993829733,-9372.0,3.9961624983459045,26.0,85.51104565537555,0.0,78604,30199.0,-95944,100.0,-1.2279982127553546,-35.28857681109779,-22.935278030993622,5.020583040318338,-18.674944939029537,,
TATAMOTORS,2018.0,3.1181615503344196,10.789915966386554,9.526554051221863,2.778490916648329,17.06159595181664,0.9321163599782034,27.18587251522042,3.382528833831696,0.8910670187535148,2.4012881545785496,-1282.0,2.6242437575624242,31.0,140.5419734904271,0.0,88950,23857.0,-121414,100.0,8.104400188362316,20.299060473732954,6.3165365507452,3.4740877162382278,-13.554646081362032,9.080075940842015,-1.840792487847298
TATAMOTORS,2019.0,-9.513211321529585,8.16856440726242,-47.73093604081158,-9.396047798026189,14.826213977421643,1.7643197793250136,34.731422328207444,-4.44729987845112,0.9876841247877842,2.7144398295485193,-1987.0,-0.6576730260409414,-100.0,88.62886597938144,0.0,106175,18891.0,-111234,100.0,3.5630252100840254,-415.9608403915961,-21.597050034967257,3.4095508396228658,,5.335382093506746,
TATAMOTORS,2020.0,-4.586927543781696,6.889775843841452,-18.984131010320393,-3.740095384144494,9.57437748182215,1.9782812029360008,38.974448667776464,-0.46072069584426345,0.8153813960315949,2.0539230726867914,-6482.0,-2.2240501043841334,-39.0,87.60972222222222,0.0,124788,26633.0,-127107,100.0,-13.535891474408658,-58.310123938170165,-27.071845604930267,-1.0775973772057412,,-0.15942283564516213,
TATAMOTORS,2021.0,-5.362397165675854,12.92539882703817,-24.245660397849658,-3.921597329976286,16.358035637384294,2.5726464785418215,41.61108996691747,-0.2935655180931209,0.7313142254881869,1.8008694523747728,3329.0,-2.1650615901455765,-41.0,72.12402088772846,0.0,142131,29001.0,-138708,100.0,-4.31803208359508,11.858037578288094,79.50186245621838,-5.021880825628477,,-1.7642456393607842,
TATAMOTORS,2022.0,-4.061353042154179,8.877588398801956,-25.378694374004173,-3.4367488094912497,12.941730799434584,3.2864836965059134,44.50512215060429,0.24795962199312716,0.846207845961691,2.0053581073782003,9839.0,-1.262976390485454,-34.0,58.17362924281984,0.0,146449,14283.0,-138855,100.0,11.47300786645049,-15.572974990668165,-23.436677300461483,-2.662864296641687,,0.6414203484642833,
TATAMOTORS,2023.0,0.7775308049611668,9.196252821800924,5.935307356250828,0.8037672481280291,17.73121185944771,2.9591147786946737,40.072727490035085,1.3319315403422982,1.0337432845097019,2.6193746214415508,19971.0,13.155390334572491,7.0,59.16710182767624,32.0,134113,35388.0,-132080,100.0,24.245656374122838,-123.7863648421611,28.705501618122973,9.83995454764286,,3.4818837767886857,-21.61587323833696
TATAMOTORS,2024.0,7.263066074788551,13.595385542828959,37.45613415294755,8.607629877598297,30.98016973582196,1.2631244259167667,29.027308326184436,3.799419186861606,1.1851234435931923,3.6107350455538607,45133.0,2.135221806520577,94.0,110.85900783289817,7.0,107262,67915.0,-121285,100.0,26.580858868042334,1082.4163568773233,87.13226049786272,20.579364569370973,,7.7201595386239275,
TATAMOTORS,2024.0,7.263066074788551,13.595385542828959,31.472759296273573,8.141945855176932,28.67767122165974,1.0542934040489995,27.274379505242464,3.799419186861606,1.1210067169069462,2.7766519991377017,45133.0,2.135221806520577,94.0,137.3125,7.0,106549,67915.0,-157718,100.0,0.0,0.0,0.0,16.291976256151198,,10.899557768805446,
TATAPOWER,2013.0,0.37073876480694457,16.864092594267113,0.9971625456019456,0.18288059235469914,11.141201537266772,3.0710985002026754,56.324248777078964,1.48334595003785,0.49328694410990676,0.8022876212124876,-740.0,26.715447154471544,0.0,52.04641350210971,-319.0,37882,3286.0,-41353,100.0,,,,,,,
TATAPOWER,2014.0,0.033588982813637126,19.35845042825953,0.0967663898072736,0.016810725242704848,13.15504156125768,3.2394968147730023,56.278105431265146,1.2834302325581395,0.5004833083507277,0.8232935428861133,2874.0,540.25,-1.0,52.324894514767934,-114.0,40173,6483.0,-43394,100.0,7.683033426771568,-90.2439024390244,23.61036639857015,,,,
TATAPOWER,2015.0,1.3604024647992141,18.756883874616737,3.1917865623690456,0.607834009443373,11.47200728265817,2.836080458164548,54.009443373013234,1.4011895106785617,0.4468045487796768,0.7510843804498502,2116.0,13.087527352297593,1.0,53.02962962962963,210.0,40607,5981.0,-44726,100.0,-5.970441695123996,3708.3333333333335,-8.892423366107572,,,,
TATAPOWER,2016.0,2.664948803146403,7.137044822675799,6.7566405914209575,1.1219435602438015,4.169803098133988,3.3395512765408752,55.45341650370412,1.395859085290482,0.42100004282227327,0.8099632009666612,5610.0,9.43384223918575,2.0,43.08518518518518,53.0,38849,7415.0,-36414,100.0,-12.20194683416188,71.99124726477024,-66.5926043485161,-3.8464061686669937,85.56916412979658,,
TATAPOWER,2017.0,3.9872408293460926,19.838335508191967,8.32450431360678,1.3280372816284152,8.823150088666774,3.694187982442864,58.934672638810085,1.4309063893016345,0.33307175023240654,0.5920806953535787,-359.0,6.376363636363636,3.0,48.94074074074074,39.0,48815,7014.0,-46595,100.0,-6.4623313216247364,39.94910941475827,160.0,-8.25580215679419,350.88987149920666,,
TATAPOWER,2018.0,9.728017883755587,8.550670640834575,15.921702542837979,3.1883456259463685,3.5313668466971335,2.962924568571254,59.33302398280662,1.7373039085349642,0.32774874224588485,0.6010390541024723,4852.0,2.4373803140559174,9.0,60.737037037037034,15.0,48589,6364.0,-44656,100.0,-2.7113237639553422,137.36363636363635,-58.06687374383337,-7.207849349046624,78.77092635804233,-4.150670375923127,84.23848428973332
TATAPOWER,2019.0,8.721261001974499,10.27408721261002,14.236547391423107,3.099687176620318,4.595051713041266,2.649877082764272,57.69509830742331,1.885611510791367,0.3554173159040358,0.6744385509536169,4302.0,1.7551803530314658,9.0,67.79629629629629,15.0,48506,4574.0,-44305,100.0,11.330104321907598,-0.19149751053236796,33.769063180827885,0.4354779305501211,49.11361135927026,-3.510035476297202,193.33145270993194
TATAPOWER,2020.0,4.516749038989566,23.355985722130697,6.725953184094859,1.4675379708722707,9.517216301641913,2.6544004906470406,57.916452929500196,1.435692033822875,0.3249102303900796,0.6112533042420174,6882.0,5.604103343465046,4.0,72.46666666666667,41.0,51936,7375.0,-47666,100.0,-2.4932231183695364,-49.501151189562556,121.66123778501627,1.836446614309395,6.1584090624637655,-2.806722437128961,23.557165830019542
TATAPOWER,2021.0,4.400207931994006,21.163196037060818,6.446266182860727,1.4586184177183112,10.026075619295959,2.092371097074766,47.344787390400896,1.4840399002493765,0.3314885206020982,0.6267463922267579,9338.0,5.799166087560806,4.0,69.759375,44.0,46708,8345.0,-52179,100.0,12.242586490939033,9.346504559270507,1.7046289493019895,6.807486340619606,-18.011808397185234,2.0870804315290092,12.856778608364404
TATAPOWER,2022.0,5.035500747384155,16.421431240657697,9.606986899563319,1.9155930697467793,9.548189089723916,2.281213795561893,45.48645046645935,1.6569059341798393,0.38041759218125276,0.7460663193294882,443.0,3.104359925788497,5.0,70.13125,32.0,51195,6693.0,-57389,100.0,30.923768461609026,49.826268241834605,1.589365698598466,12.737998792682559,-6.12323506908986,9.188569156258652,14.406635585872296
TATAPOWER,2023.0,6.913571285996843,14.023117821045563,13.234681117132139,2.97433175118661,9.457838697833802,1.8383701542309296,41.31510741943543,2.248170173833486,0.43021640019985014,0.8924968014640388,-97.0,1.8808398950131233,10.0,89.9625,19.0,52923,7166.0,-61747,100.0,28.711229446935715,76.71614100185529,9.913241359692782,23.66995440372486,42.52455558146231,15.475008740465078,7.850862052512575
TATAPOWER,2024.0,6.965125551270159,17.469771680580646,13.227840276919272,3.0779409438060035,12.476174980242668,1.659321300531586,38.610180217757126,2.237211310166199,0.4419074604110633,0.9142835887516738,3569.0,2.9429906542056075,12.0,101.1125,17.0,53689,12596.0,-67210,100.0,11.504472953601041,12.335958005249337,38.91045548654244,23.398271146138306,43.81173474053719,15.511158201876407,10.431728917459004
TATAPOWER,2024.0,6.965125551270159,17.469771680580646,12.707838479809977,2.9490801350513336,11.669366147424261,1.7314133016627078,40.18052780265968,2.237211310166199,0.42340660097843313,0.8757535593655137,3569.0,2.9429906542056075,12.0,105.25,17.0,58314,12596.0,-70167,100.0,0.0,0.0,0.0,12.79839218858141,25.679662033073235,16.09592556341908,26.601128215629366
TATASTEEL,2013.0,-5.398182789951898,2.943316111408041,-21.280580592297788,-4.951115226449522,3.860759493670886,2.0054137890670725,46.65772488357526,-0.04158266129032258,0.9171818404640649,1.9810005588070938,936.0,-1.930005500550055,-6.0,35.19258496395469,-11.0,68529,14035.0,-68002,100.0,,,,,,,
TATASTEEL,2014.0,2.466120284764558,10.889956531686112,9.042238231520773,2.1357311018391183,13.24809063449055,2.0139396032764236,47.56823850259901,2.549919299054646,0.8660287638982774,1.9839801353678561,-2232.0,3.5869031377899043,3.0,41.742533470648816,27.0,81629,13146.0,-74907,100.0,10.319793336896499,-150.39878987898788,308.1715006305171,,,,
TATASTEEL,2015.0,-2.8235749512558783,2.4436575295332035,-12.564994098695333,-2.475661339082013,3.0423917893797414,2.574276691441513,50.72057520316261,0.7136963696369637,0.8767825830091321,2.048516886930984,2859.0,-3.015993907083016,-3.0,32.285272914521116,-20.0,80701,11880.0,-68100,100.0,-6.129974295826768,-207.47612551159617,-78.93598615916954,,,,
TATASTEEL,2016.0,-0.4874221546609131,-0.6129554258814298,-1.136467575230952,-0.2809751023269488,-0.4971404481422856,1.8747599012165006,46.35071572329888,1.0457237621416726,0.5764512335768074,1.4122576177285318,2661.0,-23.048289738430583,0.0,45.08453608247423,-203.0,81987,11455.0,-72200,100.0,-26.908905837825436,-87.38258441228737,-118.33382223525962,-8.865752232175971,,,
TATASTEEL,2017.0,-3.712410618082084,11.704467537555988,-11.023559586451254,-2.4175543790265994,10.87782311123617,2.195034242047648,48.138848457787034,0.7257492113564669,0.6512087771895133,1.220548436532003,1334.0,-2.5963060686015833,-4.0,38.988659793814435,-23.0,83014,10824.0,-92007,100.0,10.13485019369391,738.8329979879276,-2203.04,-8.916707372207,,,
TATASTEEL,2018.0,14.396060008600475,17.38999910749783,29.148527213287117,8.500780943072604,14.006848867453503,1.5138078888140494,44.1481971234465,4.8744271310724105,0.5904935751861328,1.282441080068675,-3707.0,0.4521783238460238,12.0,53.16244541484716,9.0,92147,8023.0,-96105,100.0,9.75075468169797,-525.5936675461742,63.06299452221546,-4.045448177001654,,-1.7629247393143754,
TATASTEEL,2019.0,5.785538057576315,18.59465081912107,13.234675371780922,3.918839384292852,17.272197053157456,1.4626913311570549,43.31086509174174,3.0680156657963447,0.6773508955076405,1.2670079233699234,-3840.0,2.777461083095812,9.0,60.19650655021834,15.0,100816,25336.0,-124442,100.0,27.92720427751949,-48.5881756185538,36.789063593524006,15.637420803615477,,1.1899352303948563,20.006071169121277
TATASTEEL,2020.0,0.8396689959017859,12.489897508886616,1.5956290094596066,0.4712039783422771,9.19569887943382,1.5810590409916276,46.690133213458616,0.8148148148148148,0.5611782507656061,1.039137576086391,6157.0,17.179727427597957,1.0,64.2585152838428,74.0,116328,20169.0,-134551,100.0,-11.322454001737814,-87.13001534751152,-40.435909680060035,7.579130582814586,,0.04483304721332182,
TATASTEEL,2021.0,5.240124380974318,19.517063994779072,11.031937391398053,3.357809674919745,18.74400884846995,1.19210926871321,36.28443394872678,2.8199027211778627,0.6407881627984208,1.151125023016019,34890.0,5.412332112332113,6.0,61.969115191986646,40.0,88501,44327.0,-135775,100.0,11.784689987626674,597.6149914821124,74.67789039683903,8.239630398977393,-22.716707436712547,8.917643492126203,
TATASTEEL,2022.0,17.113121467131773,26.02486483384503,36.48016916718366,14.782488616325923,33.41491013394384,0.6602500808262629,26.75464376004702,10.19571585499817,0.8638101847589778,1.8303148070343918,33476.0,1.063043426189849,33.0,93.72891072891073,16.0,75561,44381.0,-133288,100.0,56.089805110880775,409.7557997557997,108.1366378179911,15.661861342639316,66.02952924085908,16.785302798093515,
TATASTEEL,2023.0,3.3182249653795104,13.272899861518042,7.833569391358336,2.829401953776507,17.183136055326507,0.8235482431462331,29.745686694978207,3.894903953008414,0.8526853915261602,1.6597417832370533,3504.0,2.6852012383900927,7.0,84.42424242424242,50.0,84893,21683.0,-146621,100.0,-0.24840239548448162,-80.65821935854751,-49.12584659001418,20.288905982534033,90.17706677081614,14.575209507250019,-14.56750384775095
TATASTEEL,2024.0,-2.1425049417247384,9.70803461170916,-5.334926929972293,-1.823164211026616,12.42093156986774,0.9461835171402184,32.334986929657795,0.847229621736814,0.8509498277091255,1.5399827973174567,6048.0,-4.134623217922607,-4.0,73.80513231756215,-101.0,87082,20301.0,-148814,100.0,-5.827748168298729,-160.80495356037153,-31.12074303405573,13.607181258352963,,7.766224835881497,
TATASTEEL,2024.0,-2.1425049417247384,9.70803461170916,-5.44665934529158,-1.7483202238989322,11.737953666527732,1.1025547161857854,35.39084392948323,0.847229621736814,0.8160168921204525,1.5324038783015714,6048.0,-4.134623217922607,-4.0,72.29109863672815,-101.0,99392,20301.0,-149550,100.0,0.0,0.0,0.0,-2.062817675661932,,10.387509737389312,
TCS,2013.0,22.346758957913288,28.639921256092332,36.51740777253152,27.104675344681507,46.40156386645404,0.008613085663882115,0.6392975429407687,377.875,1.2129130401294,6.409137159137159,5577.0,0.8251633986928104,36.0,196.66326530612244,31.0,332,11615.0,-9828,100.0,,,,,,,
TCS,2014.0,23.630651884267014,30.746005940666677,39.29667649151337,28.927561388020173,50.82235512810151,0.006037198902327472,0.4444178425533825,652.3333333333334,1.224154184560595,8.571772841575859,5299.0,0.7630353817504656,49.0,250.99489795918367,33.0,297,14751.0,-9544,100.0,29.878232707298103,37.34015345268542,39.429046563192905,,,,
TCS,2015.0,21.194320006761895,25.866368016228552,39.616865804285574,27.36026623748602,48.0105112466417,0.007070208353905401,0.4882839139092719,253.8653846153846,1.2909244660247143,8.132668843443891,17562.0,0.9655533399800598,51.0,258.34183673469386,78.0,358,19369.0,-11638,100.0,15.693872312337277,3.7657769501344918,-2.66767383612293,,,,
TCS,2016.0,22.401192864900686,28.2357380851573,34.2441467807294,27.565663544415624,43.01498941346383,0.0034472084646555608,0.27749147704749066,965.8484848484849,1.23054444960415,9.227620180057754,14099.0,0.785150792998603,62.0,360.7715736040609,35.0,245,19109.0,-11774,100.0,14.78953596483814,21.326021934197414,25.30430520382321,19.926826807058262,20.024123427360262,,
TCS,2017.0,22.342878456504415,27.390095451231712,30.571600900085834,25.75610995475555,37.35246176433187,0.003352123785000116,0.2824113433594246,1079.53125,1.152765969921726,10.0817024185967,8328.0,0.9569753765603065,67.0,437.6345177664975,35.0,289,25223.0,-11701,100.0,8.578318575925481,8.295669323691346,5.326466082081027,12.975756084679247,10.88506703657599,,
TCS,2018.0,21.02287496750715,26.41343904341045,30.401278075368854,24.618077354793297,38.08609077598828,0.002901513015694014,0.23495614786066243,656.6153846153846,1.1710138310218214,10.281800718282803,28171.0,0.9685857805255024,67.0,445.69633507853405,37.0,247,25067.0,-11973,100.0,4.355492260481841,-1.8097659065902771,0.6344588530221795,9.157498447600322,8.862369038731167,14.340869430011583,12.95280041634883
TCS,2019.0,21.549469831971216,26.973365286795982,35.28609440332715,27.710028884733234,44.136836930777136,0.000693155646982537,0.054433235880282,210.91414141414143,1.2858798430215714,11.917249796582588,30238.0,0.9059311830682466,84.0,238.52266666666668,36.0,62,28593.0,-12290,100.0,18.975012997140638,21.955177743431232,21.49710911551237,10.468399359516333,9.050219206448705,12.353179810852332,10.300516425506201
TCS,2020.0,20.673594607165384,26.829734499741953,38.56952666238737,27.010580469003635,45.62188515709643,0.09716377814231035,6.804465274251418,46.722943722943725,1.3065255937466183,7.4994743883792045,41337.0,0.9975960797608407,86.0,224.336,85.0,8174,32369.0,-20928,100.0,7.1594873790650215,2.804004815917871,6.588872576317528,9.985111592655759,7.1748433498890485,10.644395991959787,10.09528600904459
TCS,2021.0,19.833472410873632,28.351108864213625,37.67311096456215,25.04923379900302,49.39720677505625,0.09018546157139055,5.996522862945413,69.69701726844583,1.2629777217059512,7.810142238713667,30846.0,1.191634420490142,88.0,233.60270270270271,43.0,7795,38802.0,-21021,100.0,4.605317650956686,0.35442413782476034,10.536939846588611,10.072809184198906,7.9565341146855095,8.607474456825258,5.994965305597044
TCS,2022.0,20.051211448001087,27.669305464292794,43.13375739014349,27.283500326417077,54.72219643759605,0.08770571803587655,5.547671085123897,66.92729591836735,1.3606908688371038,9.003380599117287,39211.0,1.0390127181461157,105.0,243.54918032786884,41.0,7818,39949.0,-21298,100.0,16.79711530847805,18.079356304895278,13.988312636961275,9.397022598968086,6.800555392457164,10.204039995433668,7.844453615982827
TCS,2023.0,18.763139919630266,26.283831134845514,46.7829337344068,29.61171504770438,60.39933953033268,0.08502167566132886,5.381530040109479,74.05134788189987,1.5781854835887132,10.989909822081405,42513.0,0.9920100229298159,115.0,247.0601092896175,100.0,7688,41965.0,-20515,100.0,17.576686796624852,10.02366771567531,11.689315264715304,12.832886661793674,9.244321791670718,12.864846978115496,10.32689076721931
TCS,2024.0,19.136712150207767,26.690688396923118,50.944313673485176,31.689259788825343,65.26850065983149,0.0886406082507266,5.513775846898373,80.68766066838046,1.6559406621205455,12.287951438481942,50429.0,0.9617996051975097,127.0,249.9696132596685,58.0,8021,44338.0,-19604,100.0,6.846064455463985,8.973358863437575,8.499974687389255,13.632864555506409,12.286310199806593,10.463614801716602,7.871172131953608
TCS,2024.0,19.136712150207767,26.690688396923118,45.4199714271639,28.610883543109654,58.164843813607625,0.08912754322873048,5.614309475931581,80.68766066838046,1.4950783247685013,11.621062279897728,50429.0,0.9617996051975097,127.0,280.3729281767956,58.0,9046,44338.0,-20729,100.0,0.0,0.0,0.0,7.901276541704494,6.235292636882361,8.946460548157997,7.27620243917988
TECHM,2013.0,19.01644114651535,20.689655172413794,24.087725764835973,14.548085485307213,20.893329415221864,0.25433099889421307,15.360641139804097,10.495145631067961,0.765026714158504,5.5204819277108435,233.0,0.6541698546289212,25.0,42.390625,5.0,1380,855.0,-1245,100.0,,,,,,,
TECHM,2013.0,19.01644114651535,20.689655172413794,24.087725764835973,14.548085485307213,20.893329415221864,0.25433099889421307,15.360641139804097,10.495145631067961,0.765026714158504,5.5204819277108435,233.0,0.6541698546289212,25.0,42.390625,5.0,1380,855.0,-1245,100.0,0.0,0.0,0.0,,,,
TECHM,2014.0,16.28550154238911,22.189128816083397,33.34785449793073,19.209535759096614,43.70416928556464,0.03953387061642344,2.277289836888331,48.6875,1.1795483061480552,7.248265227447956,1887.0,0.5212279555845852,32.0,39.23931623931624,15.0,363,1596.0,-2594,100.0,173.5632183908046,134.27697016067327,193.38959212376935,,,,
TECHM,2014.0,16.28550154238911,22.189128816083397,33.34785449793073,19.209535759096614,43.70416928556464,0.03953387061642344,2.277289836888331,48.6875,1.1795483061480552,7.248265227447956,1887.0,0.5212279555845852,32.0,39.23931623931624,15.0,363,1596.0,-2594,100.0,0.0,0.0,0.0,39.85754529924124,32.81379905433495,,
TECHM,2015.0,11.754564342867248,18.535873745634586,21.70966688438929,13.396815800080613,32.38087883234226,0.057152188112344876,3.526803708182184,53.43478260869565,1.1397118097541314,5.608975948425489,583.0,0.9206468597216999,27.0,25.516666666666666,22.0,700,2448.0,-4033,100.0,20.311668971386034,-13.161332462442843,0.5033557046979942,48.74937579292266,26.710980027528343,,
TECHM,2015.0,11.754564342867248,18.535873745634586,21.70966688438929,13.396815800080613,32.38087883234226,0.057152188112344876,3.526803708182184,53.43478260869565,1.1397118097541314,5.608975948425489,583.0,0.9206468597216999,27.0,25.516666666666666,22.0,700,2448.0,-4033,100.0,0.0,0.0,0.0,6.357776746800714,-4.595018793423633,26.903351284803968,15.262636660671248
TECHM,2016.0,11.425228353589493,16.0791122518306,20.745665136042764,13.438401775804662,27.164902435913785,0.07477211979987664,4.843507214206437,40.76288659793814,1.176204217536071,6.148526340218148,1684.0,1.0363396101750908,31.0,33.46559633027523,35.0,1091,3137.0,-4309,100.0,17.121259007117274,13.839789394509205,1.5979012640114476,12.110897129240383,-0.382475598200116,30.97856790167892,18.28981884018015
TECHM,2016.0,11.425228353589493,16.0791122518306,20.745665136042764,13.438401775804662,27.164902435913785,0.07477211979987664,4.843507214206437,40.76288659793814,1.176204217536071,6.148526340218148,1684.0,1.0363396101750908,31.0,33.46559633027523,35.0,1091,3137.0,-4309,100.0,0.0,0.0,0.0,5.409214594750078,4.4154331796389945,7.099809100367449,-0.2296612180688662
TECHM,2017.0,9.783466593459387,14.357777701520194,17.34501429701284,10.941397705031278,23.50165702409706,0.08310518951146803,5.242353302375561,30.868217054263567,1.1183559120389914,4.510990712074303,1178.0,1.4279200280603297,29.0,37.441913439635535,28.0,1366,4071.0,-6460,100.0,9.990941345210235,-5.814337628014532,-1.7840375586854473,8.80884919409377,2.351204984288646,9.159133728268575,-1.4178226148618522
TECHM,2017.0,9.783466593459387,14.357777701520194,17.34501429701284,10.941397705031278,23.50165702409706,0.08310518951146803,5.242353302375561,30.868217054263567,1.1183559120389914,4.510990712074303,1178.0,1.4279200280603297,29.0,37.441913439635535,28.0,1366,4071.0,-6460,100.0,0.0,0.0,0.0,3.225177810510882,-1.9769378266132343,5.195831370899429,1.4041609699756208
TECHM,2018.0,12.302992883371786,15.305625060930037,20.092341983760548,12.441260556669185,22.176185319459485,0.12720904314599585,7.876836121060761,31.117283950617285,1.0112385396470704,4.037391760692731,235.0,0.9387216059165346,39.0,42.63122171945702,33.0,2397,3554.0,-7622,100.0,5.600356885487812,32.79551034724657,12.5717017208413,5.117276853921071,7.743082447952054,6.348558445675678,7.322913620424765
TECHM,2018.0,12.302992883371786,15.305625060930037,20.092341983760548,12.441260556669185,22.176185319459485,0.12720904314599585,7.876836121060761,31.117283950617285,1.0112385396470704,4.037391760692731,235.0,0.9387216059165346,39.0,42.63122171945702,33.0,2397,3554.0,-7622,100.0,0.0,0.0,0.0,1.832982111092596,9.9160545070222,3.039670438258679,4.576388055078584
TECHM,2019.0,12.345288123884636,18.050198606873526,21.143702243036728,12.823656042576093,28.146319569120287,0.09839783090953907,5.967828738862644,42.67669172932331,1.0387490282843987,4.920266251239201,2328.0,1.0333411051527162,44.0,45.68693693693694,29.0,1996,4432.0,-7061,100.0,12.89767003542066,13.285789751716859,33.14225053078557,6.035215092313662,14.582847219556005,5.570227342074818,7.2182526164174865
TECHM,2019.0,12.345288123884636,18.050198606873526,21.143702243036728,12.823656042576093,28.146319569120287,0.09839783090953907,5.967828738862644,42.67669172932331,1.0387490282843987,4.920266251239201,2328.0,1.0333411051527162,44.0,45.68693693693694,29.0,1996,4432.0,-7061,100.0,0.0,0.0,0.0,4.126593264878298,4.245778956918134,3.5786086683700535,8.510500283992673
TECHM,2020.0,10.570142128675274,14.926223283063903,17.865493054600467,10.442681815745752,21.593941296499764,0.16824829230275523,9.834396269896564,27.34375,0.9879414759633421,4.155545536519387,5439.0,1.1182961252245316,42.0,50.02981651376147,32.0,3670,4358.0,-8872,100.0,6.11939439295377,-9.139659594311034,-12.246850582044333,6.208656202457696,0.9678864670918719,4.816348384983593,6.4502382283206705
TECHM,2020.0,10.570142128675274,14.926223283063903,17.865493054600467,10.442681815745752,21.593941296499764,0.16824829230275523,9.834396269896564,27.34375,0.9879414759633421,4.155545536519387,5439.0,1.1182961252245316,42.0,50.02981651376147,32.0,3670,4358.0,-8872,100.0,0.0,0.0,0.0,1.9995496561411752,-3.1443886962376766,3.680229151883996,0.5796127635372628
TECHM,2021.0,11.499141460837405,17.952714304583278,17.506535290569072,10.991869097520327,24.47597781459339,0.11667001809772773,7.325387606686531,35.21264367816092,0.9558860663602848,4.1977156797516075,2661.0,1.859407305306685,46.0,56.899313501144164,89.0,2901,8094.0,-9018,100.0,2.6771183682326116,11.701308698999235,23.496274759222246,2.9017620513556164,0.49494271607570806,4.229506797223581,2.830420442250503
TECHM,2021.0,11.499141460837405,17.952714304583278,17.506535290569072,10.991869097520327,24.47597781459339,0.11667001809772773,7.325387606686531,35.21264367816092,0.9558860663602848,4.1977156797516075,2661.0,1.859407305306685,46.0,56.899313501144164,89.0,2901,8094.0,-9018,100.0,0.0,0.0,0.0,0.8845258613944473,3.7574812272874514,1.7310874545009458,0.2966723446587549
TECHM,2022.0,12.610312234018725,17.963535367110158,20.940266309603512,12.675612391930835,27.18183358752754,0.09737409804359146,5.894272334293948,46.717791411042946,1.0051783141210375,3.0198863636363638,5765.0,0.9387211367673179,57.0,61.24373576309795,47.0,2618,5285.0,-14784,100.0,17.939506009774142,29.33609005283713,18.01059446733373,6.588657449594204,13.047074966592032,5.144254911535517,5.591867216539437
TECHM,2022.0,12.610312234018725,17.963535367110158,20.940266309603512,12.675612391930835,27.18183358752754,0.09737409804359146,5.894272334293948,46.717791411042946,1.0051783141210375,3.0198863636363638,5765.0,0.9387211367673179,57.0,61.24373576309795,47.0,2618,5285.0,-14784,100.0,0.0,0.0,0.0,5.654119439523053,8.953179693091373,3.9026430610659135,7.635516164954037
TECHM,2023.0,9.11428035278664,14.567461062112965,17.3936398796734,10.59855543675126,25.31550627751508,0.09812347801174617,5.97900800837934,20.773006134969325,1.162851594038449,3.568845432627913,5346.0,1.1472102120650607,50.0,63.46363636363636,91.0,2740,5572.0,-14932,100.0,19.361196971733197,-13.730017761989345,-3.204488778054859,12.074675453430327,3.719356134041618,7.646330081705566,4.502706792449618
TECHM,2023.0,9.11428035278664,14.567461062112965,17.3936398796734,10.59855543675126,25.31550627751508,0.09812347801174617,5.97900800837934,20.773006134969325,1.162851594038449,3.568845432627913,5346.0,1.1472102120650607,50.0,63.46363636363636,91.0,2740,5572.0,-14932,100.0,0.0,0.0,0.0,6.076957574363617,-4.80373640658568,7.079046166299929,2.215295208570489
TECHM,2024.0,4.60996999769213,8.666051234710363,8.987963553189097,5.555169297086839,15.428336643155516,0.09512917619708275,5.879626410809057,9.224489795918368,1.2050337203643189,3.739912249154859,5058.0,2.6599916562369628,24.0,60.47392290249433,150.0,2537,6376.0,-13903,100.0,-2.4282229311315406,-50.6485484867202,-41.955429601958,5.211317742680399,-24.77078217356512,6.553896779664203,-11.24846494817746
TECHM,2024.0,4.60996999769213,8.666051234710363,9.063752552370868,5.596936512013449,15.821073698254978,0.07694925508583529,4.751675344992645,9.224489795918368,1.2140939127186121,3.762917933130699,5058.0,2.6599916562369628,24.0,59.83257918552036,150.0,2035,6376.0,-13818,100.0,0.0,0.0,0.0,-0.8160488870322058,-20.974610781216374,3.0949698681124405,-15.699155002878362
TECHM,2024.0,4.60996999769213,8.666051234710363,8.987963553189097,5.555169297086839,15.428336643155516,0.09512917619708275,5.879626410809057,9.224489795918368,1.2050337203643189,3.739912249154859,5058.0,2.6599916562369628,24.0,60.47392290249433,150.0,2537,6376.0,-13903,100.0,0.0,0.0,0.0,-0.8160488870322058,-20.974610781216374,3.0949698681124405,-15.699155002878362
TECHM,2024.0,4.60996999769213,8.666051234710363,9.063752552370868,5.596936512013449,15.821073698254978,0.07694925508583529,4.751675344992645,9.224489795918368,1.2140939127186121,3.762917933130699,5058.0,2.6599916562369628,24.0,59.83257918552036,150.0,2035,6376.0,-13818,100.0,0.0,0.0,0.0,0.0,0.0,-0.49043151338883373,-13.17196230688873
TITAN,2013.0,7.161908525140769,10.01679344067964,36.80203045685279,12.321549966009519,51.47208121827411,0.0,0.0,20.725490196078432,1.720428280081577,21.816810344827587,411.0,0.7627586206896552,8.0,22.134831460674157,26.0,0,553.0,-464,100.0,,,,,,,
TITAN,2014.0,6.726457399103139,9.581769927702021,29.131985731272298,12.027491408934708,31.44144144144144,0.31985731272294887,13.205694648993619,12.60919540229885,1.7880870561282933,17.79641693811075,-826.0,-0.7551020408163265,8.0,28.348314606741575,25.0,807,-555.0,-614,100.0,7.942309592018182,1.379310344827589,3.2544378698224907,,,,
TITAN,2015.0,6.849660035255603,9.678502476286411,26.459143968871597,13.905930470347649,36.212311557788944,0.0324254215304799,1.7041581458759374,13.950617283950617,2.030163599182004,17.042918454935624,385.0,0.616421568627451,9.0,34.651685393258425,25.0,100,503.0,-699,100.0,9.023519721790052,11.020408163265305,10.124164278892067,,,,
TITAN,2016.0,5.9861653068464,8.32742107130188,19.24721984602224,10.64333017975402,25.946394031500414,0.03222127174222983,1.7817723115736361,21.666666666666668,1.7779880163986124,14.625162127107652,417.0,0.8533333333333334,8.0,39.40449438202247,29.0,113,576.0,-771,100.0,-5.347099806933597,-17.279411764705888,-18.560277536860358,3.660972000702678,-2.353820578699717,,
TITAN,2017.0,5.256013875273358,8.777618580800844,16.46586345381526,8.289724072312083,19.03515944399019,0.44460193716040636,22.383444338725024,26.605263157894736,1.5771883920076117,11.153069806560135,759.0,2.456241032998565,8.0,47.561797752808985,32.0,1882,1712.0,-1189,100.0,17.603760198651997,3.2592592592592506,23.961661341853024,6.665779299482688,-1.7539391806391635,,
TITAN,2018.0,6.836228287841191,10.198511166253102,21.650294695481335,11.574414452263419,24.244211768175784,0.33222003929273086,17.76073941812835,29.867924528301888,1.6930994643419808,10.936227951153324,47.0,-0.04627949183303085,13.0,57.19101123595506,29.0,1691,-51.0,-1474,100.0,21.55946007088454,58.10616929698709,41.237113402061865,10.60666521345115,10.53432036112838,9.75167577733258,8.73483945710749
TITAN,2019.0,7.022599726983164,10.081399464078062,22.8830313014827,11.861656703672075,23.56138485170743,0.3942339373970346,20.435525192143466,37.924528301886795,1.689069171648164,12.622208040842374,446.0,0.8948884089272858,16.0,68.20224719101124,32.0,2393,1243.0,-1567,100.0,22.6985111662531,26.043557168784037,21.289537712895367,20.600679407337232,27.19386305027598,12.600592944675014,13.575061677025646
TITAN,2020.0,7.091962758882767,11.69960098802964,22.38716449242765,11.02333136444182,24.073893070081127,0.5341130604288499,26.299468399291197,13.662650602409638,1.554341405788541,7.995442461071022,-113.0,-0.23308774279973207,17.0,74.93258426966293,24.0,3562,-348.0,-2633,100.0,6.4361191162343845,7.487401007919359,23.520561685055164,16.65562785115986,28.906755177527145,12.060987161710424,12.842819722823219
TITAN,2021.0,4.500092404361486,7.969876178155609,12.99186341203148,5.923133057650206,13.132851161020175,0.7520341469921302,34.28606178545366,7.536945812807882,1.3162247628314279,8.578676179151804,1340.0,4.249486652977413,11.0,84.23595505617978,37.0,5638,4139.0,-2523,100.0,2.8120843625308867,-34.7622237106497,-29.963459196102317,10.320823733506334,-4.032145097295469,13.929578754150128,7.6096048922942305
TITAN,2022.0,7.632209451717073,11.611514288690579,23.6267870579383,10.37379648857844,20.1713113765231,0.782005804579168,34.33547290919388,14.321100917431192,1.3592127619407213,11.320361635220126,441.0,-0.3293903548680619,24.0,104.52808988764045,31.0,7275,-724.0,-2544,100.0,33.057660321567184,125.66735112936347,93.85507246376812,13.342040185867754,16.53109144132707,16.777783146243497,25.822694676390647
TITAN,2023.0,8.069008009858287,12.03203943314849,27.626360644671337,12.116950407105847,23.008766141954943,0.7903974348156274,34.66691339748335,15.823333333333334,1.5016654330125834,13.534022681787858,-444.0,0.4184483811850947,37.0,133.1573033707865,27.0,9367,1370.0,-2998,100.0,40.890308691274015,48.95359417652412,45.99282296650718,24.4481339871518,29.919085761202922,20.275922953840663,24.330996964851504
TITAN,2024.0,6.843630099444054,10.359408033826638,37.2192057915469,11.081877833074461,21.23510292524377,1.653145959757266,49.22179605033759,8.468497576736672,1.619298190002219,13.772984631976273,1506.0,0.4848398169336384,39.0,105.53932584269663,28.0,15528,1695.0,-3709,100.0,25.900184842883544,6.780696395846064,8.398197460057343,33.14221885428872,53.11021124836826,20.897163953120245,20.274576296793036
TITAN,2024.0,6.843630099444054,10.359408033826638,35.90797041906327,9.004275485499408,16.86209533520265,2.2235004108463436,55.75645186215422,8.468497576736672,1.3157162726008345,13.11864406779661,1506.0,0.4848398169336384,39.0,109.3932584269663,28.0,21648,1695.0,-3894,100.0,0.0,0.0,0.0,21.051217774340223,16.729666650039853,19.398344991125693,18.55020880513507
TORNTPHARM,2013.0,13.581017795816422,21.76084920387137,30.590717299578056,11.590727418065548,32.95508274231678,0.4873417721518987,18.465227817745802,18.11764705882353,0.8534505728750333,3.90609756097561,-94.0,0.35172413793103446,13.0,33.857142857142854,45.0,693,153.0,-820,100.0,,,,,,,
TORNTPHARM,2014.0,15.915627996164908,22.890699904122723,34.8922753547031,13.221823974512144,31.47659854976928,0.5948502364687336,22.540820390282757,15.305084745762711,0.8307447232178415,4.768,181.0,0.9021084337349398,20.0,22.388235294117646,25.0,1132,599.0,-875,100.0,30.252887917577276,52.64367816091955,37.01578192252511,,,,
TORNTPHARM,2015.0,16.199309749784298,22.001725625539258,30.148534725010034,9.603580562659847,19.49913974383483,1.099959855479727,35.0383631713555,6.371428571428571,0.5928388746803069,1.6364278150370632,-1303.0,1.0785619174434087,22.0,29.305882352941175,25.0,2740,810.0,-2833,100.0,11.12176414189836,13.102409638554224,6.806282722513091,,,,
TORNTPHARM,2016.0,25.915956333183786,40.87034544638852,49.59931310818546,19.502588341210895,46.749914471433456,0.6731539782484258,26.46860229574612,13.733695652173912,0.7525320729237002,2.3389296956977965,1873.0,1.5822273514137335,51.0,41.10588235294118,34.0,2352,2742.0,-2859,100.0,44.240724762726494,130.7589880159787,167.9411764705882,27.808026287085408,58.52694922655446,,
TORNTPHARM,2017.0,16.059147180192575,23.676066024759283,21.466329579407034,9.728153317362773,20.069960647135986,0.5768788784187543,26.14311009269868,6.281553398058253,0.6057702322674722,1.5770065075921909,211.0,1.0802997858672376,28.0,51.188235294117646,25.0,2510,1009.0,-3688,100.0,-13.025272917601317,-46.10502019619157,-49.61580680570802,11.710338046466262,12.045116443623805,,
TORNTPHARM,2018.0,11.394957983193276,22.672268907563026,14.665801427644388,4.76023309695991,12.170696499458678,1.3977936404931863,45.36965526925507,4.0227272727272725,0.4177490697184582,0.7574793125397836,-3783.0,1.3185840707964602,20.0,54.38823529411765,35.0,6462,894.0,-7855,100.0,2.3039889958734516,-27.408993576017128,-2.0334059549745875,8.67371479602963,-3.351173414807851,13.185815797308443,9.281862314917323
TORNTPHARM,2019.0,5.682262478821843,25.843868108953473,9.227513227513228,3.0893502444554666,18.42594313324661,1.2778835978835978,42.783249486289236,2.115079365079365,0.5436831290299724,0.9903200826019618,1552.0,4.123853211009174,13.0,55.588235294117645,66.0,6038,1798.0,-7748,100.0,28.957983193277315,-35.69321533923304,46.997776130467,4.6914685002155565,-36.87094200917074,12.959868904863159,-8.068640631432466
TORNTPHARM,2020.0,12.910945962967629,27.333417306965615,21.24792703150912,7.316202712348323,20.456259426847662,1.199004975124378,41.2847965738758,3.631929046563193,0.5666666666666667,1.053896190096907,1622.0,1.3590243902439025,30.0,56.752941176470586,53.0,5784,1393.0,-7533,100.0,3.466701420565621,135.09174311926606,9.430156328794759,10.929520237082357,3.147568877915652,11.358782714354444,6.418414862657307
TORNTPHARM,2021.0,15.640224859462837,30.98063710181137,21.44570058239123,8.895204262877442,23.15160567587752,0.8348749571771155,34.62877442273535,5.3229461756373935,0.5687388987566607,1.1330502476999291,1561.0,1.601437699680511,37.0,68.68235294117648,47.0,4874,2005.0,-7065,100.0,0.8313389595666854,22.146341463414632,14.28571428571428,10.394674554860405,22.685021965474505,3.663532160847671,-6.295347760786285
TORNTPHARM,2022.0,9.132581100141044,28.573107663375648,13.052242566773057,6.02045560204556,24.256635402115347,0.6836888963547791,31.53571982023865,5.807843137254902,0.6592282659228266,1.3246146660439047,1607.0,2.3204633204633205,23.0,70.03529411764706,105.0,4070,1803.0,-6423,100.0,6.2835727670206065,-37.939297124600635,-1.9758064516129048,3.503275619504187,21.239697240419055,7.9047633663229755,-3.6138066917305034
TORNTPHARM,2023.0,12.941787941787942,29.54261954261954,20.087124878993222,8.521560574948666,24.56989712112043,0.8662471765085511,36.74880219028063,6.546546546546547,0.6584531143052703,1.1845831794114026,33.0,1.902008032128514,37.0,36.67455621301775,60.0,5369,2368.0,-8121,100.0,13.070051716031973,60.23166023166022,16.906622788975724,6.611263407477397,6.6960877514604,10.08588072171932,12.92443635197773
TORNTPHARM,2024.0,15.436241610738255,31.3944817300522,24.154025670945156,11.416752843846949,30.961573818716676,0.5866394399066511,27.728369527749052,7.6440677966101696,0.7396070320579111,1.3182600147456378,3106.0,1.9722222222222223,49.0,40.56804733727811,57.0,4022,3266.0,-8138,100.0,11.517671517671513,33.01204819277108,18.50809289232935,10.251830698592634,9.770422181784767,6.932744476678732,30.591457402327848
TORNTPHARM,2024.0,15.436241610738255,31.3944817300522,22.068230277185503,10.975609756097562,31.677953348382243,0.4168443496801706,20.73170731707317,7.6440677966101696,0.7110286320254506,1.3596958174904943,3106.0,1.9722222222222223,49.0,44.40236686390533,57.0,3128,3266.0,-7890,100.0,0.0,0.0,0.0,8.034822120978458,28.690485077498074,6.2063766335144654,10.069575970157008
TRENT,2013.0,-1.2664165103189493,0.23452157598499063,-2.1933387489845653,-1.2222725215029424,0.3176620076238882,0.2786352558895207,15.527387958352195,0.6551724137931034,0.965142598460842,2.5290628706998812,-245.0,-1.1481481481481481,-1.0,37.303030303030305,-87.0,343,31.0,-843,100.0,,,,,,,
TRENT,2014.0,-0.8144020574367767,-0.42863266180882986,-1.917255297679112,-0.981404958677686,-0.7564296520423601,0.3350151362260343,17.148760330578515,1.0384615384615385,1.2050619834710743,3.2402777777777776,-94.0,2.4210526315789473,-1.0,30.03030303030303,-125.0,332,-46.0,-720,100.0,9.427767354596629,-29.629629629629626,-300.0,,,,
TRENT,2015.0,5.64798598949212,3.852889667250438,9.071729957805907,5.845038513819665,5.210183540556542,0.1877637130801688,12.097870412324422,10.090909090909092,1.0348889895786135,3.4191616766467066,-316.0,-0.07751937984496124,4.0,43.09090909090909,26.0,267,-10.0,-668,100.0,-2.100300042863268,-778.9473684210526,-980.0000000000001,,,,
TRENT,2016.0,3.262158956109134,5.338078291814947,3.7568306010928962,2.5498377375985166,4.825737265415549,0.273224043715847,18.544274455261938,2.875,0.7816411682892906,3.5345911949685536,11.0,1.981818181818182,2.0,44.36363636363637,54.0,400,109.0,-477,100.0,-26.182136602451845,-57.36434108527132,2.2727272727272707,-7.52518809134517,,,
TRENT,2017.0,4.690949227373068,7.39514348785872,5.4945054945054945,3.825382538253826,6.910778751933987,0.25339366515837103,17.64176417641764,3.782608695652174,0.8154815481548154,3.300546448087432,58.0,1.2,3.0,46.878787878787875,39.0,392,102.0,-549,100.0,7.4733096085409345,54.54545454545454,48.88888888888889,-8.079054079373371,,,
TRENT,2018.0,4.033379694019471,9.643022716736208,5.454545454545454,3.724315068493151,10.46804227478611,0.245141065830721,16.738013698630137,4.340909090909091,0.9233732876712328,3.5187601957585644,73.0,0.8850574712643678,3.0,48.333333333333336,44.0,391,77.0,-613,100.0,19.03973509933774,2.35294117647058,55.223880597014926,-1.8889293180393119,-12.304660425977742,0.23342924489198058,
TRENT,2019.0,3.6121673003802277,9.163498098859316,5.771567436208992,3.7123876514263383,11.256422232601588,0.3001215066828676,19.30441578741696,4.235294117647059,1.0277452129738178,3.972809667673716,-16.0,0.22105263157894736,3.0,49.878787878787875,45.0,494,21.0,-662,100.0,21.92860454334724,9.195402298850585,15.865384615384626,15.975448153813687,19.983162620797668,2.4255257678468922,
TRENT,2020.0,3.040734366035571,15.174985656913368,4.438860971524288,1.9248229526057745,19.680059523809522,0.12562814070351758,5.447612130016343,1.6273764258555132,0.633012529507899,1.273192111029949,-448.0,3.4056603773584904,3.0,66.33333333333333,29.0,300,361.0,-2738,100.0,32.547528517110266,11.578947368421044,119.5020746887967,24.372127426923896,7.637180515122499,8.824393804055731,-3.85134110013694
TRENT,2021.0,-6.980331662167373,4.3964519861164675,-7.825335062689148,-3.1621243885394827,4.3628013777267505,0.1297016861219196,5.2410901467505235,0.21455938697318008,0.453004891684137,0.8490504256712508,303.0,-1.574585635359116,-4.0,64.25,-15.0,300,285.0,-3054,100.0,-25.616752725186466,-270.75471698113205,-78.44990548204159,6.328770127869321,,8.990586420337365,
TRENT,2022.0,0.7781236104935527,13.228101378390395,1.4805414551607445,0.45301579083613774,8.393285371702639,1.998730964467005,61.15713176287859,1.3415384615384616,0.582190007765985,0.9596756987411991,114.0,1.6571428571428573,3.0,65.66666666666667,57.0,4725,58.0,-4687,100.0,73.46702661010414,-119.33701657458565,421.9298245614035,19.588082085555246,-28.311722349272085,19.942266579289726,-16.260604064943717
TRENT,2023.0,4.780393108468818,13.516136859985439,15.177195685670261,4.875030932937392,15.779036827195467,1.7195685670261942,55.233853006681514,2.349633251833741,1.0197970799307101,1.820631764965761,492.0,1.5101522842639594,13.0,72.11111111111111,18.0,4464,595.0,-4527,100.0,83.23699421965318,1025.7142857142858,87.22689075630252,33.21968705894829,54.90429238399499,30.74843312034483,35.26810123045472
TRENT,2024.0,11.935353535353535,15.927272727272726,36.30776794493609,20.622731080703712,33.86016148428105,0.4309242871189774,24.476403239318625,6.220108695652174,1.7278693102485339,5.051020408163265,841.0,0.913337846987136,42.0,113.0,8.0,1753,1349.0,-2450,100.0,50.14559572919195,274.8730964467005,76.92998204667865,68.36335197744833,,36.30691600183056,73.11367578503176
TRENT,2024.0,11.935353535353535,15.927272727272726,31.55982905982906,17.85109983079526,30.220791168353266,0.3935897435897436,22.262509064539522,6.220108695652174,1.4956490210297317,4.413338088445078,841.0,0.913337846987136,42.0,130.0,8.0,1842,1349.0,-2804,100.0,0.0,0.0,0.0,40.12272853167034,248.15354126525864,28.837878511804725,69.36159145720482
TVSMOTOR,2013.0,2.6364846870838883,5.832223701731025,22.024471635150167,5.8562555456965395,22.278738555442523,1.1879866518353726,31.588287488908605,3.8155339805825244,2.2212363206152026,4.714375392341494,344.0,2.3434343434343434,4.0,18.729166666666668,30.0,1068,464.0,-1593,100.0,,,,,,,
TVSMOTOR,2014.0,2.23043893129771,5.868320610687023,16.1068044788975,5.148678414096916,26.045526733721548,0.6270456503014643,20.044052863436125,4.8375,2.3083700440528636,5.526697429136454,235.0,2.513368983957219,4.0,24.1875,37.0,728,470.0,-1517,100.0,11.637816245006661,-5.555555555555558,12.328767123287676,,,,
TVSMOTOR,2015.0,3.1981279251170043,5.898985959438377,24.754716981132074,7.177242888402626,24.754500818330605,0.8445283018867924,24.485776805251643,8.161290322580646,2.2442013129102847,6.2651191203420895,-332.0,0.2530487804878049,7.0,27.604166666666668,28.0,1119,83.0,-1637,100.0,22.32824427480915,75.40106951871657,22.967479674796753,,,,
TVSMOTOR,2016.0,3.7707655796782986,7.198734288476752,23.58438702583837,8.336572094830936,28.144329896907216,0.59978009895547,21.200932763311307,9.285714285714286,2.210843373493976,5.58243375858685,331.0,2.1818181818181817,9.0,37.895833333333336,28.0,1091,936.0,-2038,100.0,10.930187207488306,30.79268292682926,35.37190082644628,14.84954360004187,29.398934610938454,,
TVSMOTOR,2017.0,4.084088903153334,6.988686512075744,22.95895354082093,8.306135770234988,24.695208392401476,0.591339648173207,21.39360313315927,11.966666666666667,2.033779373368146,5.276460626587638,-20.0,1.3536345776031433,11.0,46.1875,23.0,1311,689.0,-2362,100.0,9.5455744045003,18.64801864801864,6.349206349206349,14.127536208442603,39.62356584881101,,
TVSMOTOR,2018.0,4.069767441860465,9.614443084455324,24.8319641523525,5.0416982562547386,16.357767596834652,2.5870052277819267,52.52463987869598,3.7544378698224854,1.238817285822593,5.2811893988364575,-741.0,0.5323308270676692,14.0,55.791666666666664,24.0,6928,354.0,-3094,100.0,31.108079916553,30.6483300589391,80.36739380022962,16.795115371787837,26.565673313222437,16.821404430992427,27.418148765476346
TVSMOTOR,2019.0,3.5962301587301586,10.729166666666666,22.863450015767896,4.34235745088644,17.348411934552455,2.9321980447808262,55.68998562529948,2.6334841628959276,1.2074748442740777,5.987525987525988,-2022.0,-1.2662068965517241,15.0,66.0625,24.0,9298,-918.0,-3367,100.0,23.378212974296208,9.022556390977442,37.683004455760674,21.00990590185301,19.1132948748284,19.181226820701692,31.129160252040357
TVSMOTOR,2020.0,3.4325428404689906,12.011247281022866,19.70758452634785,3.3572021585720218,15.222214751563234,3.5306122448979593,60.14425072644251,2.0116959064327484,0.9780510585305106,4.945945945945946,-717.0,0.5765069551777434,13.0,68.39583333333333,27.0,11591,373.0,-3811,100.0,-6.502976190476195,-10.758620689655174,4.669440591770679,14.785907770291695,8.325033690406602,12.9437128647647,14.552899791135477
TVSMOTOR,2021.0,3.1306317903300553,11.49271407239586,15.88711784687745,2.780699748456437,13.94477071098338,3.182388293702639,55.700891836268006,1.9330306469920544,0.8882231877429683,4.601042407012557,269.0,1.893092105263158,13.0,79.72916666666667,28.0,12179,1151.0,-4221,100.0,3.0346437476789223,-6.02782071097373,-1.4134275618374548,5.926960825407179,-2.9428998718965427,11.288109784327238,7.223321748104405
TVSMOTOR,2022.0,3.0014370765756517,11.311845616916443,16.613636363636363,2.715554069616256,13.620408365056608,3.5970454545454547,58.79490322820313,2.1351063829787233,0.9047512909097664,4.076150627615063,-3046.0,-2.1545827633378933,16.0,91.66666666666667,24.0,15827,-1575.0,-5975,100.0,25.405488903763974,20.230263157894733,23.431899641577058,6.503987667929678,0.27510454981212185,14.338662531121994,7.507786190936239
TVSMOTOR,2023.0,4.093951335460061,12.594608119096767,23.77838328792007,3.737330478229836,14.443527850507515,4.064668483197093,63.885795860099925,2.415204678362573,0.9128907922912206,5.562630480167015,-5713.0,-3.3651642475171886,28.0,114.6875,18.0,22376,-4405.0,-5748,100.0,31.2831040854034,79.06976744186048,46.17059891107078,19.26221894569402,26.477067834219813,14.369173773190113,14.504775670698656
TVSMOTOR,2024.0,4.544641716694342,14.050325712096054,26.223466981132077,4.233295259851514,16.773918082283693,3.833431603773585,61.88368551304016,2.4019709543568464,0.931491528650295,6.6448820234255646,-2254.0,-0.7043282743114109,36.0,141.33333333333334,23.0,26006,-1253.0,-5891,100.0,22.42759742290612,35.90527119938884,36.57809783958281,26.31887127852206,43.02900681569186,14.192387704277065,19.665122106676503
TVSMOTOR,2024.0,4.544641716694342,14.050325712096054,22.925257731958762,3.9580830329729007,24.57771025113951,1.8838917525773196,32.52569750367107,2.4019709543568464,0.8709340097005295,5.713764413954167,-2254.0,-0.7043282743114109,36.0,161.66666666666666,23.0,14619,-1253.0,-6851,100.0,0.0,0.0,0.0,17.13752794572394,34.50946862910753,15.738432601268638,22.42055201728266
ULTRACEMCO,2013.0,13.10324656332261,23.588768645802865,17.650535163175523,9.086606720302887,21.43806485911749,0.4821065073215576,24.819146778446353,16.345238095238095,0.6934622405516868,1.3630564784053156,-744.0,1.3459821428571428,98.0,55.58029197080292,9.0,7342,3618.0,-15050,100.0,,,,,,,
ULTRACEMCO,2014.0,10.675349734684032,19.46454413892909,12.879757886159934,6.875873854279944,16.459982051072856,0.4267256431148877,22.78079850862203,8.916897506925208,0.6440888612707784,1.145303867403315,1113.0,1.561229100768188,80.0,62.70802919708029,11.0,7332,3455.0,-18100,100.0,1.0529394559812832,-17.671130952380953,-16.615003099814007,,,,
ULTRACEMCO,2015.0,9.019136702994937,18.986527074573072,11.039336169318839,5.523874595958269,15.327329407689644,0.5162018801533533,25.82976375055843,6.086882453151619,0.6124615667621476,0.9984149423810136,2046.0,1.9933396764985727,76.0,69.49270072992701,12.0,9829,4190.0,-23343,100.0,12.426435118186197,-5.015815634884769,9.66542750929369,,,,
ULTRACEMCO,2016.0,9.859658887607841,19.484753309744367,11.300979722032354,6.0204403660816155,15.05128677599656,0.4837548416495785,25.77136892190421,7.044169611307421,0.6106134537421407,0.9938361847564108,853.0,1.825,90.0,80.0912408759124,11.0,10616,4526.0,-25309,100.0,7.924997854629701,17.982873453853475,10.757062146892649,7.031878208045295,-2.6489129180985893,,
ULTRACEMCO,2017.0,10.695566502463054,20.53990147783251,11.126598884880288,6.429908313392878,15.858333840443011,0.3474089865529682,20.076287047786018,7.05,0.6011751048354617,0.9795784434836319,2504.0,1.844141488577745,99.0,88.69818181818182,10.0,8474,5005.0,-25904,100.0,0.8825984971971623,9.435483870967731,6.3456437461742565,6.971704577836202,7.0391889669969565,,
ULTRACEMCO,2018.0,7.179056780399626,19.836017947641952,8.429990144795694,3.892126494111059,13.39918449227012,0.7383822303085437,34.09110796100873,3.6663974151857834,0.542150119878896,0.7800327332242226,5754.0,1.7482014388489209,81.0,95.93454545454546,13.0,19480,3888.0,-39715,100.0,22.0847290640394,-18.0545320560059,17.90099769762088,9.951177365161756,1.8983981857512378,8.593394456772563,-3.7188866290975175
ULTRACEMCO,2019.0,5.788432781824321,17.719839853359705,7.110900417765399,3.136229990199281,12.434207186013845,0.7507036828538414,33.109441359033,2.9505061867266593,0.5418098660568441,0.7319622208491482,7121.0,2.4816666666666665,88.0,122.7309090909091,13.0,25337,5956.0,-56645,100.0,33.839052261209204,7.913669064748197,19.560618388934103,18.12817256145285,-1.0870426164858005,14.870943725647257,1.6356257924207807
ULTRACEMCO,2020.0,13.5540890879095,21.791185481970306,14.729535908206126,7.260080288837832,14.897765174097287,0.5895656182768159,29.059257202009746,3.6019076305220885,0.5356376398111445,0.74241920526325,4780.0,1.560076508433316,199.0,135.10034602076124,7.0,23019,8972.0,-57151,100.0,2.3346678886691397,139.62500000000003,25.84728460596162,18.692240239950664,28.443217103482745,12.730402575813947,22.298781818613065
ULTRACEMCO,2021.0,12.212136117694406,25.86415060591155,12.364459535936616,6.338191607872261,17.55546787264394,0.49165817770232034,25.203072781284813,6.384253028263795,0.5190076123282584,0.8071536851223562,3644.0,2.288538996704504,189.0,152.85467128027682,20.0,21719,12500.0,-55412,100.0,5.4112656139523985,-5.02521300643366,25.113562621674234,13.022320994473358,34.91874857994872,12.200309196155557,17.10623081780229
ULTRACEMCO,2022.0,13.94323085990228,21.890150002851765,14.54120072963756,8.750641323931225,18.650986490426668,0.22402648901578237,13.481523904976674,10.02010582010582,0.6275906503919533,0.9479346885813149,11540.0,1.2657485683119716,254.0,174.5190311418685,15.0,11299,9283.0,-55488,100.0,17.602736663238396,34.27316001464664,-0.4668049792531104,8.25361634512134,45.11419198616045,15.694919255660356,21.9961744940381
ULTRACEMCO,2023.0,8.021821631878558,16.793168880455408,9.3382420616659,5.551543007222587,16.243002661282922,0.20355269213069488,12.101116217990809,10.01093560145808,0.6920551543007223,1.0614478255761257,1881.0,1.787699586043761,175.0,187.9757785467128,22.0,11058,9069.0,-59579,100.0,20.230422631608967,-30.82901554404145,-7.764460656591976,14.228097395396077,-4.095165938003975,15.34131363243958,17.930466334523064
ULTRACEMCO,2024.0,9.877587860326056,18.28989676764258,11.629142591485687,6.948619502564561,18.10554237051515,0.1893305439330544,11.3128366915682,10.733471074380166,0.7034733176582636,1.1277076242883044,2109.0,1.5559680182752713,243.0,208.40138408304497,29.0,11403,10898.0,-62878,100.0,12.12523719165086,38.06426177804061,22.118644067796602,16.60353732306259,8.642098869214877,11.329176790681373,23.887354515179137
ULTRACEMCO,2024.0,9.877587860326056,18.28989676764258,11.413672288763953,6.508628300080847,16.557086136679903,0.27644422716532224,15.76418767598108,10.733471074380166,0.6589289199059576,1.0421210428852767,2109.0,1.5559680182752713,243.0,212.3356401384083,29.0,16964,10898.0,-68042,100.0,0.0,0.0,0.0,10.468701591384466,-1.5229393507309008,10.816502923548832,4.020887292466435
UNIONBANK,2013.0,8.52636179427073,1.2912710079860146,12.391015647554708,0.6858158204223552,0.10658917906654117,16.605404469080202,91.90730940328271,1.1728022759601706,0.0804347548192463,10.136528393072895,-4588.0,-1.978098788443616,36.0,29.01005025125628,22.0,287589,-4245.0,-2483,100.0,,,,,,,
UNIONBANK,2014.0,5.739266516976254,-3.0686534666938834,9.053343350864013,0.47519386614011316,-0.26091006123576493,17.552753032091875,92.13127406602013,1.0950295802860204,0.082796967998355,11.214803510110645,2207.0,1.5234143449911084,27.0,29.57777777777778,15.0,327078,2570.0,-2621,100.0,16.786523103818183,-21.388630009319666,-377.53846153846155,,,,
UNIONBANK,2015.0,5.506155950752394,-3.025121253575426,8.899944720840242,0.461719756182769,-0.2611954321670362,17.72038795919393,91.93150592075419,1.1167089678510997,0.08385519050176501,11.956877323420075,-3885.0,-2.0141163184641444,28.0,31.287735849056602,22.0,352618,-3567.0,-2690,100.0,9.42369190991359,4.9792531120331995,7.8713968957871305,,,,
UNIONBANK,2016.0,4.168213887857409,-5.966084911498948,5.844324887191947,0.33066169160335324,-0.4846620060683303,16.259718847622352,91.99464853387012,1.0735749560559136,0.07932934837308066,8.204112718964204,72.0,0.060133630289532294,20.0,33.548762736535664,10.0,374754,81.0,-3939,100.0,0.47257803755751393,-23.941276115189158,98.15005138746147,8.688571182809746,-14.37919776442288,,
UNIONBANK,2017.0,1.7460462565133925,-14.717981533961058,2.3782841489229236,0.1257458616883302,-1.0914908906836847,17.366870045241356,91.82300776200894,1.015102435741029,0.07201748591668294,8.423254620123203,-6904.0,-11.56020942408377,8.0,35.069868995633186,0.0,418420,-6624.0,-3896,100.0,1.5503156331229118,-57.46102449888642,150.5186721991701,3.7401159508085646,-30.22821297485865,,
UNIONBANK,2018.0,-15.816945860645786,-35.506190823015295,-20.639949310945667,-1.0612477602215344,-2.431320393998587,18.05674798035799,92.84268610522886,0.718503685399003,0.0670956181788565,8.617154811715482,5782.0,-1.169800460475825,-45.0,21.60136869118905,0.0,455969,6097.0,-3824,100.0,0.41137215467592636,-1009.5986038394415,142.23602484472048,0.8100681883976835,,5.536615780456833,
UNIONBANK,2019.0,-8.515474733344991,-25.065570904004197,-10.888358920852587,-0.5860632474963947,-1.7638843600612777,17.17021910866001,92.41828308740205,0.8354117843990626,0.06882332058381688,9.16751269035533,-8075.0,2.6618754277891856,-17.0,15.221781055019852,0.0,460780,-7778.0,-3743,100.0,4.133284777858703,-43.93706830391404,-26.48717948717949,2.019826941026226,,3.1436584221808506,
UNIONBANK,2020.0,-8.327329971450679,-25.408895648229674,-9.182112385995882,-0.5618270811093969,-1.7663315650851354,14.861724036481318,90.93462032118292,0.8393389325386075,0.06746785380614896,7.916983523447402,-81.0,0.024671579621916052,-9.0,9.92988606485539,0.0,505150,-77.0,-4734,100.0,9.223640496590324,6.8104038329910965,10.719683757702603,4.527293601505411,,3.1059167954082145,
UNIONBANK,2021.0,4.130657471397036,-15.97293358918498,4.4224412246285025,0.26451042474110226,-1.0621559338164892,15.100497389477587,90.31751413786509,1.05275208560029,0.06403591354953034,9.490757223059017,19926.0,7.169752008382815,4.0,10.10426096457,0.0,977576,20527.0,-7303,100.0,84.9328957549561,-191.73341877603335,16.25538170744514,28.126843941749247,,16.486853135582002,16.276178640938753
UNIONBANK,2022.0,7.71654697347208,-6.174703209731789,7.430039090614018,0.44104120908117667,-0.3642969924096867,15.32031724079536,90.94018425721625,1.2132012544178405,0.05715525488244765,9.51471203458374,35781.0,6.901994301994302,8.0,10.367373811265544,25.0,1085613,36339.0,-7171,100.0,-1.5596369984562375,83.89800908138317,-61.945623701562646,25.748073847125696,,15.764472945062558,55.82916757413889
UNIONBANK,2023.0,10.48753742468859,-3.725835664034104,10.801482158266078,0.6606864401714742,-0.2435053170159003,14.758882797827521,90.27459003987249,1.2528886390606457,0.06299729034731832,9.19589848175844,3495.0,0.7114661654135338,12.0,11.529480614484273,24.0,1163059,6056.0,-8826,100.0,18.955005129708336,61.67141500474833,-28.22216947543318,29.376887512379124,,19.755443231769632,
UNIONBANK,2024.0,13.745317605802185,4.572806248505619,14.136560175413432,0.9840969589071581,0.3402104264489518,12.823705403799257,89.27044014390911,1.3394356416892872,0.07159506874484663,10.882046834345186,18536.0,1.4445169239689788,18.0,12.784647629028033,20.0,1251568,19930.0,-9224,100.0,23.672116604856885,62.08881578947369,-251.78571428571428,13.13819352004819,68.90964095388033,23.945769366938308,
UNITDSPR,2013.0,-1.0117556369242628,10.512622856041627,-2.193440568205557,-0.6370199599587454,8.372985418265541,1.721746396490495,50.00303342838076,1.0741116751269035,0.6296183947097009,1.3188461049688651,848.0,-18.752380952380953,-2.0,37.992063492063494,-31.0,8242,1969.0,-7869,100.0,,,,,,,
UNITDSPR,2014.0,-42.719832508564906,-32.0517700799391,-148.05408970976254,-30.21268003769013,-29.700176366843035,2.7397757255936677,55.90927446493471,-2.18442932728647,0.7072284291290887,1.8435087719298247,-804.0,0.12296725328580976,-62.0,20.910344827586208,0.0,8307,-552.0,-5700,100.0,1.2526498361919547,4175.238095238095,-408.7076076993584,,,,
UNITDSPR,2015.0,-18.22995461422088,-3.9550464663929112,-255.99393019726858,-21.384205856255544,-6.481317513724101,7.56752655538695,63.21460261123083,-1.3799126637554586,1.1730257320319433,4.8172826652785,3659.0,0.11618257261410789,-23.0,4.544827586206897,0.0,4987,-196.0,-1921,100.0,-11.933764750666153,-62.41924704834039,-89.13301662707839,,,,
UNITDSPR,2016.0,1.683343143025309,3.9199529134785167,8.751529987760097,1.7168927842478088,5.66615620214395,2.5960832313341493,50.93048385160284,1.8008752735229758,1.0199303637891703,4.501854795972443,1016.0,1.979020979020979,2.0,11.26896551724138,0.0,4242,283.0,-1887,100.0,-8.201858655716443,-108.47658565500889,-190.98360655737704,-6.455863094246849,,,
UNITDSPR,2017.0,1.0546609208437288,11.2383760489907,5.2100840336134455,1.0454136690647482,16.71445437679204,2.3215686274509806,46.58273381294964,1.4346666666666668,0.9912320143884892,4.5998956703182055,420.0,6.956989247311828,1.0,12.310344827586206,0.0,4144,647.0,-1917,100.0,3.8022366097704596,-34.96503496503497,197.5975975975976,-5.677201660487341,,,
UNITDSPR,2018.0,7.58933767896636,14.072866953788848,26.953286482017365,7.304503697064754,20.702054794520546,1.4142207523770154,38.326237956531486,4.280575539568345,0.9624691911270445,4.796761585706309,1029.0,1.4187116564417177,9.0,16.682758620689654,0.0,3421,925.0,-1791,100.0,-2.574279882059427,601.0752688172043,21.99798183652877,-2.447573903672029,,-3.708930474264216,
UNITDSPR,2019.0,7.322556471469864,14.923455732790922,22.135922330097088,7.509056976616534,23.334449280214262,0.933009708737864,31.650016467230213,5.270042194092827,1.0254693160610386,5.073872895165671,882.0,1.3859649122807018,10.0,21.310344827586206,0.0,2883,948.0,-1841,100.0,8.73006634850424,4.907975460122693,15.301902398676592,3.215121854442793,68.48969912071338,-2.3269697664245026,
UNITDSPR,2020.0,6.659517426273459,16.82573726541555,16.65772532188841,7.021709633649932,24.912670689107653,0.6893776824034334,29.05924920850294,6.471698113207547,1.0543871551334238,4.767382413087935,589.0,1.2608695652173914,9.0,25.71034482758621,0.0,2570,783.0,-1956,100.0,-0.17128787067766105,-9.210526315789469,12.553802008608317,1.8809334364648267,88.30833809323696,0.1529783936474738,
UNITDSPR,2021.0,4.452096913048825,12.925839380150043,8.788540907987375,4.253319233932558,20.38006592980415,0.251760135955329,12.18423217013277,3.872340425531915,0.9553518975443543,4.295298468040148,1719.0,5.0220994475138125,5.0,28.406896551724138,0.0,1037,1818.0,-1893,100.0,-12.804289544235925,-41.706924315619965,-33.01465901848311,-1.817651976136403,-17.809745556292732,-0.8720521319704244,20.413313294963963
UNITDSPR,2022.0,8.350494233937397,16.42298187808896,16.37391479911165,9.150400541577344,28.69221082928584,0.12214819301433474,6.826131106848697,13.352272727272727,1.0957914927225545,5.235579514824797,664.0,1.2046855733662145,11.0,34.15862068965517,0.0,605,977.0,-1855,100.0,19.444102816381758,124.03314917127074,51.76022835394862,1.3067618530007374,5.841239571365331,1.9501140254200244,54.20824021347388
UNITDSPR,2023.0,10.610629476064833,13.352808141726346,18.76979496582764,11.589131329765335,22.921384665156907,0.030505084180696782,1.8834911486208317,13.298076923076923,1.0922190201729107,6.917861799217731,560.0,0.5461811722912966,16.0,41.37241379310345,0.0,183,615.0,-1534,100.0,9.26688632619439,38.840937114673245,-11.159874608150467,4.403758549931669,21.940769171144492,4.315946864267861,11.547067887011785
UNITDSPR,2024.0,12.437063863616288,17.66628389718223,19.77250386181716,12.598425196850393,27.078256160303276,0.03721387445583486,2.3711524695776665,25.43421052631579,1.0129742304939156,7.2570512820512825,1344.0,0.7940340909090909,19.0,49.110344827586204,46.0,265,1118.0,-1560,100.0,6.681115718055031,25.044404973357025,41.14326040931546,11.664110250021874,57.26474005381643,3.919795554934913,15.533867236488664
UNITDSPR,2024.0,12.437063863616288,17.66628389718223,18.448637316561843,11.77749895441238,24.539877300613497,0.06787211740041929,4.332915098285237,25.43421052631579,0.9469677959012965,6.296440489432703,1344.0,0.7940340909090909,19.0,52.63448275862069,46.0,518,1118.0,-1798,100.0,0.0,0.0,0.0,5.24271393699014,20.187859381988925,3.955432589460961,17.788315494227902
VEDL,2013.0,82.93925063659513,16.915241906147692,13.047210300429185,9.897122021096497,2.0838935197633774,0.2769098712446352,21.005339236879802,0.6336842105263157,0.11932977384208013,0.664651837524178,-289.0,0.009649122807017544,26.0,200.86206896551724,0.0,4839,22.0,-4136,100.0,,,,,,,
VEDL,2014.0,17.2647841335107,29.62117547466441,15.643491124260356,5.333924901924155,12.759238157252156,1.1035229015998247,37.62656454324678,2.863564978405968,0.30894825331589765,0.7585803566309272,12711.0,1.3659924700113826,21.0,246.64864864864865,15.0,80566,15601.0,-87205,100.0,2306.4023281193163,400.92105263157896,4113.978494623656,,,,
VEDL,2015.0,-15.423958757292091,30.001356668023334,-21.102552204176334,-5.974847725206405,16.800504455772753,1.4431925754060324,40.86167299940614,-0.7538434352359074,0.38737446197991393,1.0513778741370456,13672.0,-1.5661008004222008,-53.0,182.01013513513513,-8.0,77752,17805.0,-70108,100.0,11.42520256379247,-199.54469836266526,12.855320234753753,,,,
VEDL,2016.0,-27.795586816470074,-28.755718776259688,-40.55950407593269,-9.304094176476717,-16.526109625548887,1.539044937441813,35.30471924158767,-3.9394254067151264,0.3347327846650693,0.9558388243518615,12509.0,-1.140801701937073,-41.0,148.78040540540542,-8.0,67778,20377.0,-67231,100.0,-12.817799484466153,57.111443398715814,-183.5624491272497,185.93007135785794,,,
VEDL,2017.0,15.667705088265835,29.596400138456215,18.72734795200662,5.745737410254588,16.19467551555374,1.1844269755895738,36.33940267890691,3.331682322801025,0.36672488905588335,0.9409687841992809,20764.0,1.5980028278543654,23.0,203.45117845117846,83.0,71569,18083.0,-76756,100.0,12.391459960785545,-163.3523681558616,-215.67725526273068,2.9709826436481235,-0.3073969859711645,,
VEDL,2018.0,14.904317157599111,27.07965950406026,21.6262319939348,7.591189075606956,20.479785298548624,0.9186094263330806,32.24481196671232,4.828051643192488,0.5093282030526648,1.1443341347052156,32846.0,1.268331872626351,28.0,170.19354838709677,76.0,58159,17366.0,-80279,100.0,27.194184839044656,20.996818663838823,16.378181137724557,7.61582313828979,,101.74185666916911,43.12200402720605
VEDL,2019.0,10.535807404832262,25.17273596384495,15.567362794356068,4.883969219612426,18.028679691572716,1.0630688476170602,33.35179887998066,3.3835471963438213,0.4635590830345272,0.9548844881064763,13160.0,2.4493710043307897,19.0,167.46505376344086,99.0,66226,23754.0,-96397,100.0,0.1981146452441518,-29.170318434122112,-6.857740081199504,12.724946959136773,,6.8302575856560965,-3.217773342809549
VEDL,2020.0,-5.617724726751691,24.563335583265243,-8.683078612610963,-2.6248084232890885,18.224069160619212,1.0833165553216801,32.74758350531435,-0.6594333936106088,0.4672369243707708,0.9498672725636642,13375.0,-4.068296795952782,-18.0,146.86827956989248,-22.0,59187,19300.0,-88904,100.0,-8.257648183556409,-148.9173025366055,-10.478615510767774,5.349438468631784,,2.7570346394068856,
VEDL,2021.0,17.07774281137456,31.035775553561084,24.136934390956675,8.192004185377339,22.77505898438477,0.9259931275891968,31.427933033962592,4.303838771593091,0.4796889305488948,0.9729302531225821,17302.0,1.5952634379989357,31.0,167.41397849462365,30.0,57669,23980.0,-90470,100.0,4.232240340094973,-416.8634064080944,31.697440100274797,-1.4150780092516357,3.1612570593021694,6.494311982679424,
VEDL,2022.0,17.863062411475756,33.77030407136184,36.26324885673646,12.224989301200843,37.677992031336686,0.8195249529694263,27.627650853068108,7.871794871794871,0.6843725347646522,1.420109986519162,32720.0,1.4746098692534795,51.0,175.76075268817203,89.0,53583,34963.0,-93466,100.0,50.795832812624255,57.73017562533263,64.0822900651585,12.976234057497727,34.715155909592774,12.942557443960201,15.943851521684005
VEDL,2023.0,9.845358025361826,23.3734759822956,36.78816934276945,7.655115990604629,28.751920635981026,2.037617634375872,42.40004222638621,4.25718875502008,0.7775355625346388,1.5385611631016043,32397.0,2.279873129697304,28.0,105.9758064516129,357.0,80329,33065.0,-95744,100.0,10.981526685350929,-38.831716575284695,-23.186239514545782,20.378068072400303,,9.904204025000984,1.1575241360980204
VEDL,2024.0,5.245360996889937,24.568800573309122,24.539418006640194,4.0075909801294936,29.81727294220961,2.8548271596901245,46.62286437236203,3.1513998943475965,0.7640257710585909,1.4523306690379232,21978.0,4.729274439580847,11.0,82.58602150537635,259.0,87706,35654.0,-98963,100.0,-2.430960979715968,-48.0176515203751,2.5587406697452852,17.75626461493056,-20.549068731046795,9.32130335133765,-4.911868676433484
VEDL,2024.0,5.245360996889937,24.568800573309122,20.11043533930858,3.674424271962958,30.105033419724457,2.128894579598805,38.897526501766784,3.1513998943475965,0.7005093213110759,1.4272932203894775,21978.0,4.729274439580847,11.0,95.8772378516624,259.0,79808,35654.0,-100699,100.0,0.0,0.0,0.0,2.688286580355803,-31.746111847791646,11.222032438955033,
WIPRO,2013.0,16.516163505209725,20.456852791878173,23.272097575666315,14.172073084065016,23.241061130334487,0.240212317422075,14.628275371953874,28.228373702422147,0.858072946516586,3.7444977991196478,1858.0,1.034293109026205,5.0,53.99186991869919,28.0,6381,6394.0,-9996,100.0,,,,,,,
WIPRO,2014.0,18.40226602800295,22.18819086219602,24.871611316878834,16.13267922395171,25.839412143316885,0.16057144635687384,10.41527870308683,27.407310704960835,0.876668079865948,4.077753779697624,6506.0,0.8497059191590539,6.0,65.17038539553752,25.0,5159,6790.0,-10649,100.0,16.01389259951911,29.26237463604011,25.832571503199688,,,,
WIPRO,2015.0,18.559775084662732,21.935635023748162,23.492936482260326,14.934018851756642,22.89531600826979,0.2127412919227866,13.523564695801198,33.06857142857143,0.8046443873179092,4.332472086370767,5303.0,0.8997016295616249,7.0,75.08502024291498,34.0,7891,7840.0,-10837,100.0,8.122236551215911,9.04767863846827,6.891541255838085,,,,
WIPRO,2016.0,17.47911950667395,21.06783233159004,19.410553689457146,12.511523955859758,18.402481846384617,0.2713620110521183,17.491269730409275,21.59856630824373,0.7157982958513759,2.9656808843104345,-5874.0,0.8805403594953668,7.0,93.41093117408907,17.0,12522,7887.0,-17279,100.0,9.143575216715295,2.7886160201973764,4.825711234100405,11.038707641336654,13.15607056637802,,
WIPRO,2017.0,15.362141105179628,20.41732794690521,16.485388039481325,10.827232052064268,17.176192137882904,0.27561447648538806,18.101738865161686,19.584175084175083,0.7047996745983324,2.7882932716483957,-2493.0,1.0891054238084057,7.0,106.31687242798354,6.0,14241,9277.0,-19886,100.0,8.203887284365008,-4.901194596405045,4.862912189699897,8.488911866105408,2.1516772242239357,,
WIPRO,2018.0,14.687907207223741,19.06326279663039,16.69831201619129,10.615325436723216,16.79983179142136,0.29004527719239676,18.438540409332678,18.567753001715264,0.7227255242668224,3.005847630606278,12018.0,1.052480319880045,7.0,52.95801104972376,6.0,13901,8423.0,-18127,100.0,-1.7331553888327855,-6.046020192533463,-8.250154579984104,5.08708613134583,-2.797279422872956,7.798970660561544,5.299125211580291
WIPRO,2019.0,15.27982514105627,19.6767142784527,15.98284387572444,10.91952631196571,17.497626904126925,0.176293355546497,12.044414307509747,16.639566395663955,0.7146368633908895,3.37927283137704,16697.0,1.2898647150144156,7.0,46.74647887323944,7.0,9947,11632.0,-17465,100.0,8.31758034026464,12.68274397101088,11.803215557908931,4.821316051672309,0.22649713496134538,6.329165183804464,2.447607372168892
WIPRO,2020.0,15.983512708953516,20.18711766822598,17.663858862658614,12.064197530864197,18.974264366755833,0.17577094103611582,12.004938271604939,17.714870395634378,0.7547901234567901,2.771190281932735,13657.0,1.0298812934916086,9.0,48.40069991251094,6.0,9724,10064.0,-22062,100.0,3.5903692031379775,8.361055666444894,6.277447687935944,3.3098618017272763,4.684393402678055,5.422491572990795,2.3182681317617693
WIPRO,2021.0,17.547428755953824,23.849196738516188,19.795632137848127,13.162803090860645,22.60186984530167,0.190360831314548,12.657752585810139,28.31434184675835,0.7501271709904803,2.6881510416666665,15440.0,1.3576555023923444,10.0,50.09215328467153,5.0,10451,14755.0,-23040,100.0,1.3036082305603713,11.215718379042162,19.680764867930645,4.363286837226377,10.738576777152332,3.862464582829861,3.9435178903299617
WIPRO,2022.0,15.436503933830947,21.03590881581602,18.719324801614604,11.41261792013125,20.10217359872765,0.2689937770438665,16.399753905813043,29.460526315789473,0.7393265968156904,2.087707291392472,-11241.0,0.9050069427427918,11.0,59.6742700729927,27.0,17593,11080.0,-37990,100.0,28.056833777347222,12.651821862348168,12.951052738474033,10.352544522746898,10.72844631866976,7.421349294259794,7.525146453068232
WIPRO,2023.0,12.560781540093712,18.609097338873664,14.634083535046608,9.720844309123876,17.700110369474956,0.2248931348818046,14.938763641339673,15.648809523809524,0.7739044165440799,2.0217619590231695,4891.0,1.1490409994721098,10.0,70.73588342440802,5.0,17467,13060.0,-44757,100.0,14.091184183982254,-7.163276974597732,0.9290338048429714,13.961962795018001,5.165848736245859,10.677570810288572,7.268193553736402
WIPRO,2024.0,12.379679144385026,18.663101604278076,14.908832329303797,9.69557364604874,18.40919580650124,0.2209088591630553,14.366236508476646,12.729880478087649,0.7831845666570688,2.0573943339140004,18766.0,1.58585313174946,11.0,71.32344497607656,5.0,16465,17622.0,-43628,100.0,-0.8045265670586166,-2.2347351750835798,-0.5166577587742749,13.165896258558462,0.7428426173168301,8.747228996316725,4.26448450032566
WIPRO,2024.0,12.379679144385026,18.663101604278076,13.655131734172238,8.8505161208105,16.642327064643997,0.2369494691309477,15.357780043328662,12.729880478087649,0.7149229004715177,2.0645873585426444,18766.0,1.58585313174946,11.0,77.79732313575526,5.0,19282,17622.0,-43476,100.0,0.0,0.0,0.0,4.211260130481187,-3.1793201666274085,7.982735030804555,2.603400596150096
ZOMATO,2018.0,-22.96137339055794,-19.742489270386265,-10.328185328185329,-7.787481804949054,-7.528641571194762,0.17953667953667954,13.537117903930133,-16.833333333333332,0.33915574963609896,2.4526315789473685,,,-3070.0,,0.0,186,,-190,100.0,,,,,,,
ZOMATO,2019.0,-76.92307692307693,-170.83015993907082,-42.869269949066215,-29.592733665397013,-82.95118343195266,0.14770797962648557,10.196308233225901,-111.22222222222223,0.38470553765016113,3.3753213367609254,,,-28574.0,,0.0,348,,-389,100.0,181.75965665236055,843.9252336448599,2338.0434782608695,,,,
ZOMATO,2020.0,-91.59309021113243,-88.48368522072937,-522.1006564551423,-82.27586206896552,-294.3805874840358,0.7133479212253829,11.241379310344827,-182.53846153846155,0.8982758620689655,1.6373350094280328,-404.0,0.8985750209555742,-70097.0,,0.0,326,-2144.0,-1591,100.0,98.4006092916984,136.23762376237622,2.764155149353553,,,,
ZOMATO,2021.0,-40.92276830491474,-23.42026078234704,-10.675039246467819,-9.375,-5.714635340186001,0.06894296180010466,6.0546875,-80.5,0.22909007352941177,1.2956465237166992,-6263.0,1.2475490196078431,-23124.0,,0.0,527,-1018.0,-1539,100.0,-23.45489443378119,-65.8005029337804,-79.73969631236443,62.347801726280494,,,
ZOMATO,2022.0,-29.150763358778626,-44.155534351145036,-7.403817025143895,-7.05257690309921,-11.166747104247104,0.004241139048773099,0.40399376695330985,-100.66666666666667,0.24193455300975356,2.9857549857549857,-8664.0,0.5671031096563012,-2.0,21.603403141361255,0.0,70,-693.0,-1404,100.0,110.23069207622869,49.754901960784316,296.35974304068526,47.24894186860358,,,
ZOMATO,2023.0,-13.7166266421811,-17.106936007910722,-4.9897225077081195,-4.4955784990045835,-6.065007261982271,0.02605344295991778,2.3473308949488403,-19.714285714285715,0.3277466549377286,1.115857503152585,-47.0,0.8692070030895983,-1.0,23.27751196172249,0.0,507,-844.0,-6344,100.0,68.8692748091603,-20.540098199672663,-34.57590491626148,39.547286132601855,,72.31266492619419,
ZOMATO,2024.0,2.8974739970282317,0.3549612019151395,1.719492480282173,1.5028258263401266,0.20319440506568376,0.03669230392397002,3.206884740537763,5.041666666666667,0.5186675800650796,1.8787220843672456,298.0,1.8404558404558404,0.0,23.517281105990783,0.0,749,646.0,-6448,100.0,71.12586523520272,-136.1483007209063,-103.55078447563997,82.46831928496725,,55.956890893735014,
ZOMATO,2024.0,2.8974739970282317,0.3549612019151395,1.6464959189417392,1.3925808371354889,0.19130666903946256,0.054367201426024955,4.59829398928784,5.041666666666667,0.48061892481650464,1.4438617401668654,298.0,1.8404558404558404,0.0,24.44724770642202,0.0,1159,646.0,-8390,100.0,0.0,0.0,0.0,42.436764002962235,,35.98655392622882,
ZYDUSLIFE,2013.0,10.85246932997798,17.772884554891473,23.4375,9.35720097640358,19.27669737291027,0.9911684782608695,39.57146731760239,5.78698224852071,0.8622186059126661,2.101123595505618,-79.0,0.8739130434782608,6.0,28.862745098039216,24.0,2918,603.0,-3026,100.0,,,,,,,
ZYDUSLIFE,2014.0,11.572535991140642,16.65282392026578,24.30939226519337,10.46831955922865,19.596025411304772,0.7851119511485897,33.809166040571,11.466666666666667,0.9045830202854996,2.3124199743918052,465.0,1.0801435406698565,8.0,33.71568627450981,23.0,2700,903.0,-3124,100.0,13.620635419943383,21.15942028985507,6.460176991150446,,,,
ZYDUSLIFE,2015.0,13.732516472084152,20.298231418333142,27.946365561044463,13.13142478169559,25.43821526872374,0.6236179722418255,29.302531225820715,22.264705882352942,0.9562285840610147,2.580847255369928,529.0,0.8367003367003367,11.0,41.6764705882353,21.0,2651,994.0,-3352,100.0,19.753599114064222,42.10526315789473,45.96841230257689,,,,
ZYDUSLIFE,2016.0,20.83377532619073,24.73745624270712,34.462186348482184,18.97584541062802,28.641611397690987,0.4284962274083173,23.594202898550726,40.60377358490566,0.9108212560386474,2.5152081109925293,1034.0,0.9643584521384929,19.0,55.872549019607845,17.0,2442,1894.0,-3748,100.0,8.9700612645937,65.31986531986531,32.8018223234624,14.029615829087216,41.71988706316756,,
ZYDUSLIFE,2017.0,16.179607508532424,20.285836177474405,21.79597701149425,10.043697033898304,15.63244842607052,0.7481321839080459,34.474311440677965,36.82222222222222,0.6207627118644068,1.629192006950478,-1560.0,0.8648648648648649,15.0,68.23529411764706,22.0,5207,1312.0,-5755,100.0,-0.5409992574520017,-22.759674134419548,-18.439108061749575,9.080374535988756,21.971894032464135,,
ZYDUSLIFE,2018.0,15.203695926081478,23.77992440151197,20.699908508691674,10.178260136085026,20.00565331072009,0.6183668801463861,30.40544340100095,26.406593406593405,0.6694595962436034,1.8363412000616999,-55.0,0.5077348066298343,17.0,85.72549019607843,20.0,5407,919.0,-6483,100.0,26.973122866894194,19.314436387607124,48.843322818086236,11.229767451424388,15.067862241552055,13.365726422520918,21.273495858608648
ZYDUSLIFE,2019.0,14.42351511468935,22.717605954731884,18.284228769497403,8.174422108389653,16.35677567538007,0.7605430387059503,34.00198011278034,13.278350515463918,0.5667427144763463,1.0823742190069057,-2695.0,0.6750921537651395,18.0,101.82352941176471,19.0,7899,1282.0,-12164,100.0,10.592188156236881,4.917127071823213,5.65171317555635,11.778972860955438,-1.115589895383462,12.75484769930275,17.832132484055506
ZYDUSLIFE,2020.0,8.447344418718867,19.63095488669052,11.604819277108435,5.128423563487669,15.237991504193444,0.7697349397590362,34.01627124419645,5.371345029239766,0.6071048259999148,1.1654129190515126,1928.0,2.435215946843854,11.0,101.7156862745098,30.0,7986,2932.0,-12230,100.0,8.256114233632083,-36.59820958399157,-6.452691407555999,14.98192153947464,-7.4136488659063975,10.501454517229147,0.2679207868901967
ZYDUSLIFE,2021.0,15.169397389613994,23.542071646764786,16.81804187192118,9.194193141173995,19.267045454545453,0.35467980295566504,19.389859036398065,15.660377358490566,0.6061014096360193,1.1871754718536223,2457.0,1.5075514874141875,21.0,127.37254901960785,17.0,4608,3294.0,-12133,100.0,1.0594260857363258,81.47840531561461,21.193709792709072,6.557634516296651,6.4774451840834635,8.84836780453444,2.1555559310016292
ZYDUSLIFE,2022.0,30.562541363335537,22.11780277961615,27.166303900229426,16.70646118225888,15.748550963668064,0.24830872404259074,15.270240937703495,41.031496062992126,0.5466319369076044,1.2397440105021333,1086.0,0.4556084885231702,44.0,166.65686274509804,6.0,4221,2104.0,-12188,100.0,4.90141627325742,111.35011441647595,-1.4450014744913031,4.697634908637549,34.47544433251404,10.014359114543293,24.93774685683561
ZYDUSLIFE,2023.0,12.136682717410222,22.393687996751176,11.943366065311716,8.184023159377201,20.62957618513174,0.06822333866179493,4.674908066661451,20.884615384615383,0.6743212581175182,1.496137488065272,4231.0,1.2853728489483747,19.0,173.4257425742574,31.0,1195,2689.0,-11521,100.0,14.076770350761091,-54.69900389779126,15.499700777977266,6.541416238426434,20.220463426843605,7.682828934874331,2.9382121483014334
ZYDUSLIFE,2024.0,20.32536962193687,27.543868624341332,20.035300050428642,13.778872164805438,26.094121068191733,0.0405446293494705,2.7883748352639244,60.65432098765432,0.6779149615037803,1.5804495472186286,1736.0,0.8124842688144979,38.0,196.33663366336634,8.0,804,3228.0,-12368,100.0,13.401403956604984,89.91395793499044,39.481865284974084,10.713097138388727,22.05503734065768,8.224416370673238,15.909416636626528
ZYDUSLIFE,2024.0,20.32536962193687,27.543868624341332,18.20389461626575,12.634357310945749,24.45605269134681,0.00870561282932417,0.6042103924187495,60.65432098765432,0.6216052916110157,1.3665408277404922,1736.0,0.8124842688144979,38.0,216.0891089108911,8.0,190,3228.0,-14304,100.0,0.0,0.0,0.0,8.961201343174242,-4.891015313437574,6.520884893219292,26.969209473979937
